WARNING: A restricted method in java.lang.System has been called
WARNING: java.lang.System::load has been called by org.fusesource.jansi.internal.JansiLoader in an unnamed module (file:/C:/Program%20Files/apache-maven-3.9.9/lib/jansi-2.4.1.jar)
WARNING: Use --enable-native-access=ALL-UNNAMED to avoid a warning for callers in this module
WARNING: Restricted methods will be blocked in a future release unless native access is enabled

WARNING: A terminally deprecated method in sun.misc.Unsafe has been called
WARNING: sun.misc.Unsafe::objectFieldOffset has been called by com.google.common.util.concurrent.AbstractFuture$UnsafeAtomicHelper (file:/C:/Program%20Files/apache-maven-3.9.9/lib/guava-33.2.1-jre.jar)
WARNING: Please consider reporting this to the maintainers of class com.google.common.util.concurrent.AbstractFuture$UnsafeAtomicHelper
WARNING: sun.misc.Unsafe::objectFieldOffset will be removed in a future release
WARNING: Final field _cipher in class org.sonatype.plexus.components.sec.dispatcher.DefaultSecDispatcher has been mutated reflectively by class org.eclipse.sisu.bean.BeanPropertyField in unnamed module @17c386de (file:/C:/Program%20Files/apache-maven-3.9.9/lib/org.eclipse.sisu.inject-0.9.0.M3.jar)
WARNING: Use --enable-final-field-mutation=ALL-UNNAMED to avoid a warning
WARNING: Mutating final fields will be blocked in a future release unless final field mutation is enabled
[INFO] Scanning for projects...
[INFO] 
[INFO] -------< com.webcodein.workshop.architecture:archunit-hexagonal >-------
[INFO] Building archunit-hexagonal 1.0.0-SNAPSHOT
[INFO]   from pom.xml
[INFO] --------------------------------[ jar ]---------------------------------
[INFO] 
[INFO] --- clean:3.5.0:clean (default-clean) @ archunit-hexagonal ---
[INFO] Deleting C:\Users\salaheddine.tobok\IdeaProjects\learn.webcodein.com\workshop\architecture\archunit-hexagonal-architecture-spring-boot\target
[INFO] 
[INFO] --- resources:3.3.1:resources (default-resources) @ archunit-hexagonal ---
[INFO] Copying 1 resource from src\main\resources to target\classes
[INFO] Copying 0 resource from src\main\resources to target\classes
[INFO] 
[INFO] --- compiler:3.14.1:compile (default-compile) @ archunit-hexagonal ---
[INFO] Recompiling the module because of changed source code.
[INFO] Compiling 9 source files with javac [debug parameters release 21] to target\classes
[INFO] 
[INFO] --- resources:3.3.1:testResources (default-testResources) @ archunit-hexagonal ---
[INFO] skip non existing resourceDirectory C:\Users\salaheddine.tobok\IdeaProjects\learn.webcodein.com\workshop\architecture\archunit-hexagonal-architecture-spring-boot\src\test\resources
[INFO] 
[INFO] --- compiler:3.14.1:testCompile (default-testCompile) @ archunit-hexagonal ---
[INFO] Recompiling the module because of changed dependency.
[INFO] Compiling 2 source files with javac [debug parameters release 21] to target\test-classes
[INFO] 
[INFO] --- surefire:3.5.4:test (default-test) @ archunit-hexagonal ---
[INFO] Using auto detected provider org.apache.maven.surefire.junitplatform.JUnitPlatformProvider
[INFO] 
[INFO] -------------------------------------------------------
[INFO]  T E S T S
[INFO] -------------------------------------------------------
[INFO] Running com.webcodein.workshop.architecture.hexagonal.OrderControllerIntegrationTest
23:36:35.953 [main] INFO org.springframework.test.context.support.AnnotationConfigContextLoaderUtils -- Could not detect default configuration classes for test class [com.webcodein.workshop.architecture.hexagonal.OrderControllerIntegrationTest]: OrderControllerIntegrationTest does not declare any static, non-private, non-final, nested classes annotated with @Configuration.
23:36:36.124 [main] INFO org.springframework.boot.test.context.SpringBootTestContextBootstrapper -- Found @SpringBootConfiguration com.webcodein.workshop.architecture.hexagonal.HexagonalApplication for test class com.webcodein.workshop.architecture.hexagonal.OrderControllerIntegrationTest

  .   ____          _            __ _ _
 /\\ / ___'_ __ _ _(_)_ __  __ _ \ \ \ \
( ( )\___ | '_ | '_| | '_ \/ _` | \ \ \ \
 \\/  ___)| |_)| | | | | || (_| |  ) ) ) )
  '  |____| .__|_| |_|_| |_\__, | / / / /
 =========|_|==============|___/=/_/_/_/

 :: Spring Boot ::                (v4.0.0)

2026-10-02T23:36:36.649+01:00  INFO 32244 --- [archunit-hexagonal] [           main] c.w.w.a.h.OrderControllerIntegrationTest : Starting OrderControllerIntegrationTest using Java 27 with PID 32244 (started by salaheddine.tobok in C:\Users\salaheddine.tobok\IdeaProjects\learn.webcodein.com\workshop\architecture\archunit-hexagonal-architecture-spring-boot)
2026-10-02T23:36:36.651+01:00  INFO 32244 --- [archunit-hexagonal] [           main] c.w.w.a.h.OrderControllerIntegrationTest : No active profile set, falling back to 1 default profile: "default"
2026-10-02T23:36:37.914+01:00  INFO 32244 --- [archunit-hexagonal] [           main] .s.d.r.c.RepositoryConfigurationDelegate : Bootstrapping Spring Data JPA repositories in DEFAULT mode.
2026-10-02T23:36:37.994+01:00  INFO 32244 --- [archunit-hexagonal] [           main] .s.d.r.c.RepositoryConfigurationDelegate : Finished Spring Data repository scanning in 73 ms. Found 1 JPA repository interface.
2026-10-02T23:36:38.791+01:00  INFO 32244 --- [archunit-hexagonal] [           main] o.hibernate.jpa.internal.util.LogHelper  : HHH000204: Processing PersistenceUnitInfo [name: default]
2026-10-02T23:36:38.903+01:00  INFO 32244 --- [archunit-hexagonal] [           main] org.hibernate.Version                    : HHH000412: Hibernate ORM core version 7.1.8.Final
2026-10-02T23:36:39.950+01:00  INFO 32244 --- [archunit-hexagonal] [           main] o.s.o.j.p.SpringPersistenceUnitInfo      : No LoadTimeWeaver setup: ignoring JPA class transformer
2026-10-02T23:36:40.024+01:00  INFO 32244 --- [archunit-hexagonal] [           main] com.zaxxer.hikari.HikariDataSource       : HikariPool-1 - Starting...
2026-10-02T23:36:40.270+01:00  INFO 32244 --- [archunit-hexagonal] [           main] com.zaxxer.hikari.pool.HikariPool        : HikariPool-1 - Added connection conn0: url=jdbc:h2:mem:orderdb user=SA
2026-10-02T23:36:40.272+01:00  INFO 32244 --- [archunit-hexagonal] [           main] com.zaxxer.hikari.HikariDataSource       : HikariPool-1 - Start completed.
2026-10-02T23:36:40.295+01:00  WARN 32244 --- [archunit-hexagonal] [           main] org.hibernate.orm.deprecation            : HHH90000025: H2Dialect does not need to be specified explicitly using 'hibernate.dialect' (remove the property setting and it will be selected by default)
2026-10-02T23:36:40.319+01:00  INFO 32244 --- [archunit-hexagonal] [           main] org.hibernate.orm.connections.pooling    : HHH10001005: Database info:
	Database JDBC URL [jdbc:h2:mem:orderdb]
	Database driver: H2 JDBC Driver
	Database dialect: H2Dialect
	Database version: 2.4.240
	Default catalog/schema: ORDERDB/PUBLIC
	Autocommit mode: undefined/unknown
	Isolation level: READ_COMMITTED [default READ_COMMITTED]
	JDBC fetch size: 100
	Pool: DatasourceConnectionProviderImpl
	Minimum pool size: undefined/unknown
	Maximum pool size: undefined/unknown
2026-10-02T23:36:41.609+01:00  INFO 32244 --- [archunit-hexagonal] [           main] o.h.e.t.j.p.i.JtaPlatformInitiator       : HHH000489: No JTA platform available (set 'hibernate.transaction.jta.platform' to enable JTA platform integration)
2026-10-02T23:36:41.676+01:00  INFO 32244 --- [archunit-hexagonal] [           main] j.LocalContainerEntityManagerFactoryBean : Initialized JPA EntityManagerFactory for persistence unit 'default'
2026-10-02T23:36:41.945+01:00  INFO 32244 --- [archunit-hexagonal] [           main] o.s.d.j.r.query.QueryEnhancerFactories   : Hibernate is in classpath; If applicable, HQL parser will be used.
2026-10-02T23:36:42.322+01:00  WARN 32244 --- [archunit-hexagonal] [           main] JpaBaseConfiguration$JpaWebConfiguration : spring.jpa.open-in-view is enabled by default. Therefore, database queries may be performed during view rendering. Explicitly configure spring.jpa.open-in-view to disable this warning
2026-10-02T23:36:43.134+01:00  INFO 32244 --- [archunit-hexagonal] [           main] c.w.w.a.h.OrderControllerIntegrationTest : Started OrderControllerIntegrationTest in 6.814 seconds (process running for 9.143)
Mockito is currently self-attaching to enable the inline-mock-maker. This will no longer work in future releases of the JDK. Please add Mockito as an agent to your build as described in Mockito's documentation: https://javadoc.io/doc/org.mockito/mockito-core/latest/org.mockito/org/mockito/Mockito.html#0.3
OpenJDK 64-Bit Server VM warning: Sharing is only supported for boot loader classes because bootstrap classpath has been appended
WARNING: A Java agent has been loaded dynamically (C:\Users\salaheddine.tobok\.m2\repository\net\bytebuddy\byte-buddy-agent\1.17.8\byte-buddy-agent-1.17.8.jar)
WARNING: If a serviceability tool is in use, please run with -XX:+EnableDynamicAgentLoading to hide this warning
WARNING: If a serviceability tool is not in use, please run with -Djdk.instrument.traceUsage for more information
WARNING: Dynamic loading of agents will be disallowed by default in a future release
2026-10-02T23:36:43.916+01:00  INFO 32244 --- [archunit-hexagonal] [           main] o.s.mock.web.MockServletContext          : Initializing Spring TestDispatcherServlet ''
2026-10-02T23:36:43.917+01:00  INFO 32244 --- [archunit-hexagonal] [           main] o.s.t.web.servlet.TestDispatcherServlet  : Initializing Servlet ''
2026-10-02T23:36:43.918+01:00  INFO 32244 --- [archunit-hexagonal] [           main] o.s.t.web.servlet.TestDispatcherServlet  : Completed initialization in 0 ms
[INFO] Tests run: 1, Failures: 0, Errors: 0, Skipped: 0, Time elapsed: 8.925 s -- in com.webcodein.workshop.architecture.hexagonal.OrderControllerIntegrationTest
[INFO] Running com.webcodein.workshop.architecture.hexagonal.ArchitectureTest
2026-10-02T23:36:44.656+01:00  INFO 32244 --- [archunit-hexagonal] [           main] com.tngtech.archunit.core.PluginLoader   : Detected Java version 27
WARNING: A terminally deprecated method in sun.misc.Unsafe has been called
WARNING: sun.misc.Unsafe::objectFieldOffset has been called by com.tngtech.archunit.thirdparty.com.google.common.util.concurrent.AbstractFuture$UnsafeAtomicHelper (file:/C:/Users/salaheddine.tobok/.m2/repository/com/tngtech/archunit/archunit/1.3.0/archunit-1.3.0.jar)
WARNING: Please consider reporting this to the maintainers of class com.tngtech.archunit.thirdparty.com.google.common.util.concurrent.AbstractFuture$UnsafeAtomicHelper
WARNING: sun.misc.Unsafe::objectFieldOffset will be removed in a future release
2026-10-02T23:36:45.798+01:00  WARN 32244 --- [archunit-hexagonal] [           main] c.t.a.core.importer.ClassFileProcessor   : Error during import from jrt:/java.base/java/lang/Record.class, falling back to simple import

java.lang.IllegalArgumentException: Unsupported class file major version 71
	at com.tngtech.archunit.thirdparty.org.objectweb.asm.ClassReader.<init>(ClassReader.java:200) ~[archunit-1.3.0.jar:1.3.0]
	at com.tngtech.archunit.thirdparty.org.objectweb.asm.ClassReader.<init>(ClassReader.java:180) ~[archunit-1.3.0.jar:1.3.0]
	at com.tngtech.archunit.thirdparty.org.objectweb.asm.ClassReader.<init>(ClassReader.java:166) ~[archunit-1.3.0.jar:1.3.0]
	at com.tngtech.archunit.thirdparty.org.objectweb.asm.ClassReader.<init>(ClassReader.java:288) ~[archunit-1.3.0.jar:1.3.0]
	at com.tngtech.archunit.core.importer.ClassFileProcessor$UriImporterOfProcessor.tryImport(ClassFileProcessor.java:350) ~[archunit-1.3.0.jar:1.3.0]
	at com.tngtech.archunit.core.importer.resolvers.ClassResolverFromClasspath.tryResolve(ClassResolverFromClasspath.java:51) ~[archunit-1.3.0.jar:1.3.0]
	at com.tngtech.archunit.core.importer.ImportedClasses.resolve(ImportedClasses.java:80) ~[archunit-1.3.0.jar:1.3.0]
	at com.tngtech.archunit.core.importer.ImportedClasses.ensurePresent(ImportedClasses.java:75) ~[archunit-1.3.0.jar:1.3.0]
	at com.tngtech.archunit.core.importer.DependencyResolutionProcess.executeRun(DependencyResolutionProcess.java:146) ~[archunit-1.3.0.jar:1.3.0]
	at com.tngtech.archunit.core.importer.DependencyResolutionProcess.resolve(DependencyResolutionProcess.java:122) ~[archunit-1.3.0.jar:1.3.0]
	at com.tngtech.archunit.core.importer.ClassGraphCreator.complete(ClassGraphCreator.java:107) ~[archunit-1.3.0.jar:1.3.0]
	at com.tngtech.archunit.core.importer.ClassFileProcessor.process(ClassFileProcessor.java:75) ~[archunit-1.3.0.jar:1.3.0]
	at com.tngtech.archunit.core.importer.ClassFileImporter.importLocations(ClassFileImporter.java:325) ~[archunit-1.3.0.jar:1.3.0]
	at com.tngtech.archunit.junit.internal.ClassCache$CacheClassFileImporter.importClasses(ClassCache.java:126) ~[archunit-junit5-engine-1.3.0.jar:1.3.0]
	at com.tngtech.archunit.junit.internal.ClassCache$LazyJavaClasses.initialize(ClassCache.java:118) ~[archunit-junit5-engine-1.3.0.jar:1.3.0]
	at com.tngtech.archunit.junit.internal.ClassCache$LazyJavaClasses.get(ClassCache.java:107) ~[archunit-junit5-engine-1.3.0.jar:1.3.0]
	at com.tngtech.archunit.junit.internal.ClassCache.getClassesToAnalyzeFor(ClassCache.java:84) ~[archunit-junit5-engine-1.3.0.jar:1.3.0]
	at com.tngtech.archunit.junit.internal.ArchUnitTestDescriptor.lambda$createChildren$1(ArchUnitTestDescriptor.java:90) ~[archunit-junit5-engine-1.3.0.jar:1.3.0]
	at com.tngtech.archunit.junit.internal.ArchUnitTestDescriptor$ArchUnitRuleDescriptor.execute(ArchUnitTestDescriptor.java:167) ~[archunit-junit5-engine-1.3.0.jar:1.3.0]
	at com.tngtech.archunit.junit.internal.ArchUnitTestDescriptor$ArchUnitRuleDescriptor.execute(ArchUnitTestDescriptor.java:150) ~[archunit-junit5-engine-1.3.0.jar:1.3.0]
	at org.junit.platform.engine.support.hierarchical.NodeTestTask.lambda$executeRecursively$2(NodeTestTask.java:176) ~[junit-platform-engine-6.0.1.jar:6.0.1]
	at org.junit.platform.engine.support.hierarchical.ThrowableCollector.execute(ThrowableCollector.java:74) ~[junit-platform-engine-6.0.1.jar:6.0.1]
	at org.junit.platform.engine.support.hierarchical.NodeTestTask.lambda$executeRecursively$1(NodeTestTask.java:166) ~[junit-platform-engine-6.0.1.jar:6.0.1]
	at org.junit.platform.engine.support.hierarchical.Node.around(Node.java:138) ~[junit-platform-engine-6.0.1.jar:6.0.1]
	at org.junit.platform.engine.support.hierarchical.NodeTestTask.lambda$executeRecursively$0(NodeTestTask.java:164) ~[junit-platform-engine-6.0.1.jar:6.0.1]
	at org.junit.platform.engine.support.hierarchical.ThrowableCollector.execute(ThrowableCollector.java:74) ~[junit-platform-engine-6.0.1.jar:6.0.1]
	at org.junit.platform.engine.support.hierarchical.NodeTestTask.executeRecursively(NodeTestTask.java:163) ~[junit-platform-engine-6.0.1.jar:6.0.1]
	at org.junit.platform.engine.support.hierarchical.NodeTestTask.execute(NodeTestTask.java:116) ~[junit-platform-engine-6.0.1.jar:6.0.1]
	at java.base/java.util.ArrayList.forEach(ArrayList.java:1612) ~[na:na]
	at org.junit.platform.engine.support.hierarchical.SameThreadHierarchicalTestExecutorService.invokeAll(SameThreadHierarchicalTestExecutorService.java:42) ~[junit-platform-engine-6.0.1.jar:6.0.1]
	at org.junit.platform.engine.support.hierarchical.NodeTestTask.lambda$executeRecursively$2(NodeTestTask.java:180) ~[junit-platform-engine-6.0.1.jar:6.0.1]
	at org.junit.platform.engine.support.hierarchical.ThrowableCollector.execute(ThrowableCollector.java:74) ~[junit-platform-engine-6.0.1.jar:6.0.1]
	at org.junit.platform.engine.support.hierarchical.NodeTestTask.lambda$executeRecursively$1(NodeTestTask.java:166) ~[junit-platform-engine-6.0.1.jar:6.0.1]
	at org.junit.platform.engine.support.hierarchical.Node.around(Node.java:138) ~[junit-platform-engine-6.0.1.jar:6.0.1]
	at org.junit.platform.engine.support.hierarchical.NodeTestTask.lambda$executeRecursively$0(NodeTestTask.java:164) ~[junit-platform-engine-6.0.1.jar:6.0.1]
	at org.junit.platform.engine.support.hierarchical.ThrowableCollector.execute(ThrowableCollector.java:74) ~[junit-platform-engine-6.0.1.jar:6.0.1]
	at org.junit.platform.engine.support.hierarchical.NodeTestTask.executeRecursively(NodeTestTask.java:163) ~[junit-platform-engine-6.0.1.jar:6.0.1]
	at org.junit.platform.engine.support.hierarchical.NodeTestTask.execute(NodeTestTask.java:116) ~[junit-platform-engine-6.0.1.jar:6.0.1]
	at java.base/java.util.ArrayList.forEach(ArrayList.java:1612) ~[na:na]
	at org.junit.platform.engine.support.hierarchical.SameThreadHierarchicalTestExecutorService.invokeAll(SameThreadHierarchicalTestExecutorService.java:42) ~[junit-platform-engine-6.0.1.jar:6.0.1]
	at org.junit.platform.engine.support.hierarchical.NodeTestTask.lambda$executeRecursively$2(NodeTestTask.java:180) ~[junit-platform-engine-6.0.1.jar:6.0.1]
	at org.junit.platform.engine.support.hierarchical.ThrowableCollector.execute(ThrowableCollector.java:74) ~[junit-platform-engine-6.0.1.jar:6.0.1]
	at org.junit.platform.engine.support.hierarchical.NodeTestTask.lambda$executeRecursively$1(NodeTestTask.java:166) ~[junit-platform-engine-6.0.1.jar:6.0.1]
	at org.junit.platform.engine.support.hierarchical.Node.around(Node.java:138) ~[junit-platform-engine-6.0.1.jar:6.0.1]
	at org.junit.platform.engine.support.hierarchical.NodeTestTask.lambda$executeRecursively$0(NodeTestTask.java:164) ~[junit-platform-engine-6.0.1.jar:6.0.1]
	at org.junit.platform.engine.support.hierarchical.ThrowableCollector.execute(ThrowableCollector.java:74) ~[junit-platform-engine-6.0.1.jar:6.0.1]
	at org.junit.platform.engine.support.hierarchical.NodeTestTask.executeRecursively(NodeTestTask.java:163) ~[junit-platform-engine-6.0.1.jar:6.0.1]
	at org.junit.platform.engine.support.hierarchical.NodeTestTask.execute(NodeTestTask.java:116) ~[junit-platform-engine-6.0.1.jar:6.0.1]
	at org.junit.platform.engine.support.hierarchical.SameThreadHierarchicalTestExecutorService.submit(SameThreadHierarchicalTestExecutorService.java:36) ~[junit-platform-engine-6.0.1.jar:6.0.1]
	at org.junit.platform.engine.support.hierarchical.HierarchicalTestExecutor.execute(HierarchicalTestExecutor.java:52) ~[junit-platform-engine-6.0.1.jar:6.0.1]
	at org.junit.platform.engine.support.hierarchical.HierarchicalTestEngine.execute(HierarchicalTestEngine.java:58) ~[junit-platform-engine-6.0.1.jar:6.0.1]
	at org.junit.platform.launcher.core.EngineExecutionOrchestrator.executeEngine(EngineExecutionOrchestrator.java:246) ~[junit-platform-launcher-6.0.1.jar:6.0.1]
	at org.junit.platform.launcher.core.EngineExecutionOrchestrator.failOrExecuteEngine(EngineExecutionOrchestrator.java:218) ~[junit-platform-launcher-6.0.1.jar:6.0.1]
	at org.junit.platform.launcher.core.EngineExecutionOrchestrator.execute(EngineExecutionOrchestrator.java:179) ~[junit-platform-launcher-6.0.1.jar:6.0.1]
	at org.junit.platform.launcher.core.EngineExecutionOrchestrator.execute(EngineExecutionOrchestrator.java:108) ~[junit-platform-launcher-6.0.1.jar:6.0.1]
	at org.junit.platform.launcher.core.EngineExecutionOrchestrator.lambda$execute$0(EngineExecutionOrchestrator.java:66) ~[junit-platform-launcher-6.0.1.jar:6.0.1]
	at org.junit.platform.launcher.core.EngineExecutionOrchestrator.withInterceptedStreams(EngineExecutionOrchestrator.java:157) ~[junit-platform-launcher-6.0.1.jar:6.0.1]
	at org.junit.platform.launcher.core.EngineExecutionOrchestrator.execute(EngineExecutionOrchestrator.java:65) ~[junit-platform-launcher-6.0.1.jar:6.0.1]
	at org.junit.platform.launcher.core.DefaultLauncher.execute(DefaultLauncher.java:125) ~[junit-platform-launcher-6.0.1.jar:6.0.1]
	at org.junit.platform.launcher.core.DefaultLauncher.execute(DefaultLauncher.java:114) ~[junit-platform-launcher-6.0.1.jar:6.0.1]
	at org.junit.platform.launcher.core.DelegatingLauncher.execute(DelegatingLauncher.java:58) ~[junit-platform-launcher-6.0.1.jar:6.0.1]
	at org.junit.platform.launcher.core.InterceptingLauncher.lambda$execute$2(InterceptingLauncher.java:57) ~[junit-platform-launcher-6.0.1.jar:6.0.1]
	at org.junit.platform.launcher.core.ClasspathAlignmentCheckingLauncherInterceptor.intercept(ClasspathAlignmentCheckingLauncherInterceptor.java:25) ~[junit-platform-launcher-6.0.1.jar:6.0.1]
	at org.junit.platform.launcher.core.InterceptingLauncher.execute(InterceptingLauncher.java:56) ~[junit-platform-launcher-6.0.1.jar:6.0.1]
	at org.junit.platform.launcher.core.DelegatingLauncher.execute(DelegatingLauncher.java:58) ~[junit-platform-launcher-6.0.1.jar:6.0.1]
	at java.base/jdk.internal.reflect.DirectMethodHandleAccessor.invoke(DirectMethodHandleAccessor.java:104) ~[na:na]
	at java.base/java.lang.reflect.Method.invoke(Method.java:583) ~[na:na]
	at org.apache.maven.surefire.api.util.ReflectionUtils.invokeMethodWithArray(ReflectionUtils.java:125) ~[surefire-api-3.5.4.jar:3.5.4]
	at org.apache.maven.surefire.junitplatform.LauncherAdapter.executeWithCancellationToken(LauncherAdapter.java:68) ~[surefire-junit-platform-3.5.4.jar:3.5.4]
	at org.apache.maven.surefire.junitplatform.LauncherAdapter.execute(LauncherAdapter.java:54) ~[surefire-junit-platform-3.5.4.jar:3.5.4]
	at org.apache.maven.surefire.junitplatform.JUnitPlatformProvider.execute(JUnitPlatformProvider.java:203) ~[surefire-junit-platform-3.5.4.jar:3.5.4]
	at org.apache.maven.surefire.junitplatform.JUnitPlatformProvider.invokeAllTests(JUnitPlatformProvider.java:168) ~[surefire-junit-platform-3.5.4.jar:3.5.4]
	at org.apache.maven.surefire.junitplatform.JUnitPlatformProvider.invoke(JUnitPlatformProvider.java:136) ~[surefire-junit-platform-3.5.4.jar:3.5.4]
	at org.apache.maven.surefire.booter.ForkedBooter.runSuitesInProcess(ForkedBooter.java:385) ~[surefire-booter-3.5.4.jar:3.5.4]
	at org.apache.maven.surefire.booter.ForkedBooter.execute(ForkedBooter.java:162) ~[surefire-booter-3.5.4.jar:3.5.4]
	at org.apache.maven.surefire.booter.ForkedBooter.run(ForkedBooter.java:507) ~[surefire-booter-3.5.4.jar:3.5.4]
	at org.apache.maven.surefire.booter.ForkedBooter.main(ForkedBooter.java:495) ~[surefire-booter-3.5.4.jar:3.5.4]

2026-10-02T23:36:45.862+01:00  WARN 32244 --- [archunit-hexagonal] [           main] c.t.a.core.importer.ClassFileProcessor   : Error during import from jrt:/java.base/java/lang/String.class, falling back to simple import

java.lang.IllegalArgumentException: Unsupported class file major version 71
	at com.tngtech.archunit.thirdparty.org.objectweb.asm.ClassReader.<init>(ClassReader.java:200) ~[archunit-1.3.0.jar:1.3.0]
	at com.tngtech.archunit.thirdparty.org.objectweb.asm.ClassReader.<init>(ClassReader.java:180) ~[archunit-1.3.0.jar:1.3.0]
	at com.tngtech.archunit.thirdparty.org.objectweb.asm.ClassReader.<init>(ClassReader.java:166) ~[archunit-1.3.0.jar:1.3.0]
	at com.tngtech.archunit.thirdparty.org.objectweb.asm.ClassReader.<init>(ClassReader.java:288) ~[archunit-1.3.0.jar:1.3.0]
	at com.tngtech.archunit.core.importer.ClassFileProcessor$UriImporterOfProcessor.tryImport(ClassFileProcessor.java:350) ~[archunit-1.3.0.jar:1.3.0]
	at com.tngtech.archunit.core.importer.resolvers.ClassResolverFromClasspath.tryResolve(ClassResolverFromClasspath.java:51) ~[archunit-1.3.0.jar:1.3.0]
	at com.tngtech.archunit.core.importer.ImportedClasses.resolve(ImportedClasses.java:80) ~[archunit-1.3.0.jar:1.3.0]
	at com.tngtech.archunit.core.importer.ImportedClasses.ensurePresent(ImportedClasses.java:75) ~[archunit-1.3.0.jar:1.3.0]
	at com.tngtech.archunit.core.importer.DependencyResolutionProcess.executeRun(DependencyResolutionProcess.java:146) ~[archunit-1.3.0.jar:1.3.0]
	at com.tngtech.archunit.core.importer.DependencyResolutionProcess.resolve(DependencyResolutionProcess.java:122) ~[archunit-1.3.0.jar:1.3.0]
	at com.tngtech.archunit.core.importer.ClassGraphCreator.complete(ClassGraphCreator.java:107) ~[archunit-1.3.0.jar:1.3.0]
	at com.tngtech.archunit.core.importer.ClassFileProcessor.process(ClassFileProcessor.java:75) ~[archunit-1.3.0.jar:1.3.0]
	at com.tngtech.archunit.core.importer.ClassFileImporter.importLocations(ClassFileImporter.java:325) ~[archunit-1.3.0.jar:1.3.0]
	at com.tngtech.archunit.junit.internal.ClassCache$CacheClassFileImporter.importClasses(ClassCache.java:126) ~[archunit-junit5-engine-1.3.0.jar:1.3.0]
	at com.tngtech.archunit.junit.internal.ClassCache$LazyJavaClasses.initialize(ClassCache.java:118) ~[archunit-junit5-engine-1.3.0.jar:1.3.0]
	at com.tngtech.archunit.junit.internal.ClassCache$LazyJavaClasses.get(ClassCache.java:107) ~[archunit-junit5-engine-1.3.0.jar:1.3.0]
	at com.tngtech.archunit.junit.internal.ClassCache.getClassesToAnalyzeFor(ClassCache.java:84) ~[archunit-junit5-engine-1.3.0.jar:1.3.0]
	at com.tngtech.archunit.junit.internal.ArchUnitTestDescriptor.lambda$createChildren$1(ArchUnitTestDescriptor.java:90) ~[archunit-junit5-engine-1.3.0.jar:1.3.0]
	at com.tngtech.archunit.junit.internal.ArchUnitTestDescriptor$ArchUnitRuleDescriptor.execute(ArchUnitTestDescriptor.java:167) ~[archunit-junit5-engine-1.3.0.jar:1.3.0]
	at com.tngtech.archunit.junit.internal.ArchUnitTestDescriptor$ArchUnitRuleDescriptor.execute(ArchUnitTestDescriptor.java:150) ~[archunit-junit5-engine-1.3.0.jar:1.3.0]
	at org.junit.platform.engine.support.hierarchical.NodeTestTask.lambda$executeRecursively$2(NodeTestTask.java:176) ~[junit-platform-engine-6.0.1.jar:6.0.1]
	at org.junit.platform.engine.support.hierarchical.ThrowableCollector.execute(ThrowableCollector.java:74) ~[junit-platform-engine-6.0.1.jar:6.0.1]
	at org.junit.platform.engine.support.hierarchical.NodeTestTask.lambda$executeRecursively$1(NodeTestTask.java:166) ~[junit-platform-engine-6.0.1.jar:6.0.1]
	at org.junit.platform.engine.support.hierarchical.Node.around(Node.java:138) ~[junit-platform-engine-6.0.1.jar:6.0.1]
	at org.junit.platform.engine.support.hierarchical.NodeTestTask.lambda$executeRecursively$0(NodeTestTask.java:164) ~[junit-platform-engine-6.0.1.jar:6.0.1]
	at org.junit.platform.engine.support.hierarchical.ThrowableCollector.execute(ThrowableCollector.java:74) ~[junit-platform-engine-6.0.1.jar:6.0.1]
	at org.junit.platform.engine.support.hierarchical.NodeTestTask.executeRecursively(NodeTestTask.java:163) ~[junit-platform-engine-6.0.1.jar:6.0.1]
	at org.junit.platform.engine.support.hierarchical.NodeTestTask.execute(NodeTestTask.java:116) ~[junit-platform-engine-6.0.1.jar:6.0.1]
	at java.base/java.util.ArrayList.forEach(ArrayList.java:1612) ~[na:na]
	at org.junit.platform.engine.support.hierarchical.SameThreadHierarchicalTestExecutorService.invokeAll(SameThreadHierarchicalTestExecutorService.java:42) ~[junit-platform-engine-6.0.1.jar:6.0.1]
	at org.junit.platform.engine.support.hierarchical.NodeTestTask.lambda$executeRecursively$2(NodeTestTask.java:180) ~[junit-platform-engine-6.0.1.jar:6.0.1]
	at org.junit.platform.engine.support.hierarchical.ThrowableCollector.execute(ThrowableCollector.java:74) ~[junit-platform-engine-6.0.1.jar:6.0.1]
	at org.junit.platform.engine.support.hierarchical.NodeTestTask.lambda$executeRecursively$1(NodeTestTask.java:166) ~[junit-platform-engine-6.0.1.jar:6.0.1]
	at org.junit.platform.engine.support.hierarchical.Node.around(Node.java:138) ~[junit-platform-engine-6.0.1.jar:6.0.1]
	at org.junit.platform.engine.support.hierarchical.NodeTestTask.lambda$executeRecursively$0(NodeTestTask.java:164) ~[junit-platform-engine-6.0.1.jar:6.0.1]
	at org.junit.platform.engine.support.hierarchical.ThrowableCollector.execute(ThrowableCollector.java:74) ~[junit-platform-engine-6.0.1.jar:6.0.1]
	at org.junit.platform.engine.support.hierarchical.NodeTestTask.executeRecursively(NodeTestTask.java:163) ~[junit-platform-engine-6.0.1.jar:6.0.1]
	at org.junit.platform.engine.support.hierarchical.NodeTestTask.execute(NodeTestTask.java:116) ~[junit-platform-engine-6.0.1.jar:6.0.1]
	at java.base/java.util.ArrayList.forEach(ArrayList.java:1612) ~[na:na]
	at org.junit.platform.engine.support.hierarchical.SameThreadHierarchicalTestExecutorService.invokeAll(SameThreadHierarchicalTestExecutorService.java:42) ~[junit-platform-engine-6.0.1.jar:6.0.1]
	at org.junit.platform.engine.support.hierarchical.NodeTestTask.lambda$executeRecursively$2(NodeTestTask.java:180) ~[junit-platform-engine-6.0.1.jar:6.0.1]
	at org.junit.platform.engine.support.hierarchical.ThrowableCollector.execute(ThrowableCollector.java:74) ~[junit-platform-engine-6.0.1.jar:6.0.1]
	at org.junit.platform.engine.support.hierarchical.NodeTestTask.lambda$executeRecursively$1(NodeTestTask.java:166) ~[junit-platform-engine-6.0.1.jar:6.0.1]
	at org.junit.platform.engine.support.hierarchical.Node.around(Node.java:138) ~[junit-platform-engine-6.0.1.jar:6.0.1]
	at org.junit.platform.engine.support.hierarchical.NodeTestTask.lambda$executeRecursively$0(NodeTestTask.java:164) ~[junit-platform-engine-6.0.1.jar:6.0.1]
	at org.junit.platform.engine.support.hierarchical.ThrowableCollector.execute(ThrowableCollector.java:74) ~[junit-platform-engine-6.0.1.jar:6.0.1]
	at org.junit.platform.engine.support.hierarchical.NodeTestTask.executeRecursively(NodeTestTask.java:163) ~[junit-platform-engine-6.0.1.jar:6.0.1]
	at org.junit.platform.engine.support.hierarchical.NodeTestTask.execute(NodeTestTask.java:116) ~[junit-platform-engine-6.0.1.jar:6.0.1]
	at org.junit.platform.engine.support.hierarchical.SameThreadHierarchicalTestExecutorService.submit(SameThreadHierarchicalTestExecutorService.java:36) ~[junit-platform-engine-6.0.1.jar:6.0.1]
	at org.junit.platform.engine.support.hierarchical.HierarchicalTestExecutor.execute(HierarchicalTestExecutor.java:52) ~[junit-platform-engine-6.0.1.jar:6.0.1]
	at org.junit.platform.engine.support.hierarchical.HierarchicalTestEngine.execute(HierarchicalTestEngine.java:58) ~[junit-platform-engine-6.0.1.jar:6.0.1]
	at org.junit.platform.launcher.core.EngineExecutionOrchestrator.executeEngine(EngineExecutionOrchestrator.java:246) ~[junit-platform-launcher-6.0.1.jar:6.0.1]
	at org.junit.platform.launcher.core.EngineExecutionOrchestrator.failOrExecuteEngine(EngineExecutionOrchestrator.java:218) ~[junit-platform-launcher-6.0.1.jar:6.0.1]
	at org.junit.platform.launcher.core.EngineExecutionOrchestrator.execute(EngineExecutionOrchestrator.java:179) ~[junit-platform-launcher-6.0.1.jar:6.0.1]
	at org.junit.platform.launcher.core.EngineExecutionOrchestrator.execute(EngineExecutionOrchestrator.java:108) ~[junit-platform-launcher-6.0.1.jar:6.0.1]
	at org.junit.platform.launcher.core.EngineExecutionOrchestrator.lambda$execute$0(EngineExecutionOrchestrator.java:66) ~[junit-platform-launcher-6.0.1.jar:6.0.1]
	at org.junit.platform.launcher.core.EngineExecutionOrchestrator.withInterceptedStreams(EngineExecutionOrchestrator.java:157) ~[junit-platform-launcher-6.0.1.jar:6.0.1]
	at org.junit.platform.launcher.core.EngineExecutionOrchestrator.execute(EngineExecutionOrchestrator.java:65) ~[junit-platform-launcher-6.0.1.jar:6.0.1]
	at org.junit.platform.launcher.core.DefaultLauncher.execute(DefaultLauncher.java:125) ~[junit-platform-launcher-6.0.1.jar:6.0.1]
	at org.junit.platform.launcher.core.DefaultLauncher.execute(DefaultLauncher.java:114) ~[junit-platform-launcher-6.0.1.jar:6.0.1]
	at org.junit.platform.launcher.core.DelegatingLauncher.execute(DelegatingLauncher.java:58) ~[junit-platform-launcher-6.0.1.jar:6.0.1]
	at org.junit.platform.launcher.core.InterceptingLauncher.lambda$execute$2(InterceptingLauncher.java:57) ~[junit-platform-launcher-6.0.1.jar:6.0.1]
	at org.junit.platform.launcher.core.ClasspathAlignmentCheckingLauncherInterceptor.intercept(ClasspathAlignmentCheckingLauncherInterceptor.java:25) ~[junit-platform-launcher-6.0.1.jar:6.0.1]
	at org.junit.platform.launcher.core.InterceptingLauncher.execute(InterceptingLauncher.java:56) ~[junit-platform-launcher-6.0.1.jar:6.0.1]
	at org.junit.platform.launcher.core.DelegatingLauncher.execute(DelegatingLauncher.java:58) ~[junit-platform-launcher-6.0.1.jar:6.0.1]
	at java.base/jdk.internal.reflect.DirectMethodHandleAccessor.invoke(DirectMethodHandleAccessor.java:104) ~[na:na]
	at java.base/java.lang.reflect.Method.invoke(Method.java:583) ~[na:na]
	at org.apache.maven.surefire.api.util.ReflectionUtils.invokeMethodWithArray(ReflectionUtils.java:125) ~[surefire-api-3.5.4.jar:3.5.4]
	at org.apache.maven.surefire.junitplatform.LauncherAdapter.executeWithCancellationToken(LauncherAdapter.java:68) ~[surefire-junit-platform-3.5.4.jar:3.5.4]
	at org.apache.maven.surefire.junitplatform.LauncherAdapter.execute(LauncherAdapter.java:54) ~[surefire-junit-platform-3.5.4.jar:3.5.4]
	at org.apache.maven.surefire.junitplatform.JUnitPlatformProvider.execute(JUnitPlatformProvider.java:203) ~[surefire-junit-platform-3.5.4.jar:3.5.4]
	at org.apache.maven.surefire.junitplatform.JUnitPlatformProvider.invokeAllTests(JUnitPlatformProvider.java:168) ~[surefire-junit-platform-3.5.4.jar:3.5.4]
	at org.apache.maven.surefire.junitplatform.JUnitPlatformProvider.invoke(JUnitPlatformProvider.java:136) ~[surefire-junit-platform-3.5.4.jar:3.5.4]
	at org.apache.maven.surefire.booter.ForkedBooter.runSuitesInProcess(ForkedBooter.java:385) ~[surefire-booter-3.5.4.jar:3.5.4]
	at org.apache.maven.surefire.booter.ForkedBooter.execute(ForkedBooter.java:162) ~[surefire-booter-3.5.4.jar:3.5.4]
	at org.apache.maven.surefire.booter.ForkedBooter.run(ForkedBooter.java:507) ~[surefire-booter-3.5.4.jar:3.5.4]
	at org.apache.maven.surefire.booter.ForkedBooter.main(ForkedBooter.java:495) ~[surefire-booter-3.5.4.jar:3.5.4]

2026-10-02T23:36:45.873+01:00  WARN 32244 --- [archunit-hexagonal] [           main] c.t.a.core.importer.ClassFileProcessor   : Error during import from jrt:/java.base/java/util/UUID.class, falling back to simple import

java.lang.IllegalArgumentException: Unsupported class file major version 71
	at com.tngtech.archunit.thirdparty.org.objectweb.asm.ClassReader.<init>(ClassReader.java:200) ~[archunit-1.3.0.jar:1.3.0]
	at com.tngtech.archunit.thirdparty.org.objectweb.asm.ClassReader.<init>(ClassReader.java:180) ~[archunit-1.3.0.jar:1.3.0]
	at com.tngtech.archunit.thirdparty.org.objectweb.asm.ClassReader.<init>(ClassReader.java:166) ~[archunit-1.3.0.jar:1.3.0]
	at com.tngtech.archunit.thirdparty.org.objectweb.asm.ClassReader.<init>(ClassReader.java:288) ~[archunit-1.3.0.jar:1.3.0]
	at com.tngtech.archunit.core.importer.ClassFileProcessor$UriImporterOfProcessor.tryImport(ClassFileProcessor.java:350) ~[archunit-1.3.0.jar:1.3.0]
	at com.tngtech.archunit.core.importer.resolvers.ClassResolverFromClasspath.tryResolve(ClassResolverFromClasspath.java:51) ~[archunit-1.3.0.jar:1.3.0]
	at com.tngtech.archunit.core.importer.ImportedClasses.resolve(ImportedClasses.java:80) ~[archunit-1.3.0.jar:1.3.0]
	at com.tngtech.archunit.core.importer.ImportedClasses.ensurePresent(ImportedClasses.java:75) ~[archunit-1.3.0.jar:1.3.0]
	at com.tngtech.archunit.core.importer.DependencyResolutionProcess.executeRun(DependencyResolutionProcess.java:146) ~[archunit-1.3.0.jar:1.3.0]
	at com.tngtech.archunit.core.importer.DependencyResolutionProcess.resolve(DependencyResolutionProcess.java:122) ~[archunit-1.3.0.jar:1.3.0]
	at com.tngtech.archunit.core.importer.ClassGraphCreator.complete(ClassGraphCreator.java:107) ~[archunit-1.3.0.jar:1.3.0]
	at com.tngtech.archunit.core.importer.ClassFileProcessor.process(ClassFileProcessor.java:75) ~[archunit-1.3.0.jar:1.3.0]
	at com.tngtech.archunit.core.importer.ClassFileImporter.importLocations(ClassFileImporter.java:325) ~[archunit-1.3.0.jar:1.3.0]
	at com.tngtech.archunit.junit.internal.ClassCache$CacheClassFileImporter.importClasses(ClassCache.java:126) ~[archunit-junit5-engine-1.3.0.jar:1.3.0]
	at com.tngtech.archunit.junit.internal.ClassCache$LazyJavaClasses.initialize(ClassCache.java:118) ~[archunit-junit5-engine-1.3.0.jar:1.3.0]
	at com.tngtech.archunit.junit.internal.ClassCache$LazyJavaClasses.get(ClassCache.java:107) ~[archunit-junit5-engine-1.3.0.jar:1.3.0]
	at com.tngtech.archunit.junit.internal.ClassCache.getClassesToAnalyzeFor(ClassCache.java:84) ~[archunit-junit5-engine-1.3.0.jar:1.3.0]
	at com.tngtech.archunit.junit.internal.ArchUnitTestDescriptor.lambda$createChildren$1(ArchUnitTestDescriptor.java:90) ~[archunit-junit5-engine-1.3.0.jar:1.3.0]
	at com.tngtech.archunit.junit.internal.ArchUnitTestDescriptor$ArchUnitRuleDescriptor.execute(ArchUnitTestDescriptor.java:167) ~[archunit-junit5-engine-1.3.0.jar:1.3.0]
	at com.tngtech.archunit.junit.internal.ArchUnitTestDescriptor$ArchUnitRuleDescriptor.execute(ArchUnitTestDescriptor.java:150) ~[archunit-junit5-engine-1.3.0.jar:1.3.0]
	at org.junit.platform.engine.support.hierarchical.NodeTestTask.lambda$executeRecursively$2(NodeTestTask.java:176) ~[junit-platform-engine-6.0.1.jar:6.0.1]
	at org.junit.platform.engine.support.hierarchical.ThrowableCollector.execute(ThrowableCollector.java:74) ~[junit-platform-engine-6.0.1.jar:6.0.1]
	at org.junit.platform.engine.support.hierarchical.NodeTestTask.lambda$executeRecursively$1(NodeTestTask.java:166) ~[junit-platform-engine-6.0.1.jar:6.0.1]
	at org.junit.platform.engine.support.hierarchical.Node.around(Node.java:138) ~[junit-platform-engine-6.0.1.jar:6.0.1]
	at org.junit.platform.engine.support.hierarchical.NodeTestTask.lambda$executeRecursively$0(NodeTestTask.java:164) ~[junit-platform-engine-6.0.1.jar:6.0.1]
	at org.junit.platform.engine.support.hierarchical.ThrowableCollector.execute(ThrowableCollector.java:74) ~[junit-platform-engine-6.0.1.jar:6.0.1]
	at org.junit.platform.engine.support.hierarchical.NodeTestTask.executeRecursively(NodeTestTask.java:163) ~[junit-platform-engine-6.0.1.jar:6.0.1]
	at org.junit.platform.engine.support.hierarchical.NodeTestTask.execute(NodeTestTask.java:116) ~[junit-platform-engine-6.0.1.jar:6.0.1]
	at java.base/java.util.ArrayList.forEach(ArrayList.java:1612) ~[na:na]
	at org.junit.platform.engine.support.hierarchical.SameThreadHierarchicalTestExecutorService.invokeAll(SameThreadHierarchicalTestExecutorService.java:42) ~[junit-platform-engine-6.0.1.jar:6.0.1]
	at org.junit.platform.engine.support.hierarchical.NodeTestTask.lambda$executeRecursively$2(NodeTestTask.java:180) ~[junit-platform-engine-6.0.1.jar:6.0.1]
	at org.junit.platform.engine.support.hierarchical.ThrowableCollector.execute(ThrowableCollector.java:74) ~[junit-platform-engine-6.0.1.jar:6.0.1]
	at org.junit.platform.engine.support.hierarchical.NodeTestTask.lambda$executeRecursively$1(NodeTestTask.java:166) ~[junit-platform-engine-6.0.1.jar:6.0.1]
	at org.junit.platform.engine.support.hierarchical.Node.around(Node.java:138) ~[junit-platform-engine-6.0.1.jar:6.0.1]
	at org.junit.platform.engine.support.hierarchical.NodeTestTask.lambda$executeRecursively$0(NodeTestTask.java:164) ~[junit-platform-engine-6.0.1.jar:6.0.1]
	at org.junit.platform.engine.support.hierarchical.ThrowableCollector.execute(ThrowableCollector.java:74) ~[junit-platform-engine-6.0.1.jar:6.0.1]
	at org.junit.platform.engine.support.hierarchical.NodeTestTask.executeRecursively(NodeTestTask.java:163) ~[junit-platform-engine-6.0.1.jar:6.0.1]
	at org.junit.platform.engine.support.hierarchical.NodeTestTask.execute(NodeTestTask.java:116) ~[junit-platform-engine-6.0.1.jar:6.0.1]
	at java.base/java.util.ArrayList.forEach(ArrayList.java:1612) ~[na:na]
	at org.junit.platform.engine.support.hierarchical.SameThreadHierarchicalTestExecutorService.invokeAll(SameThreadHierarchicalTestExecutorService.java:42) ~[junit-platform-engine-6.0.1.jar:6.0.1]
	at org.junit.platform.engine.support.hierarchical.NodeTestTask.lambda$executeRecursively$2(NodeTestTask.java:180) ~[junit-platform-engine-6.0.1.jar:6.0.1]
	at org.junit.platform.engine.support.hierarchical.ThrowableCollector.execute(ThrowableCollector.java:74) ~[junit-platform-engine-6.0.1.jar:6.0.1]
	at org.junit.platform.engine.support.hierarchical.NodeTestTask.lambda$executeRecursively$1(NodeTestTask.java:166) ~[junit-platform-engine-6.0.1.jar:6.0.1]
	at org.junit.platform.engine.support.hierarchical.Node.around(Node.java:138) ~[junit-platform-engine-6.0.1.jar:6.0.1]
	at org.junit.platform.engine.support.hierarchical.NodeTestTask.lambda$executeRecursively$0(NodeTestTask.java:164) ~[junit-platform-engine-6.0.1.jar:6.0.1]
	at org.junit.platform.engine.support.hierarchical.ThrowableCollector.execute(ThrowableCollector.java:74) ~[junit-platform-engine-6.0.1.jar:6.0.1]
	at org.junit.platform.engine.support.hierarchical.NodeTestTask.executeRecursively(NodeTestTask.java:163) ~[junit-platform-engine-6.0.1.jar:6.0.1]
	at org.junit.platform.engine.support.hierarchical.NodeTestTask.execute(NodeTestTask.java:116) ~[junit-platform-engine-6.0.1.jar:6.0.1]
	at org.junit.platform.engine.support.hierarchical.SameThreadHierarchicalTestExecutorService.submit(SameThreadHierarchicalTestExecutorService.java:36) ~[junit-platform-engine-6.0.1.jar:6.0.1]
	at org.junit.platform.engine.support.hierarchical.HierarchicalTestExecutor.execute(HierarchicalTestExecutor.java:52) ~[junit-platform-engine-6.0.1.jar:6.0.1]
	at org.junit.platform.engine.support.hierarchical.HierarchicalTestEngine.execute(HierarchicalTestEngine.java:58) ~[junit-platform-engine-6.0.1.jar:6.0.1]
	at org.junit.platform.launcher.core.EngineExecutionOrchestrator.executeEngine(EngineExecutionOrchestrator.java:246) ~[junit-platform-launcher-6.0.1.jar:6.0.1]
	at org.junit.platform.launcher.core.EngineExecutionOrchestrator.failOrExecuteEngine(EngineExecutionOrchestrator.java:218) ~[junit-platform-launcher-6.0.1.jar:6.0.1]
	at org.junit.platform.launcher.core.EngineExecutionOrchestrator.execute(EngineExecutionOrchestrator.java:179) ~[junit-platform-launcher-6.0.1.jar:6.0.1]
	at org.junit.platform.launcher.core.EngineExecutionOrchestrator.execute(EngineExecutionOrchestrator.java:108) ~[junit-platform-launcher-6.0.1.jar:6.0.1]
	at org.junit.platform.launcher.core.EngineExecutionOrchestrator.lambda$execute$0(EngineExecutionOrchestrator.java:66) ~[junit-platform-launcher-6.0.1.jar:6.0.1]
	at org.junit.platform.launcher.core.EngineExecutionOrchestrator.withInterceptedStreams(EngineExecutionOrchestrator.java:157) ~[junit-platform-launcher-6.0.1.jar:6.0.1]
	at org.junit.platform.launcher.core.EngineExecutionOrchestrator.execute(EngineExecutionOrchestrator.java:65) ~[junit-platform-launcher-6.0.1.jar:6.0.1]
	at org.junit.platform.launcher.core.DefaultLauncher.execute(DefaultLauncher.java:125) ~[junit-platform-launcher-6.0.1.jar:6.0.1]
	at org.junit.platform.launcher.core.DefaultLauncher.execute(DefaultLauncher.java:114) ~[junit-platform-launcher-6.0.1.jar:6.0.1]
	at org.junit.platform.launcher.core.DelegatingLauncher.execute(DelegatingLauncher.java:58) ~[junit-platform-launcher-6.0.1.jar:6.0.1]
	at org.junit.platform.launcher.core.InterceptingLauncher.lambda$execute$2(InterceptingLauncher.java:57) ~[junit-platform-launcher-6.0.1.jar:6.0.1]
	at org.junit.platform.launcher.core.ClasspathAlignmentCheckingLauncherInterceptor.intercept(ClasspathAlignmentCheckingLauncherInterceptor.java:25) ~[junit-platform-launcher-6.0.1.jar:6.0.1]
	at org.junit.platform.launcher.core.InterceptingLauncher.execute(InterceptingLauncher.java:56) ~[junit-platform-launcher-6.0.1.jar:6.0.1]
	at org.junit.platform.launcher.core.DelegatingLauncher.execute(DelegatingLauncher.java:58) ~[junit-platform-launcher-6.0.1.jar:6.0.1]
	at java.base/jdk.internal.reflect.DirectMethodHandleAccessor.invoke(DirectMethodHandleAccessor.java:104) ~[na:na]
	at java.base/java.lang.reflect.Method.invoke(Method.java:583) ~[na:na]
	at org.apache.maven.surefire.api.util.ReflectionUtils.invokeMethodWithArray(ReflectionUtils.java:125) ~[surefire-api-3.5.4.jar:3.5.4]
	at org.apache.maven.surefire.junitplatform.LauncherAdapter.executeWithCancellationToken(LauncherAdapter.java:68) ~[surefire-junit-platform-3.5.4.jar:3.5.4]
	at org.apache.maven.surefire.junitplatform.LauncherAdapter.execute(LauncherAdapter.java:54) ~[surefire-junit-platform-3.5.4.jar:3.5.4]
	at org.apache.maven.surefire.junitplatform.JUnitPlatformProvider.execute(JUnitPlatformProvider.java:203) ~[surefire-junit-platform-3.5.4.jar:3.5.4]
	at org.apache.maven.surefire.junitplatform.JUnitPlatformProvider.invokeAllTests(JUnitPlatformProvider.java:168) ~[surefire-junit-platform-3.5.4.jar:3.5.4]
	at org.apache.maven.surefire.junitplatform.JUnitPlatformProvider.invoke(JUnitPlatformProvider.java:136) ~[surefire-junit-platform-3.5.4.jar:3.5.4]
	at org.apache.maven.surefire.booter.ForkedBooter.runSuitesInProcess(ForkedBooter.java:385) ~[surefire-booter-3.5.4.jar:3.5.4]
	at org.apache.maven.surefire.booter.ForkedBooter.execute(ForkedBooter.java:162) ~[surefire-booter-3.5.4.jar:3.5.4]
	at org.apache.maven.surefire.booter.ForkedBooter.run(ForkedBooter.java:507) ~[surefire-booter-3.5.4.jar:3.5.4]
	at org.apache.maven.surefire.booter.ForkedBooter.main(ForkedBooter.java:495) ~[surefire-booter-3.5.4.jar:3.5.4]

2026-10-02T23:36:45.887+01:00  WARN 32244 --- [archunit-hexagonal] [           main] c.t.a.core.importer.ClassFileProcessor   : Error during import from jrt:/java.base/java/lang/Object.class, falling back to simple import

java.lang.IllegalArgumentException: Unsupported class file major version 71
	at com.tngtech.archunit.thirdparty.org.objectweb.asm.ClassReader.<init>(ClassReader.java:200) ~[archunit-1.3.0.jar:1.3.0]
	at com.tngtech.archunit.thirdparty.org.objectweb.asm.ClassReader.<init>(ClassReader.java:180) ~[archunit-1.3.0.jar:1.3.0]
	at com.tngtech.archunit.thirdparty.org.objectweb.asm.ClassReader.<init>(ClassReader.java:166) ~[archunit-1.3.0.jar:1.3.0]
	at com.tngtech.archunit.thirdparty.org.objectweb.asm.ClassReader.<init>(ClassReader.java:288) ~[archunit-1.3.0.jar:1.3.0]
	at com.tngtech.archunit.core.importer.ClassFileProcessor$UriImporterOfProcessor.tryImport(ClassFileProcessor.java:350) ~[archunit-1.3.0.jar:1.3.0]
	at com.tngtech.archunit.core.importer.resolvers.ClassResolverFromClasspath.tryResolve(ClassResolverFromClasspath.java:51) ~[archunit-1.3.0.jar:1.3.0]
	at com.tngtech.archunit.core.importer.ImportedClasses.resolve(ImportedClasses.java:80) ~[archunit-1.3.0.jar:1.3.0]
	at com.tngtech.archunit.core.importer.ImportedClasses.ensurePresent(ImportedClasses.java:75) ~[archunit-1.3.0.jar:1.3.0]
	at com.tngtech.archunit.core.importer.DependencyResolutionProcess.executeRun(DependencyResolutionProcess.java:146) ~[archunit-1.3.0.jar:1.3.0]
	at com.tngtech.archunit.core.importer.DependencyResolutionProcess.resolve(DependencyResolutionProcess.java:122) ~[archunit-1.3.0.jar:1.3.0]
	at com.tngtech.archunit.core.importer.ClassGraphCreator.complete(ClassGraphCreator.java:107) ~[archunit-1.3.0.jar:1.3.0]
	at com.tngtech.archunit.core.importer.ClassFileProcessor.process(ClassFileProcessor.java:75) ~[archunit-1.3.0.jar:1.3.0]
	at com.tngtech.archunit.core.importer.ClassFileImporter.importLocations(ClassFileImporter.java:325) ~[archunit-1.3.0.jar:1.3.0]
	at com.tngtech.archunit.junit.internal.ClassCache$CacheClassFileImporter.importClasses(ClassCache.java:126) ~[archunit-junit5-engine-1.3.0.jar:1.3.0]
	at com.tngtech.archunit.junit.internal.ClassCache$LazyJavaClasses.initialize(ClassCache.java:118) ~[archunit-junit5-engine-1.3.0.jar:1.3.0]
	at com.tngtech.archunit.junit.internal.ClassCache$LazyJavaClasses.get(ClassCache.java:107) ~[archunit-junit5-engine-1.3.0.jar:1.3.0]
	at com.tngtech.archunit.junit.internal.ClassCache.getClassesToAnalyzeFor(ClassCache.java:84) ~[archunit-junit5-engine-1.3.0.jar:1.3.0]
	at com.tngtech.archunit.junit.internal.ArchUnitTestDescriptor.lambda$createChildren$1(ArchUnitTestDescriptor.java:90) ~[archunit-junit5-engine-1.3.0.jar:1.3.0]
	at com.tngtech.archunit.junit.internal.ArchUnitTestDescriptor$ArchUnitRuleDescriptor.execute(ArchUnitTestDescriptor.java:167) ~[archunit-junit5-engine-1.3.0.jar:1.3.0]
	at com.tngtech.archunit.junit.internal.ArchUnitTestDescriptor$ArchUnitRuleDescriptor.execute(ArchUnitTestDescriptor.java:150) ~[archunit-junit5-engine-1.3.0.jar:1.3.0]
	at org.junit.platform.engine.support.hierarchical.NodeTestTask.lambda$executeRecursively$2(NodeTestTask.java:176) ~[junit-platform-engine-6.0.1.jar:6.0.1]
	at org.junit.platform.engine.support.hierarchical.ThrowableCollector.execute(ThrowableCollector.java:74) ~[junit-platform-engine-6.0.1.jar:6.0.1]
	at org.junit.platform.engine.support.hierarchical.NodeTestTask.lambda$executeRecursively$1(NodeTestTask.java:166) ~[junit-platform-engine-6.0.1.jar:6.0.1]
	at org.junit.platform.engine.support.hierarchical.Node.around(Node.java:138) ~[junit-platform-engine-6.0.1.jar:6.0.1]
	at org.junit.platform.engine.support.hierarchical.NodeTestTask.lambda$executeRecursively$0(NodeTestTask.java:164) ~[junit-platform-engine-6.0.1.jar:6.0.1]
	at org.junit.platform.engine.support.hierarchical.ThrowableCollector.execute(ThrowableCollector.java:74) ~[junit-platform-engine-6.0.1.jar:6.0.1]
	at org.junit.platform.engine.support.hierarchical.NodeTestTask.executeRecursively(NodeTestTask.java:163) ~[junit-platform-engine-6.0.1.jar:6.0.1]
	at org.junit.platform.engine.support.hierarchical.NodeTestTask.execute(NodeTestTask.java:116) ~[junit-platform-engine-6.0.1.jar:6.0.1]
	at java.base/java.util.ArrayList.forEach(ArrayList.java:1612) ~[na:na]
	at org.junit.platform.engine.support.hierarchical.SameThreadHierarchicalTestExecutorService.invokeAll(SameThreadHierarchicalTestExecutorService.java:42) ~[junit-platform-engine-6.0.1.jar:6.0.1]
	at org.junit.platform.engine.support.hierarchical.NodeTestTask.lambda$executeRecursively$2(NodeTestTask.java:180) ~[junit-platform-engine-6.0.1.jar:6.0.1]
	at org.junit.platform.engine.support.hierarchical.ThrowableCollector.execute(ThrowableCollector.java:74) ~[junit-platform-engine-6.0.1.jar:6.0.1]
	at org.junit.platform.engine.support.hierarchical.NodeTestTask.lambda$executeRecursively$1(NodeTestTask.java:166) ~[junit-platform-engine-6.0.1.jar:6.0.1]
	at org.junit.platform.engine.support.hierarchical.Node.around(Node.java:138) ~[junit-platform-engine-6.0.1.jar:6.0.1]
	at org.junit.platform.engine.support.hierarchical.NodeTestTask.lambda$executeRecursively$0(NodeTestTask.java:164) ~[junit-platform-engine-6.0.1.jar:6.0.1]
	at org.junit.platform.engine.support.hierarchical.ThrowableCollector.execute(ThrowableCollector.java:74) ~[junit-platform-engine-6.0.1.jar:6.0.1]
	at org.junit.platform.engine.support.hierarchical.NodeTestTask.executeRecursively(NodeTestTask.java:163) ~[junit-platform-engine-6.0.1.jar:6.0.1]
	at org.junit.platform.engine.support.hierarchical.NodeTestTask.execute(NodeTestTask.java:116) ~[junit-platform-engine-6.0.1.jar:6.0.1]
	at java.base/java.util.ArrayList.forEach(ArrayList.java:1612) ~[na:na]
	at org.junit.platform.engine.support.hierarchical.SameThreadHierarchicalTestExecutorService.invokeAll(SameThreadHierarchicalTestExecutorService.java:42) ~[junit-platform-engine-6.0.1.jar:6.0.1]
	at org.junit.platform.engine.support.hierarchical.NodeTestTask.lambda$executeRecursively$2(NodeTestTask.java:180) ~[junit-platform-engine-6.0.1.jar:6.0.1]
	at org.junit.platform.engine.support.hierarchical.ThrowableCollector.execute(ThrowableCollector.java:74) ~[junit-platform-engine-6.0.1.jar:6.0.1]
	at org.junit.platform.engine.support.hierarchical.NodeTestTask.lambda$executeRecursively$1(NodeTestTask.java:166) ~[junit-platform-engine-6.0.1.jar:6.0.1]
	at org.junit.platform.engine.support.hierarchical.Node.around(Node.java:138) ~[junit-platform-engine-6.0.1.jar:6.0.1]
	at org.junit.platform.engine.support.hierarchical.NodeTestTask.lambda$executeRecursively$0(NodeTestTask.java:164) ~[junit-platform-engine-6.0.1.jar:6.0.1]
	at org.junit.platform.engine.support.hierarchical.ThrowableCollector.execute(ThrowableCollector.java:74) ~[junit-platform-engine-6.0.1.jar:6.0.1]
	at org.junit.platform.engine.support.hierarchical.NodeTestTask.executeRecursively(NodeTestTask.java:163) ~[junit-platform-engine-6.0.1.jar:6.0.1]
	at org.junit.platform.engine.support.hierarchical.NodeTestTask.execute(NodeTestTask.java:116) ~[junit-platform-engine-6.0.1.jar:6.0.1]
	at org.junit.platform.engine.support.hierarchical.SameThreadHierarchicalTestExecutorService.submit(SameThreadHierarchicalTestExecutorService.java:36) ~[junit-platform-engine-6.0.1.jar:6.0.1]
	at org.junit.platform.engine.support.hierarchical.HierarchicalTestExecutor.execute(HierarchicalTestExecutor.java:52) ~[junit-platform-engine-6.0.1.jar:6.0.1]
	at org.junit.platform.engine.support.hierarchical.HierarchicalTestEngine.execute(HierarchicalTestEngine.java:58) ~[junit-platform-engine-6.0.1.jar:6.0.1]
	at org.junit.platform.launcher.core.EngineExecutionOrchestrator.executeEngine(EngineExecutionOrchestrator.java:246) ~[junit-platform-launcher-6.0.1.jar:6.0.1]
	at org.junit.platform.launcher.core.EngineExecutionOrchestrator.failOrExecuteEngine(EngineExecutionOrchestrator.java:218) ~[junit-platform-launcher-6.0.1.jar:6.0.1]
	at org.junit.platform.launcher.core.EngineExecutionOrchestrator.execute(EngineExecutionOrchestrator.java:179) ~[junit-platform-launcher-6.0.1.jar:6.0.1]
	at org.junit.platform.launcher.core.EngineExecutionOrchestrator.execute(EngineExecutionOrchestrator.java:108) ~[junit-platform-launcher-6.0.1.jar:6.0.1]
	at org.junit.platform.launcher.core.EngineExecutionOrchestrator.lambda$execute$0(EngineExecutionOrchestrator.java:66) ~[junit-platform-launcher-6.0.1.jar:6.0.1]
	at org.junit.platform.launcher.core.EngineExecutionOrchestrator.withInterceptedStreams(EngineExecutionOrchestrator.java:157) ~[junit-platform-launcher-6.0.1.jar:6.0.1]
	at org.junit.platform.launcher.core.EngineExecutionOrchestrator.execute(EngineExecutionOrchestrator.java:65) ~[junit-platform-launcher-6.0.1.jar:6.0.1]
	at org.junit.platform.launcher.core.DefaultLauncher.execute(DefaultLauncher.java:125) ~[junit-platform-launcher-6.0.1.jar:6.0.1]
	at org.junit.platform.launcher.core.DefaultLauncher.execute(DefaultLauncher.java:114) ~[junit-platform-launcher-6.0.1.jar:6.0.1]
	at org.junit.platform.launcher.core.DelegatingLauncher.execute(DelegatingLauncher.java:58) ~[junit-platform-launcher-6.0.1.jar:6.0.1]
	at org.junit.platform.launcher.core.InterceptingLauncher.lambda$execute$2(InterceptingLauncher.java:57) ~[junit-platform-launcher-6.0.1.jar:6.0.1]
	at org.junit.platform.launcher.core.ClasspathAlignmentCheckingLauncherInterceptor.intercept(ClasspathAlignmentCheckingLauncherInterceptor.java:25) ~[junit-platform-launcher-6.0.1.jar:6.0.1]
	at org.junit.platform.launcher.core.InterceptingLauncher.execute(InterceptingLauncher.java:56) ~[junit-platform-launcher-6.0.1.jar:6.0.1]
	at org.junit.platform.launcher.core.DelegatingLauncher.execute(DelegatingLauncher.java:58) ~[junit-platform-launcher-6.0.1.jar:6.0.1]
	at java.base/jdk.internal.reflect.DirectMethodHandleAccessor.invoke(DirectMethodHandleAccessor.java:104) ~[na:na]
	at java.base/java.lang.reflect.Method.invoke(Method.java:583) ~[na:na]
	at org.apache.maven.surefire.api.util.ReflectionUtils.invokeMethodWithArray(ReflectionUtils.java:125) ~[surefire-api-3.5.4.jar:3.5.4]
	at org.apache.maven.surefire.junitplatform.LauncherAdapter.executeWithCancellationToken(LauncherAdapter.java:68) ~[surefire-junit-platform-3.5.4.jar:3.5.4]
	at org.apache.maven.surefire.junitplatform.LauncherAdapter.execute(LauncherAdapter.java:54) ~[surefire-junit-platform-3.5.4.jar:3.5.4]
	at org.apache.maven.surefire.junitplatform.JUnitPlatformProvider.execute(JUnitPlatformProvider.java:203) ~[surefire-junit-platform-3.5.4.jar:3.5.4]
	at org.apache.maven.surefire.junitplatform.JUnitPlatformProvider.invokeAllTests(JUnitPlatformProvider.java:168) ~[surefire-junit-platform-3.5.4.jar:3.5.4]
	at org.apache.maven.surefire.junitplatform.JUnitPlatformProvider.invoke(JUnitPlatformProvider.java:136) ~[surefire-junit-platform-3.5.4.jar:3.5.4]
	at org.apache.maven.surefire.booter.ForkedBooter.runSuitesInProcess(ForkedBooter.java:385) ~[surefire-booter-3.5.4.jar:3.5.4]
	at org.apache.maven.surefire.booter.ForkedBooter.execute(ForkedBooter.java:162) ~[surefire-booter-3.5.4.jar:3.5.4]
	at org.apache.maven.surefire.booter.ForkedBooter.run(ForkedBooter.java:507) ~[surefire-booter-3.5.4.jar:3.5.4]
	at org.apache.maven.surefire.booter.ForkedBooter.main(ForkedBooter.java:495) ~[surefire-booter-3.5.4.jar:3.5.4]

2026-10-02T23:36:45.899+01:00  WARN 32244 --- [archunit-hexagonal] [           main] c.t.a.core.importer.ClassFileProcessor   : Error during import from jrt:/java.base/java/lang/annotation/Inherited.class, falling back to simple import

java.lang.IllegalArgumentException: Unsupported class file major version 71
	at com.tngtech.archunit.thirdparty.org.objectweb.asm.ClassReader.<init>(ClassReader.java:200) ~[archunit-1.3.0.jar:1.3.0]
	at com.tngtech.archunit.thirdparty.org.objectweb.asm.ClassReader.<init>(ClassReader.java:180) ~[archunit-1.3.0.jar:1.3.0]
	at com.tngtech.archunit.thirdparty.org.objectweb.asm.ClassReader.<init>(ClassReader.java:166) ~[archunit-1.3.0.jar:1.3.0]
	at com.tngtech.archunit.thirdparty.org.objectweb.asm.ClassReader.<init>(ClassReader.java:288) ~[archunit-1.3.0.jar:1.3.0]
	at com.tngtech.archunit.core.importer.ClassFileProcessor$UriImporterOfProcessor.tryImport(ClassFileProcessor.java:350) ~[archunit-1.3.0.jar:1.3.0]
	at com.tngtech.archunit.core.importer.resolvers.ClassResolverFromClasspath.tryResolve(ClassResolverFromClasspath.java:51) ~[archunit-1.3.0.jar:1.3.0]
	at com.tngtech.archunit.core.importer.ImportedClasses.resolve(ImportedClasses.java:80) ~[archunit-1.3.0.jar:1.3.0]
	at com.tngtech.archunit.core.importer.ImportedClasses.ensurePresent(ImportedClasses.java:75) ~[archunit-1.3.0.jar:1.3.0]
	at com.tngtech.archunit.core.importer.DependencyResolutionProcess.executeRun(DependencyResolutionProcess.java:146) ~[archunit-1.3.0.jar:1.3.0]
	at com.tngtech.archunit.core.importer.DependencyResolutionProcess.resolve(DependencyResolutionProcess.java:122) ~[archunit-1.3.0.jar:1.3.0]
	at com.tngtech.archunit.core.importer.ClassGraphCreator.complete(ClassGraphCreator.java:107) ~[archunit-1.3.0.jar:1.3.0]
	at com.tngtech.archunit.core.importer.ClassFileProcessor.process(ClassFileProcessor.java:75) ~[archunit-1.3.0.jar:1.3.0]
	at com.tngtech.archunit.core.importer.ClassFileImporter.importLocations(ClassFileImporter.java:325) ~[archunit-1.3.0.jar:1.3.0]
	at com.tngtech.archunit.junit.internal.ClassCache$CacheClassFileImporter.importClasses(ClassCache.java:126) ~[archunit-junit5-engine-1.3.0.jar:1.3.0]
	at com.tngtech.archunit.junit.internal.ClassCache$LazyJavaClasses.initialize(ClassCache.java:118) ~[archunit-junit5-engine-1.3.0.jar:1.3.0]
	at com.tngtech.archunit.junit.internal.ClassCache$LazyJavaClasses.get(ClassCache.java:107) ~[archunit-junit5-engine-1.3.0.jar:1.3.0]
	at com.tngtech.archunit.junit.internal.ClassCache.getClassesToAnalyzeFor(ClassCache.java:84) ~[archunit-junit5-engine-1.3.0.jar:1.3.0]
	at com.tngtech.archunit.junit.internal.ArchUnitTestDescriptor.lambda$createChildren$1(ArchUnitTestDescriptor.java:90) ~[archunit-junit5-engine-1.3.0.jar:1.3.0]
	at com.tngtech.archunit.junit.internal.ArchUnitTestDescriptor$ArchUnitRuleDescriptor.execute(ArchUnitTestDescriptor.java:167) ~[archunit-junit5-engine-1.3.0.jar:1.3.0]
	at com.tngtech.archunit.junit.internal.ArchUnitTestDescriptor$ArchUnitRuleDescriptor.execute(ArchUnitTestDescriptor.java:150) ~[archunit-junit5-engine-1.3.0.jar:1.3.0]
	at org.junit.platform.engine.support.hierarchical.NodeTestTask.lambda$executeRecursively$2(NodeTestTask.java:176) ~[junit-platform-engine-6.0.1.jar:6.0.1]
	at org.junit.platform.engine.support.hierarchical.ThrowableCollector.execute(ThrowableCollector.java:74) ~[junit-platform-engine-6.0.1.jar:6.0.1]
	at org.junit.platform.engine.support.hierarchical.NodeTestTask.lambda$executeRecursively$1(NodeTestTask.java:166) ~[junit-platform-engine-6.0.1.jar:6.0.1]
	at org.junit.platform.engine.support.hierarchical.Node.around(Node.java:138) ~[junit-platform-engine-6.0.1.jar:6.0.1]
	at org.junit.platform.engine.support.hierarchical.NodeTestTask.lambda$executeRecursively$0(NodeTestTask.java:164) ~[junit-platform-engine-6.0.1.jar:6.0.1]
	at org.junit.platform.engine.support.hierarchical.ThrowableCollector.execute(ThrowableCollector.java:74) ~[junit-platform-engine-6.0.1.jar:6.0.1]
	at org.junit.platform.engine.support.hierarchical.NodeTestTask.executeRecursively(NodeTestTask.java:163) ~[junit-platform-engine-6.0.1.jar:6.0.1]
	at org.junit.platform.engine.support.hierarchical.NodeTestTask.execute(NodeTestTask.java:116) ~[junit-platform-engine-6.0.1.jar:6.0.1]
	at java.base/java.util.ArrayList.forEach(ArrayList.java:1612) ~[na:na]
	at org.junit.platform.engine.support.hierarchical.SameThreadHierarchicalTestExecutorService.invokeAll(SameThreadHierarchicalTestExecutorService.java:42) ~[junit-platform-engine-6.0.1.jar:6.0.1]
	at org.junit.platform.engine.support.hierarchical.NodeTestTask.lambda$executeRecursively$2(NodeTestTask.java:180) ~[junit-platform-engine-6.0.1.jar:6.0.1]
	at org.junit.platform.engine.support.hierarchical.ThrowableCollector.execute(ThrowableCollector.java:74) ~[junit-platform-engine-6.0.1.jar:6.0.1]
	at org.junit.platform.engine.support.hierarchical.NodeTestTask.lambda$executeRecursively$1(NodeTestTask.java:166) ~[junit-platform-engine-6.0.1.jar:6.0.1]
	at org.junit.platform.engine.support.hierarchical.Node.around(Node.java:138) ~[junit-platform-engine-6.0.1.jar:6.0.1]
	at org.junit.platform.engine.support.hierarchical.NodeTestTask.lambda$executeRecursively$0(NodeTestTask.java:164) ~[junit-platform-engine-6.0.1.jar:6.0.1]
	at org.junit.platform.engine.support.hierarchical.ThrowableCollector.execute(ThrowableCollector.java:74) ~[junit-platform-engine-6.0.1.jar:6.0.1]
	at org.junit.platform.engine.support.hierarchical.NodeTestTask.executeRecursively(NodeTestTask.java:163) ~[junit-platform-engine-6.0.1.jar:6.0.1]
	at org.junit.platform.engine.support.hierarchical.NodeTestTask.execute(NodeTestTask.java:116) ~[junit-platform-engine-6.0.1.jar:6.0.1]
	at java.base/java.util.ArrayList.forEach(ArrayList.java:1612) ~[na:na]
	at org.junit.platform.engine.support.hierarchical.SameThreadHierarchicalTestExecutorService.invokeAll(SameThreadHierarchicalTestExecutorService.java:42) ~[junit-platform-engine-6.0.1.jar:6.0.1]
	at org.junit.platform.engine.support.hierarchical.NodeTestTask.lambda$executeRecursively$2(NodeTestTask.java:180) ~[junit-platform-engine-6.0.1.jar:6.0.1]
	at org.junit.platform.engine.support.hierarchical.ThrowableCollector.execute(ThrowableCollector.java:74) ~[junit-platform-engine-6.0.1.jar:6.0.1]
	at org.junit.platform.engine.support.hierarchical.NodeTestTask.lambda$executeRecursively$1(NodeTestTask.java:166) ~[junit-platform-engine-6.0.1.jar:6.0.1]
	at org.junit.platform.engine.support.hierarchical.Node.around(Node.java:138) ~[junit-platform-engine-6.0.1.jar:6.0.1]
	at org.junit.platform.engine.support.hierarchical.NodeTestTask.lambda$executeRecursively$0(NodeTestTask.java:164) ~[junit-platform-engine-6.0.1.jar:6.0.1]
	at org.junit.platform.engine.support.hierarchical.ThrowableCollector.execute(ThrowableCollector.java:74) ~[junit-platform-engine-6.0.1.jar:6.0.1]
	at org.junit.platform.engine.support.hierarchical.NodeTestTask.executeRecursively(NodeTestTask.java:163) ~[junit-platform-engine-6.0.1.jar:6.0.1]
	at org.junit.platform.engine.support.hierarchical.NodeTestTask.execute(NodeTestTask.java:116) ~[junit-platform-engine-6.0.1.jar:6.0.1]
	at org.junit.platform.engine.support.hierarchical.SameThreadHierarchicalTestExecutorService.submit(SameThreadHierarchicalTestExecutorService.java:36) ~[junit-platform-engine-6.0.1.jar:6.0.1]
	at org.junit.platform.engine.support.hierarchical.HierarchicalTestExecutor.execute(HierarchicalTestExecutor.java:52) ~[junit-platform-engine-6.0.1.jar:6.0.1]
	at org.junit.platform.engine.support.hierarchical.HierarchicalTestEngine.execute(HierarchicalTestEngine.java:58) ~[junit-platform-engine-6.0.1.jar:6.0.1]
	at org.junit.platform.launcher.core.EngineExecutionOrchestrator.executeEngine(EngineExecutionOrchestrator.java:246) ~[junit-platform-launcher-6.0.1.jar:6.0.1]
	at org.junit.platform.launcher.core.EngineExecutionOrchestrator.failOrExecuteEngine(EngineExecutionOrchestrator.java:218) ~[junit-platform-launcher-6.0.1.jar:6.0.1]
	at org.junit.platform.launcher.core.EngineExecutionOrchestrator.execute(EngineExecutionOrchestrator.java:179) ~[junit-platform-launcher-6.0.1.jar:6.0.1]
	at org.junit.platform.launcher.core.EngineExecutionOrchestrator.execute(EngineExecutionOrchestrator.java:108) ~[junit-platform-launcher-6.0.1.jar:6.0.1]
	at org.junit.platform.launcher.core.EngineExecutionOrchestrator.lambda$execute$0(EngineExecutionOrchestrator.java:66) ~[junit-platform-launcher-6.0.1.jar:6.0.1]
	at org.junit.platform.launcher.core.EngineExecutionOrchestrator.withInterceptedStreams(EngineExecutionOrchestrator.java:157) ~[junit-platform-launcher-6.0.1.jar:6.0.1]
	at org.junit.platform.launcher.core.EngineExecutionOrchestrator.execute(EngineExecutionOrchestrator.java:65) ~[junit-platform-launcher-6.0.1.jar:6.0.1]
	at org.junit.platform.launcher.core.DefaultLauncher.execute(DefaultLauncher.java:125) ~[junit-platform-launcher-6.0.1.jar:6.0.1]
	at org.junit.platform.launcher.core.DefaultLauncher.execute(DefaultLauncher.java:114) ~[junit-platform-launcher-6.0.1.jar:6.0.1]
	at org.junit.platform.launcher.core.DelegatingLauncher.execute(DelegatingLauncher.java:58) ~[junit-platform-launcher-6.0.1.jar:6.0.1]
	at org.junit.platform.launcher.core.InterceptingLauncher.lambda$execute$2(InterceptingLauncher.java:57) ~[junit-platform-launcher-6.0.1.jar:6.0.1]
	at org.junit.platform.launcher.core.ClasspathAlignmentCheckingLauncherInterceptor.intercept(ClasspathAlignmentCheckingLauncherInterceptor.java:25) ~[junit-platform-launcher-6.0.1.jar:6.0.1]
	at org.junit.platform.launcher.core.InterceptingLauncher.execute(InterceptingLauncher.java:56) ~[junit-platform-launcher-6.0.1.jar:6.0.1]
	at org.junit.platform.launcher.core.DelegatingLauncher.execute(DelegatingLauncher.java:58) ~[junit-platform-launcher-6.0.1.jar:6.0.1]
	at java.base/jdk.internal.reflect.DirectMethodHandleAccessor.invoke(DirectMethodHandleAccessor.java:104) ~[na:na]
	at java.base/java.lang.reflect.Method.invoke(Method.java:583) ~[na:na]
	at org.apache.maven.surefire.api.util.ReflectionUtils.invokeMethodWithArray(ReflectionUtils.java:125) ~[surefire-api-3.5.4.jar:3.5.4]
	at org.apache.maven.surefire.junitplatform.LauncherAdapter.executeWithCancellationToken(LauncherAdapter.java:68) ~[surefire-junit-platform-3.5.4.jar:3.5.4]
	at org.apache.maven.surefire.junitplatform.LauncherAdapter.execute(LauncherAdapter.java:54) ~[surefire-junit-platform-3.5.4.jar:3.5.4]
	at org.apache.maven.surefire.junitplatform.JUnitPlatformProvider.execute(JUnitPlatformProvider.java:203) ~[surefire-junit-platform-3.5.4.jar:3.5.4]
	at org.apache.maven.surefire.junitplatform.JUnitPlatformProvider.invokeAllTests(JUnitPlatformProvider.java:168) ~[surefire-junit-platform-3.5.4.jar:3.5.4]
	at org.apache.maven.surefire.junitplatform.JUnitPlatformProvider.invoke(JUnitPlatformProvider.java:136) ~[surefire-junit-platform-3.5.4.jar:3.5.4]
	at org.apache.maven.surefire.booter.ForkedBooter.runSuitesInProcess(ForkedBooter.java:385) ~[surefire-booter-3.5.4.jar:3.5.4]
	at org.apache.maven.surefire.booter.ForkedBooter.execute(ForkedBooter.java:162) ~[surefire-booter-3.5.4.jar:3.5.4]
	at org.apache.maven.surefire.booter.ForkedBooter.run(ForkedBooter.java:507) ~[surefire-booter-3.5.4.jar:3.5.4]
	at org.apache.maven.surefire.booter.ForkedBooter.main(ForkedBooter.java:495) ~[surefire-booter-3.5.4.jar:3.5.4]

2026-10-02T23:36:45.912+01:00  WARN 32244 --- [archunit-hexagonal] [           main] c.t.a.core.importer.ClassFileProcessor   : Error during import from jrt:/java.base/java/lang/annotation/Retention.class, falling back to simple import

java.lang.IllegalArgumentException: Unsupported class file major version 71
	at com.tngtech.archunit.thirdparty.org.objectweb.asm.ClassReader.<init>(ClassReader.java:200) ~[archunit-1.3.0.jar:1.3.0]
	at com.tngtech.archunit.thirdparty.org.objectweb.asm.ClassReader.<init>(ClassReader.java:180) ~[archunit-1.3.0.jar:1.3.0]
	at com.tngtech.archunit.thirdparty.org.objectweb.asm.ClassReader.<init>(ClassReader.java:166) ~[archunit-1.3.0.jar:1.3.0]
	at com.tngtech.archunit.thirdparty.org.objectweb.asm.ClassReader.<init>(ClassReader.java:288) ~[archunit-1.3.0.jar:1.3.0]
	at com.tngtech.archunit.core.importer.ClassFileProcessor$UriImporterOfProcessor.tryImport(ClassFileProcessor.java:350) ~[archunit-1.3.0.jar:1.3.0]
	at com.tngtech.archunit.core.importer.resolvers.ClassResolverFromClasspath.tryResolve(ClassResolverFromClasspath.java:51) ~[archunit-1.3.0.jar:1.3.0]
	at com.tngtech.archunit.core.importer.ImportedClasses.resolve(ImportedClasses.java:80) ~[archunit-1.3.0.jar:1.3.0]
	at com.tngtech.archunit.core.importer.ImportedClasses.ensurePresent(ImportedClasses.java:75) ~[archunit-1.3.0.jar:1.3.0]
	at com.tngtech.archunit.core.importer.DependencyResolutionProcess.executeRun(DependencyResolutionProcess.java:146) ~[archunit-1.3.0.jar:1.3.0]
	at com.tngtech.archunit.core.importer.DependencyResolutionProcess.resolve(DependencyResolutionProcess.java:122) ~[archunit-1.3.0.jar:1.3.0]
	at com.tngtech.archunit.core.importer.ClassGraphCreator.complete(ClassGraphCreator.java:107) ~[archunit-1.3.0.jar:1.3.0]
	at com.tngtech.archunit.core.importer.ClassFileProcessor.process(ClassFileProcessor.java:75) ~[archunit-1.3.0.jar:1.3.0]
	at com.tngtech.archunit.core.importer.ClassFileImporter.importLocations(ClassFileImporter.java:325) ~[archunit-1.3.0.jar:1.3.0]
	at com.tngtech.archunit.junit.internal.ClassCache$CacheClassFileImporter.importClasses(ClassCache.java:126) ~[archunit-junit5-engine-1.3.0.jar:1.3.0]
	at com.tngtech.archunit.junit.internal.ClassCache$LazyJavaClasses.initialize(ClassCache.java:118) ~[archunit-junit5-engine-1.3.0.jar:1.3.0]
	at com.tngtech.archunit.junit.internal.ClassCache$LazyJavaClasses.get(ClassCache.java:107) ~[archunit-junit5-engine-1.3.0.jar:1.3.0]
	at com.tngtech.archunit.junit.internal.ClassCache.getClassesToAnalyzeFor(ClassCache.java:84) ~[archunit-junit5-engine-1.3.0.jar:1.3.0]
	at com.tngtech.archunit.junit.internal.ArchUnitTestDescriptor.lambda$createChildren$1(ArchUnitTestDescriptor.java:90) ~[archunit-junit5-engine-1.3.0.jar:1.3.0]
	at com.tngtech.archunit.junit.internal.ArchUnitTestDescriptor$ArchUnitRuleDescriptor.execute(ArchUnitTestDescriptor.java:167) ~[archunit-junit5-engine-1.3.0.jar:1.3.0]
	at com.tngtech.archunit.junit.internal.ArchUnitTestDescriptor$ArchUnitRuleDescriptor.execute(ArchUnitTestDescriptor.java:150) ~[archunit-junit5-engine-1.3.0.jar:1.3.0]
	at org.junit.platform.engine.support.hierarchical.NodeTestTask.lambda$executeRecursively$2(NodeTestTask.java:176) ~[junit-platform-engine-6.0.1.jar:6.0.1]
	at org.junit.platform.engine.support.hierarchical.ThrowableCollector.execute(ThrowableCollector.java:74) ~[junit-platform-engine-6.0.1.jar:6.0.1]
	at org.junit.platform.engine.support.hierarchical.NodeTestTask.lambda$executeRecursively$1(NodeTestTask.java:166) ~[junit-platform-engine-6.0.1.jar:6.0.1]
	at org.junit.platform.engine.support.hierarchical.Node.around(Node.java:138) ~[junit-platform-engine-6.0.1.jar:6.0.1]
	at org.junit.platform.engine.support.hierarchical.NodeTestTask.lambda$executeRecursively$0(NodeTestTask.java:164) ~[junit-platform-engine-6.0.1.jar:6.0.1]
	at org.junit.platform.engine.support.hierarchical.ThrowableCollector.execute(ThrowableCollector.java:74) ~[junit-platform-engine-6.0.1.jar:6.0.1]
	at org.junit.platform.engine.support.hierarchical.NodeTestTask.executeRecursively(NodeTestTask.java:163) ~[junit-platform-engine-6.0.1.jar:6.0.1]
	at org.junit.platform.engine.support.hierarchical.NodeTestTask.execute(NodeTestTask.java:116) ~[junit-platform-engine-6.0.1.jar:6.0.1]
	at java.base/java.util.ArrayList.forEach(ArrayList.java:1612) ~[na:na]
	at org.junit.platform.engine.support.hierarchical.SameThreadHierarchicalTestExecutorService.invokeAll(SameThreadHierarchicalTestExecutorService.java:42) ~[junit-platform-engine-6.0.1.jar:6.0.1]
	at org.junit.platform.engine.support.hierarchical.NodeTestTask.lambda$executeRecursively$2(NodeTestTask.java:180) ~[junit-platform-engine-6.0.1.jar:6.0.1]
	at org.junit.platform.engine.support.hierarchical.ThrowableCollector.execute(ThrowableCollector.java:74) ~[junit-platform-engine-6.0.1.jar:6.0.1]
	at org.junit.platform.engine.support.hierarchical.NodeTestTask.lambda$executeRecursively$1(NodeTestTask.java:166) ~[junit-platform-engine-6.0.1.jar:6.0.1]
	at org.junit.platform.engine.support.hierarchical.Node.around(Node.java:138) ~[junit-platform-engine-6.0.1.jar:6.0.1]
	at org.junit.platform.engine.support.hierarchical.NodeTestTask.lambda$executeRecursively$0(NodeTestTask.java:164) ~[junit-platform-engine-6.0.1.jar:6.0.1]
	at org.junit.platform.engine.support.hierarchical.ThrowableCollector.execute(ThrowableCollector.java:74) ~[junit-platform-engine-6.0.1.jar:6.0.1]
	at org.junit.platform.engine.support.hierarchical.NodeTestTask.executeRecursively(NodeTestTask.java:163) ~[junit-platform-engine-6.0.1.jar:6.0.1]
	at org.junit.platform.engine.support.hierarchical.NodeTestTask.execute(NodeTestTask.java:116) ~[junit-platform-engine-6.0.1.jar:6.0.1]
	at java.base/java.util.ArrayList.forEach(ArrayList.java:1612) ~[na:na]
	at org.junit.platform.engine.support.hierarchical.SameThreadHierarchicalTestExecutorService.invokeAll(SameThreadHierarchicalTestExecutorService.java:42) ~[junit-platform-engine-6.0.1.jar:6.0.1]
	at org.junit.platform.engine.support.hierarchical.NodeTestTask.lambda$executeRecursively$2(NodeTestTask.java:180) ~[junit-platform-engine-6.0.1.jar:6.0.1]
	at org.junit.platform.engine.support.hierarchical.ThrowableCollector.execute(ThrowableCollector.java:74) ~[junit-platform-engine-6.0.1.jar:6.0.1]
	at org.junit.platform.engine.support.hierarchical.NodeTestTask.lambda$executeRecursively$1(NodeTestTask.java:166) ~[junit-platform-engine-6.0.1.jar:6.0.1]
	at org.junit.platform.engine.support.hierarchical.Node.around(Node.java:138) ~[junit-platform-engine-6.0.1.jar:6.0.1]
	at org.junit.platform.engine.support.hierarchical.NodeTestTask.lambda$executeRecursively$0(NodeTestTask.java:164) ~[junit-platform-engine-6.0.1.jar:6.0.1]
	at org.junit.platform.engine.support.hierarchical.ThrowableCollector.execute(ThrowableCollector.java:74) ~[junit-platform-engine-6.0.1.jar:6.0.1]
	at org.junit.platform.engine.support.hierarchical.NodeTestTask.executeRecursively(NodeTestTask.java:163) ~[junit-platform-engine-6.0.1.jar:6.0.1]
	at org.junit.platform.engine.support.hierarchical.NodeTestTask.execute(NodeTestTask.java:116) ~[junit-platform-engine-6.0.1.jar:6.0.1]
	at org.junit.platform.engine.support.hierarchical.SameThreadHierarchicalTestExecutorService.submit(SameThreadHierarchicalTestExecutorService.java:36) ~[junit-platform-engine-6.0.1.jar:6.0.1]
	at org.junit.platform.engine.support.hierarchical.HierarchicalTestExecutor.execute(HierarchicalTestExecutor.java:52) ~[junit-platform-engine-6.0.1.jar:6.0.1]
	at org.junit.platform.engine.support.hierarchical.HierarchicalTestEngine.execute(HierarchicalTestEngine.java:58) ~[junit-platform-engine-6.0.1.jar:6.0.1]
	at org.junit.platform.launcher.core.EngineExecutionOrchestrator.executeEngine(EngineExecutionOrchestrator.java:246) ~[junit-platform-launcher-6.0.1.jar:6.0.1]
	at org.junit.platform.launcher.core.EngineExecutionOrchestrator.failOrExecuteEngine(EngineExecutionOrchestrator.java:218) ~[junit-platform-launcher-6.0.1.jar:6.0.1]
	at org.junit.platform.launcher.core.EngineExecutionOrchestrator.execute(EngineExecutionOrchestrator.java:179) ~[junit-platform-launcher-6.0.1.jar:6.0.1]
	at org.junit.platform.launcher.core.EngineExecutionOrchestrator.execute(EngineExecutionOrchestrator.java:108) ~[junit-platform-launcher-6.0.1.jar:6.0.1]
	at org.junit.platform.launcher.core.EngineExecutionOrchestrator.lambda$execute$0(EngineExecutionOrchestrator.java:66) ~[junit-platform-launcher-6.0.1.jar:6.0.1]
	at org.junit.platform.launcher.core.EngineExecutionOrchestrator.withInterceptedStreams(EngineExecutionOrchestrator.java:157) ~[junit-platform-launcher-6.0.1.jar:6.0.1]
	at org.junit.platform.launcher.core.EngineExecutionOrchestrator.execute(EngineExecutionOrchestrator.java:65) ~[junit-platform-launcher-6.0.1.jar:6.0.1]
	at org.junit.platform.launcher.core.DefaultLauncher.execute(DefaultLauncher.java:125) ~[junit-platform-launcher-6.0.1.jar:6.0.1]
	at org.junit.platform.launcher.core.DefaultLauncher.execute(DefaultLauncher.java:114) ~[junit-platform-launcher-6.0.1.jar:6.0.1]
	at org.junit.platform.launcher.core.DelegatingLauncher.execute(DelegatingLauncher.java:58) ~[junit-platform-launcher-6.0.1.jar:6.0.1]
	at org.junit.platform.launcher.core.InterceptingLauncher.lambda$execute$2(InterceptingLauncher.java:57) ~[junit-platform-launcher-6.0.1.jar:6.0.1]
	at org.junit.platform.launcher.core.ClasspathAlignmentCheckingLauncherInterceptor.intercept(ClasspathAlignmentCheckingLauncherInterceptor.java:25) ~[junit-platform-launcher-6.0.1.jar:6.0.1]
	at org.junit.platform.launcher.core.InterceptingLauncher.execute(InterceptingLauncher.java:56) ~[junit-platform-launcher-6.0.1.jar:6.0.1]
	at org.junit.platform.launcher.core.DelegatingLauncher.execute(DelegatingLauncher.java:58) ~[junit-platform-launcher-6.0.1.jar:6.0.1]
	at java.base/jdk.internal.reflect.DirectMethodHandleAccessor.invoke(DirectMethodHandleAccessor.java:104) ~[na:na]
	at java.base/java.lang.reflect.Method.invoke(Method.java:583) ~[na:na]
	at org.apache.maven.surefire.api.util.ReflectionUtils.invokeMethodWithArray(ReflectionUtils.java:125) ~[surefire-api-3.5.4.jar:3.5.4]
	at org.apache.maven.surefire.junitplatform.LauncherAdapter.executeWithCancellationToken(LauncherAdapter.java:68) ~[surefire-junit-platform-3.5.4.jar:3.5.4]
	at org.apache.maven.surefire.junitplatform.LauncherAdapter.execute(LauncherAdapter.java:54) ~[surefire-junit-platform-3.5.4.jar:3.5.4]
	at org.apache.maven.surefire.junitplatform.JUnitPlatformProvider.execute(JUnitPlatformProvider.java:203) ~[surefire-junit-platform-3.5.4.jar:3.5.4]
	at org.apache.maven.surefire.junitplatform.JUnitPlatformProvider.invokeAllTests(JUnitPlatformProvider.java:168) ~[surefire-junit-platform-3.5.4.jar:3.5.4]
	at org.apache.maven.surefire.junitplatform.JUnitPlatformProvider.invoke(JUnitPlatformProvider.java:136) ~[surefire-junit-platform-3.5.4.jar:3.5.4]
	at org.apache.maven.surefire.booter.ForkedBooter.runSuitesInProcess(ForkedBooter.java:385) ~[surefire-booter-3.5.4.jar:3.5.4]
	at org.apache.maven.surefire.booter.ForkedBooter.execute(ForkedBooter.java:162) ~[surefire-booter-3.5.4.jar:3.5.4]
	at org.apache.maven.surefire.booter.ForkedBooter.run(ForkedBooter.java:507) ~[surefire-booter-3.5.4.jar:3.5.4]
	at org.apache.maven.surefire.booter.ForkedBooter.main(ForkedBooter.java:495) ~[surefire-booter-3.5.4.jar:3.5.4]

2026-10-02T23:36:45.919+01:00  WARN 32244 --- [archunit-hexagonal] [           main] c.t.a.core.importer.ClassFileProcessor   : Error during import from jrt:/java.base/java/lang/annotation/Documented.class, falling back to simple import

java.lang.IllegalArgumentException: Unsupported class file major version 71
	at com.tngtech.archunit.thirdparty.org.objectweb.asm.ClassReader.<init>(ClassReader.java:200) ~[archunit-1.3.0.jar:1.3.0]
	at com.tngtech.archunit.thirdparty.org.objectweb.asm.ClassReader.<init>(ClassReader.java:180) ~[archunit-1.3.0.jar:1.3.0]
	at com.tngtech.archunit.thirdparty.org.objectweb.asm.ClassReader.<init>(ClassReader.java:166) ~[archunit-1.3.0.jar:1.3.0]
	at com.tngtech.archunit.thirdparty.org.objectweb.asm.ClassReader.<init>(ClassReader.java:288) ~[archunit-1.3.0.jar:1.3.0]
	at com.tngtech.archunit.core.importer.ClassFileProcessor$UriImporterOfProcessor.tryImport(ClassFileProcessor.java:350) ~[archunit-1.3.0.jar:1.3.0]
	at com.tngtech.archunit.core.importer.resolvers.ClassResolverFromClasspath.tryResolve(ClassResolverFromClasspath.java:51) ~[archunit-1.3.0.jar:1.3.0]
	at com.tngtech.archunit.core.importer.ImportedClasses.resolve(ImportedClasses.java:80) ~[archunit-1.3.0.jar:1.3.0]
	at com.tngtech.archunit.core.importer.ImportedClasses.ensurePresent(ImportedClasses.java:75) ~[archunit-1.3.0.jar:1.3.0]
	at com.tngtech.archunit.core.importer.DependencyResolutionProcess.executeRun(DependencyResolutionProcess.java:146) ~[archunit-1.3.0.jar:1.3.0]
	at com.tngtech.archunit.core.importer.DependencyResolutionProcess.resolve(DependencyResolutionProcess.java:122) ~[archunit-1.3.0.jar:1.3.0]
	at com.tngtech.archunit.core.importer.ClassGraphCreator.complete(ClassGraphCreator.java:107) ~[archunit-1.3.0.jar:1.3.0]
	at com.tngtech.archunit.core.importer.ClassFileProcessor.process(ClassFileProcessor.java:75) ~[archunit-1.3.0.jar:1.3.0]
	at com.tngtech.archunit.core.importer.ClassFileImporter.importLocations(ClassFileImporter.java:325) ~[archunit-1.3.0.jar:1.3.0]
	at com.tngtech.archunit.junit.internal.ClassCache$CacheClassFileImporter.importClasses(ClassCache.java:126) ~[archunit-junit5-engine-1.3.0.jar:1.3.0]
	at com.tngtech.archunit.junit.internal.ClassCache$LazyJavaClasses.initialize(ClassCache.java:118) ~[archunit-junit5-engine-1.3.0.jar:1.3.0]
	at com.tngtech.archunit.junit.internal.ClassCache$LazyJavaClasses.get(ClassCache.java:107) ~[archunit-junit5-engine-1.3.0.jar:1.3.0]
	at com.tngtech.archunit.junit.internal.ClassCache.getClassesToAnalyzeFor(ClassCache.java:84) ~[archunit-junit5-engine-1.3.0.jar:1.3.0]
	at com.tngtech.archunit.junit.internal.ArchUnitTestDescriptor.lambda$createChildren$1(ArchUnitTestDescriptor.java:90) ~[archunit-junit5-engine-1.3.0.jar:1.3.0]
	at com.tngtech.archunit.junit.internal.ArchUnitTestDescriptor$ArchUnitRuleDescriptor.execute(ArchUnitTestDescriptor.java:167) ~[archunit-junit5-engine-1.3.0.jar:1.3.0]
	at com.tngtech.archunit.junit.internal.ArchUnitTestDescriptor$ArchUnitRuleDescriptor.execute(ArchUnitTestDescriptor.java:150) ~[archunit-junit5-engine-1.3.0.jar:1.3.0]
	at org.junit.platform.engine.support.hierarchical.NodeTestTask.lambda$executeRecursively$2(NodeTestTask.java:176) ~[junit-platform-engine-6.0.1.jar:6.0.1]
	at org.junit.platform.engine.support.hierarchical.ThrowableCollector.execute(ThrowableCollector.java:74) ~[junit-platform-engine-6.0.1.jar:6.0.1]
	at org.junit.platform.engine.support.hierarchical.NodeTestTask.lambda$executeRecursively$1(NodeTestTask.java:166) ~[junit-platform-engine-6.0.1.jar:6.0.1]
	at org.junit.platform.engine.support.hierarchical.Node.around(Node.java:138) ~[junit-platform-engine-6.0.1.jar:6.0.1]
	at org.junit.platform.engine.support.hierarchical.NodeTestTask.lambda$executeRecursively$0(NodeTestTask.java:164) ~[junit-platform-engine-6.0.1.jar:6.0.1]
	at org.junit.platform.engine.support.hierarchical.ThrowableCollector.execute(ThrowableCollector.java:74) ~[junit-platform-engine-6.0.1.jar:6.0.1]
	at org.junit.platform.engine.support.hierarchical.NodeTestTask.executeRecursively(NodeTestTask.java:163) ~[junit-platform-engine-6.0.1.jar:6.0.1]
	at org.junit.platform.engine.support.hierarchical.NodeTestTask.execute(NodeTestTask.java:116) ~[junit-platform-engine-6.0.1.jar:6.0.1]
	at java.base/java.util.ArrayList.forEach(ArrayList.java:1612) ~[na:na]
	at org.junit.platform.engine.support.hierarchical.SameThreadHierarchicalTestExecutorService.invokeAll(SameThreadHierarchicalTestExecutorService.java:42) ~[junit-platform-engine-6.0.1.jar:6.0.1]
	at org.junit.platform.engine.support.hierarchical.NodeTestTask.lambda$executeRecursively$2(NodeTestTask.java:180) ~[junit-platform-engine-6.0.1.jar:6.0.1]
	at org.junit.platform.engine.support.hierarchical.ThrowableCollector.execute(ThrowableCollector.java:74) ~[junit-platform-engine-6.0.1.jar:6.0.1]
	at org.junit.platform.engine.support.hierarchical.NodeTestTask.lambda$executeRecursively$1(NodeTestTask.java:166) ~[junit-platform-engine-6.0.1.jar:6.0.1]
	at org.junit.platform.engine.support.hierarchical.Node.around(Node.java:138) ~[junit-platform-engine-6.0.1.jar:6.0.1]
	at org.junit.platform.engine.support.hierarchical.NodeTestTask.lambda$executeRecursively$0(NodeTestTask.java:164) ~[junit-platform-engine-6.0.1.jar:6.0.1]
	at org.junit.platform.engine.support.hierarchical.ThrowableCollector.execute(ThrowableCollector.java:74) ~[junit-platform-engine-6.0.1.jar:6.0.1]
	at org.junit.platform.engine.support.hierarchical.NodeTestTask.executeRecursively(NodeTestTask.java:163) ~[junit-platform-engine-6.0.1.jar:6.0.1]
	at org.junit.platform.engine.support.hierarchical.NodeTestTask.execute(NodeTestTask.java:116) ~[junit-platform-engine-6.0.1.jar:6.0.1]
	at java.base/java.util.ArrayList.forEach(ArrayList.java:1612) ~[na:na]
	at org.junit.platform.engine.support.hierarchical.SameThreadHierarchicalTestExecutorService.invokeAll(SameThreadHierarchicalTestExecutorService.java:42) ~[junit-platform-engine-6.0.1.jar:6.0.1]
	at org.junit.platform.engine.support.hierarchical.NodeTestTask.lambda$executeRecursively$2(NodeTestTask.java:180) ~[junit-platform-engine-6.0.1.jar:6.0.1]
	at org.junit.platform.engine.support.hierarchical.ThrowableCollector.execute(ThrowableCollector.java:74) ~[junit-platform-engine-6.0.1.jar:6.0.1]
	at org.junit.platform.engine.support.hierarchical.NodeTestTask.lambda$executeRecursively$1(NodeTestTask.java:166) ~[junit-platform-engine-6.0.1.jar:6.0.1]
	at org.junit.platform.engine.support.hierarchical.Node.around(Node.java:138) ~[junit-platform-engine-6.0.1.jar:6.0.1]
	at org.junit.platform.engine.support.hierarchical.NodeTestTask.lambda$executeRecursively$0(NodeTestTask.java:164) ~[junit-platform-engine-6.0.1.jar:6.0.1]
	at org.junit.platform.engine.support.hierarchical.ThrowableCollector.execute(ThrowableCollector.java:74) ~[junit-platform-engine-6.0.1.jar:6.0.1]
	at org.junit.platform.engine.support.hierarchical.NodeTestTask.executeRecursively(NodeTestTask.java:163) ~[junit-platform-engine-6.0.1.jar:6.0.1]
	at org.junit.platform.engine.support.hierarchical.NodeTestTask.execute(NodeTestTask.java:116) ~[junit-platform-engine-6.0.1.jar:6.0.1]
	at org.junit.platform.engine.support.hierarchical.SameThreadHierarchicalTestExecutorService.submit(SameThreadHierarchicalTestExecutorService.java:36) ~[junit-platform-engine-6.0.1.jar:6.0.1]
	at org.junit.platform.engine.support.hierarchical.HierarchicalTestExecutor.execute(HierarchicalTestExecutor.java:52) ~[junit-platform-engine-6.0.1.jar:6.0.1]
	at org.junit.platform.engine.support.hierarchical.HierarchicalTestEngine.execute(HierarchicalTestEngine.java:58) ~[junit-platform-engine-6.0.1.jar:6.0.1]
	at org.junit.platform.launcher.core.EngineExecutionOrchestrator.executeEngine(EngineExecutionOrchestrator.java:246) ~[junit-platform-launcher-6.0.1.jar:6.0.1]
	at org.junit.platform.launcher.core.EngineExecutionOrchestrator.failOrExecuteEngine(EngineExecutionOrchestrator.java:218) ~[junit-platform-launcher-6.0.1.jar:6.0.1]
	at org.junit.platform.launcher.core.EngineExecutionOrchestrator.execute(EngineExecutionOrchestrator.java:179) ~[junit-platform-launcher-6.0.1.jar:6.0.1]
	at org.junit.platform.launcher.core.EngineExecutionOrchestrator.execute(EngineExecutionOrchestrator.java:108) ~[junit-platform-launcher-6.0.1.jar:6.0.1]
	at org.junit.platform.launcher.core.EngineExecutionOrchestrator.lambda$execute$0(EngineExecutionOrchestrator.java:66) ~[junit-platform-launcher-6.0.1.jar:6.0.1]
	at org.junit.platform.launcher.core.EngineExecutionOrchestrator.withInterceptedStreams(EngineExecutionOrchestrator.java:157) ~[junit-platform-launcher-6.0.1.jar:6.0.1]
	at org.junit.platform.launcher.core.EngineExecutionOrchestrator.execute(EngineExecutionOrchestrator.java:65) ~[junit-platform-launcher-6.0.1.jar:6.0.1]
	at org.junit.platform.launcher.core.DefaultLauncher.execute(DefaultLauncher.java:125) ~[junit-platform-launcher-6.0.1.jar:6.0.1]
	at org.junit.platform.launcher.core.DefaultLauncher.execute(DefaultLauncher.java:114) ~[junit-platform-launcher-6.0.1.jar:6.0.1]
	at org.junit.platform.launcher.core.DelegatingLauncher.execute(DelegatingLauncher.java:58) ~[junit-platform-launcher-6.0.1.jar:6.0.1]
	at org.junit.platform.launcher.core.InterceptingLauncher.lambda$execute$2(InterceptingLauncher.java:57) ~[junit-platform-launcher-6.0.1.jar:6.0.1]
	at org.junit.platform.launcher.core.ClasspathAlignmentCheckingLauncherInterceptor.intercept(ClasspathAlignmentCheckingLauncherInterceptor.java:25) ~[junit-platform-launcher-6.0.1.jar:6.0.1]
	at org.junit.platform.launcher.core.InterceptingLauncher.execute(InterceptingLauncher.java:56) ~[junit-platform-launcher-6.0.1.jar:6.0.1]
	at org.junit.platform.launcher.core.DelegatingLauncher.execute(DelegatingLauncher.java:58) ~[junit-platform-launcher-6.0.1.jar:6.0.1]
	at java.base/jdk.internal.reflect.DirectMethodHandleAccessor.invoke(DirectMethodHandleAccessor.java:104) ~[na:na]
	at java.base/java.lang.reflect.Method.invoke(Method.java:583) ~[na:na]
	at org.apache.maven.surefire.api.util.ReflectionUtils.invokeMethodWithArray(ReflectionUtils.java:125) ~[surefire-api-3.5.4.jar:3.5.4]
	at org.apache.maven.surefire.junitplatform.LauncherAdapter.executeWithCancellationToken(LauncherAdapter.java:68) ~[surefire-junit-platform-3.5.4.jar:3.5.4]
	at org.apache.maven.surefire.junitplatform.LauncherAdapter.execute(LauncherAdapter.java:54) ~[surefire-junit-platform-3.5.4.jar:3.5.4]
	at org.apache.maven.surefire.junitplatform.JUnitPlatformProvider.execute(JUnitPlatformProvider.java:203) ~[surefire-junit-platform-3.5.4.jar:3.5.4]
	at org.apache.maven.surefire.junitplatform.JUnitPlatformProvider.invokeAllTests(JUnitPlatformProvider.java:168) ~[surefire-junit-platform-3.5.4.jar:3.5.4]
	at org.apache.maven.surefire.junitplatform.JUnitPlatformProvider.invoke(JUnitPlatformProvider.java:136) ~[surefire-junit-platform-3.5.4.jar:3.5.4]
	at org.apache.maven.surefire.booter.ForkedBooter.runSuitesInProcess(ForkedBooter.java:385) ~[surefire-booter-3.5.4.jar:3.5.4]
	at org.apache.maven.surefire.booter.ForkedBooter.execute(ForkedBooter.java:162) ~[surefire-booter-3.5.4.jar:3.5.4]
	at org.apache.maven.surefire.booter.ForkedBooter.run(ForkedBooter.java:507) ~[surefire-booter-3.5.4.jar:3.5.4]
	at org.apache.maven.surefire.booter.ForkedBooter.main(ForkedBooter.java:495) ~[surefire-booter-3.5.4.jar:3.5.4]

2026-10-02T23:36:45.933+01:00  WARN 32244 --- [archunit-hexagonal] [           main] c.t.a.core.importer.ClassFileProcessor   : Error during import from jrt:/java.base/java/lang/Deprecated.class, falling back to simple import

java.lang.IllegalArgumentException: Unsupported class file major version 71
	at com.tngtech.archunit.thirdparty.org.objectweb.asm.ClassReader.<init>(ClassReader.java:200) ~[archunit-1.3.0.jar:1.3.0]
	at com.tngtech.archunit.thirdparty.org.objectweb.asm.ClassReader.<init>(ClassReader.java:180) ~[archunit-1.3.0.jar:1.3.0]
	at com.tngtech.archunit.thirdparty.org.objectweb.asm.ClassReader.<init>(ClassReader.java:166) ~[archunit-1.3.0.jar:1.3.0]
	at com.tngtech.archunit.thirdparty.org.objectweb.asm.ClassReader.<init>(ClassReader.java:288) ~[archunit-1.3.0.jar:1.3.0]
	at com.tngtech.archunit.core.importer.ClassFileProcessor$UriImporterOfProcessor.tryImport(ClassFileProcessor.java:350) ~[archunit-1.3.0.jar:1.3.0]
	at com.tngtech.archunit.core.importer.resolvers.ClassResolverFromClasspath.tryResolve(ClassResolverFromClasspath.java:51) ~[archunit-1.3.0.jar:1.3.0]
	at com.tngtech.archunit.core.importer.ImportedClasses.resolve(ImportedClasses.java:80) ~[archunit-1.3.0.jar:1.3.0]
	at com.tngtech.archunit.core.importer.ImportedClasses.ensurePresent(ImportedClasses.java:75) ~[archunit-1.3.0.jar:1.3.0]
	at com.tngtech.archunit.core.importer.DependencyResolutionProcess.executeRun(DependencyResolutionProcess.java:146) ~[archunit-1.3.0.jar:1.3.0]
	at com.tngtech.archunit.core.importer.DependencyResolutionProcess.resolve(DependencyResolutionProcess.java:122) ~[archunit-1.3.0.jar:1.3.0]
	at com.tngtech.archunit.core.importer.ClassGraphCreator.complete(ClassGraphCreator.java:107) ~[archunit-1.3.0.jar:1.3.0]
	at com.tngtech.archunit.core.importer.ClassFileProcessor.process(ClassFileProcessor.java:75) ~[archunit-1.3.0.jar:1.3.0]
	at com.tngtech.archunit.core.importer.ClassFileImporter.importLocations(ClassFileImporter.java:325) ~[archunit-1.3.0.jar:1.3.0]
	at com.tngtech.archunit.junit.internal.ClassCache$CacheClassFileImporter.importClasses(ClassCache.java:126) ~[archunit-junit5-engine-1.3.0.jar:1.3.0]
	at com.tngtech.archunit.junit.internal.ClassCache$LazyJavaClasses.initialize(ClassCache.java:118) ~[archunit-junit5-engine-1.3.0.jar:1.3.0]
	at com.tngtech.archunit.junit.internal.ClassCache$LazyJavaClasses.get(ClassCache.java:107) ~[archunit-junit5-engine-1.3.0.jar:1.3.0]
	at com.tngtech.archunit.junit.internal.ClassCache.getClassesToAnalyzeFor(ClassCache.java:84) ~[archunit-junit5-engine-1.3.0.jar:1.3.0]
	at com.tngtech.archunit.junit.internal.ArchUnitTestDescriptor.lambda$createChildren$1(ArchUnitTestDescriptor.java:90) ~[archunit-junit5-engine-1.3.0.jar:1.3.0]
	at com.tngtech.archunit.junit.internal.ArchUnitTestDescriptor$ArchUnitRuleDescriptor.execute(ArchUnitTestDescriptor.java:167) ~[archunit-junit5-engine-1.3.0.jar:1.3.0]
	at com.tngtech.archunit.junit.internal.ArchUnitTestDescriptor$ArchUnitRuleDescriptor.execute(ArchUnitTestDescriptor.java:150) ~[archunit-junit5-engine-1.3.0.jar:1.3.0]
	at org.junit.platform.engine.support.hierarchical.NodeTestTask.lambda$executeRecursively$2(NodeTestTask.java:176) ~[junit-platform-engine-6.0.1.jar:6.0.1]
	at org.junit.platform.engine.support.hierarchical.ThrowableCollector.execute(ThrowableCollector.java:74) ~[junit-platform-engine-6.0.1.jar:6.0.1]
	at org.junit.platform.engine.support.hierarchical.NodeTestTask.lambda$executeRecursively$1(NodeTestTask.java:166) ~[junit-platform-engine-6.0.1.jar:6.0.1]
	at org.junit.platform.engine.support.hierarchical.Node.around(Node.java:138) ~[junit-platform-engine-6.0.1.jar:6.0.1]
	at org.junit.platform.engine.support.hierarchical.NodeTestTask.lambda$executeRecursively$0(NodeTestTask.java:164) ~[junit-platform-engine-6.0.1.jar:6.0.1]
	at org.junit.platform.engine.support.hierarchical.ThrowableCollector.execute(ThrowableCollector.java:74) ~[junit-platform-engine-6.0.1.jar:6.0.1]
	at org.junit.platform.engine.support.hierarchical.NodeTestTask.executeRecursively(NodeTestTask.java:163) ~[junit-platform-engine-6.0.1.jar:6.0.1]
	at org.junit.platform.engine.support.hierarchical.NodeTestTask.execute(NodeTestTask.java:116) ~[junit-platform-engine-6.0.1.jar:6.0.1]
	at java.base/java.util.ArrayList.forEach(ArrayList.java:1612) ~[na:na]
	at org.junit.platform.engine.support.hierarchical.SameThreadHierarchicalTestExecutorService.invokeAll(SameThreadHierarchicalTestExecutorService.java:42) ~[junit-platform-engine-6.0.1.jar:6.0.1]
	at org.junit.platform.engine.support.hierarchical.NodeTestTask.lambda$executeRecursively$2(NodeTestTask.java:180) ~[junit-platform-engine-6.0.1.jar:6.0.1]
	at org.junit.platform.engine.support.hierarchical.ThrowableCollector.execute(ThrowableCollector.java:74) ~[junit-platform-engine-6.0.1.jar:6.0.1]
	at org.junit.platform.engine.support.hierarchical.NodeTestTask.lambda$executeRecursively$1(NodeTestTask.java:166) ~[junit-platform-engine-6.0.1.jar:6.0.1]
	at org.junit.platform.engine.support.hierarchical.Node.around(Node.java:138) ~[junit-platform-engine-6.0.1.jar:6.0.1]
	at org.junit.platform.engine.support.hierarchical.NodeTestTask.lambda$executeRecursively$0(NodeTestTask.java:164) ~[junit-platform-engine-6.0.1.jar:6.0.1]
	at org.junit.platform.engine.support.hierarchical.ThrowableCollector.execute(ThrowableCollector.java:74) ~[junit-platform-engine-6.0.1.jar:6.0.1]
	at org.junit.platform.engine.support.hierarchical.NodeTestTask.executeRecursively(NodeTestTask.java:163) ~[junit-platform-engine-6.0.1.jar:6.0.1]
	at org.junit.platform.engine.support.hierarchical.NodeTestTask.execute(NodeTestTask.java:116) ~[junit-platform-engine-6.0.1.jar:6.0.1]
	at java.base/java.util.ArrayList.forEach(ArrayList.java:1612) ~[na:na]
	at org.junit.platform.engine.support.hierarchical.SameThreadHierarchicalTestExecutorService.invokeAll(SameThreadHierarchicalTestExecutorService.java:42) ~[junit-platform-engine-6.0.1.jar:6.0.1]
	at org.junit.platform.engine.support.hierarchical.NodeTestTask.lambda$executeRecursively$2(NodeTestTask.java:180) ~[junit-platform-engine-6.0.1.jar:6.0.1]
	at org.junit.platform.engine.support.hierarchical.ThrowableCollector.execute(ThrowableCollector.java:74) ~[junit-platform-engine-6.0.1.jar:6.0.1]
	at org.junit.platform.engine.support.hierarchical.NodeTestTask.lambda$executeRecursively$1(NodeTestTask.java:166) ~[junit-platform-engine-6.0.1.jar:6.0.1]
	at org.junit.platform.engine.support.hierarchical.Node.around(Node.java:138) ~[junit-platform-engine-6.0.1.jar:6.0.1]
	at org.junit.platform.engine.support.hierarchical.NodeTestTask.lambda$executeRecursively$0(NodeTestTask.java:164) ~[junit-platform-engine-6.0.1.jar:6.0.1]
	at org.junit.platform.engine.support.hierarchical.ThrowableCollector.execute(ThrowableCollector.java:74) ~[junit-platform-engine-6.0.1.jar:6.0.1]
	at org.junit.platform.engine.support.hierarchical.NodeTestTask.executeRecursively(NodeTestTask.java:163) ~[junit-platform-engine-6.0.1.jar:6.0.1]
	at org.junit.platform.engine.support.hierarchical.NodeTestTask.execute(NodeTestTask.java:116) ~[junit-platform-engine-6.0.1.jar:6.0.1]
	at org.junit.platform.engine.support.hierarchical.SameThreadHierarchicalTestExecutorService.submit(SameThreadHierarchicalTestExecutorService.java:36) ~[junit-platform-engine-6.0.1.jar:6.0.1]
	at org.junit.platform.engine.support.hierarchical.HierarchicalTestExecutor.execute(HierarchicalTestExecutor.java:52) ~[junit-platform-engine-6.0.1.jar:6.0.1]
	at org.junit.platform.engine.support.hierarchical.HierarchicalTestEngine.execute(HierarchicalTestEngine.java:58) ~[junit-platform-engine-6.0.1.jar:6.0.1]
	at org.junit.platform.launcher.core.EngineExecutionOrchestrator.executeEngine(EngineExecutionOrchestrator.java:246) ~[junit-platform-launcher-6.0.1.jar:6.0.1]
	at org.junit.platform.launcher.core.EngineExecutionOrchestrator.failOrExecuteEngine(EngineExecutionOrchestrator.java:218) ~[junit-platform-launcher-6.0.1.jar:6.0.1]
	at org.junit.platform.launcher.core.EngineExecutionOrchestrator.execute(EngineExecutionOrchestrator.java:179) ~[junit-platform-launcher-6.0.1.jar:6.0.1]
	at org.junit.platform.launcher.core.EngineExecutionOrchestrator.execute(EngineExecutionOrchestrator.java:108) ~[junit-platform-launcher-6.0.1.jar:6.0.1]
	at org.junit.platform.launcher.core.EngineExecutionOrchestrator.lambda$execute$0(EngineExecutionOrchestrator.java:66) ~[junit-platform-launcher-6.0.1.jar:6.0.1]
	at org.junit.platform.launcher.core.EngineExecutionOrchestrator.withInterceptedStreams(EngineExecutionOrchestrator.java:157) ~[junit-platform-launcher-6.0.1.jar:6.0.1]
	at org.junit.platform.launcher.core.EngineExecutionOrchestrator.execute(EngineExecutionOrchestrator.java:65) ~[junit-platform-launcher-6.0.1.jar:6.0.1]
	at org.junit.platform.launcher.core.DefaultLauncher.execute(DefaultLauncher.java:125) ~[junit-platform-launcher-6.0.1.jar:6.0.1]
	at org.junit.platform.launcher.core.DefaultLauncher.execute(DefaultLauncher.java:114) ~[junit-platform-launcher-6.0.1.jar:6.0.1]
	at org.junit.platform.launcher.core.DelegatingLauncher.execute(DelegatingLauncher.java:58) ~[junit-platform-launcher-6.0.1.jar:6.0.1]
	at org.junit.platform.launcher.core.InterceptingLauncher.lambda$execute$2(InterceptingLauncher.java:57) ~[junit-platform-launcher-6.0.1.jar:6.0.1]
	at org.junit.platform.launcher.core.ClasspathAlignmentCheckingLauncherInterceptor.intercept(ClasspathAlignmentCheckingLauncherInterceptor.java:25) ~[junit-platform-launcher-6.0.1.jar:6.0.1]
	at org.junit.platform.launcher.core.InterceptingLauncher.execute(InterceptingLauncher.java:56) ~[junit-platform-launcher-6.0.1.jar:6.0.1]
	at org.junit.platform.launcher.core.DelegatingLauncher.execute(DelegatingLauncher.java:58) ~[junit-platform-launcher-6.0.1.jar:6.0.1]
	at java.base/jdk.internal.reflect.DirectMethodHandleAccessor.invoke(DirectMethodHandleAccessor.java:104) ~[na:na]
	at java.base/java.lang.reflect.Method.invoke(Method.java:583) ~[na:na]
	at org.apache.maven.surefire.api.util.ReflectionUtils.invokeMethodWithArray(ReflectionUtils.java:125) ~[surefire-api-3.5.4.jar:3.5.4]
	at org.apache.maven.surefire.junitplatform.LauncherAdapter.executeWithCancellationToken(LauncherAdapter.java:68) ~[surefire-junit-platform-3.5.4.jar:3.5.4]
	at org.apache.maven.surefire.junitplatform.LauncherAdapter.execute(LauncherAdapter.java:54) ~[surefire-junit-platform-3.5.4.jar:3.5.4]
	at org.apache.maven.surefire.junitplatform.JUnitPlatformProvider.execute(JUnitPlatformProvider.java:203) ~[surefire-junit-platform-3.5.4.jar:3.5.4]
	at org.apache.maven.surefire.junitplatform.JUnitPlatformProvider.invokeAllTests(JUnitPlatformProvider.java:168) ~[surefire-junit-platform-3.5.4.jar:3.5.4]
	at org.apache.maven.surefire.junitplatform.JUnitPlatformProvider.invoke(JUnitPlatformProvider.java:136) ~[surefire-junit-platform-3.5.4.jar:3.5.4]
	at org.apache.maven.surefire.booter.ForkedBooter.runSuitesInProcess(ForkedBooter.java:385) ~[surefire-booter-3.5.4.jar:3.5.4]
	at org.apache.maven.surefire.booter.ForkedBooter.execute(ForkedBooter.java:162) ~[surefire-booter-3.5.4.jar:3.5.4]
	at org.apache.maven.surefire.booter.ForkedBooter.run(ForkedBooter.java:507) ~[surefire-booter-3.5.4.jar:3.5.4]
	at org.apache.maven.surefire.booter.ForkedBooter.main(ForkedBooter.java:495) ~[surefire-booter-3.5.4.jar:3.5.4]

2026-10-02T23:36:45.936+01:00  WARN 32244 --- [archunit-hexagonal] [           main] c.t.a.core.importer.ClassFileProcessor   : Error during import from jrt:/java.base/java/lang/StackWalker$StackFrame.class, falling back to simple import

java.lang.IllegalArgumentException: Unsupported class file major version 71
	at com.tngtech.archunit.thirdparty.org.objectweb.asm.ClassReader.<init>(ClassReader.java:200) ~[archunit-1.3.0.jar:1.3.0]
	at com.tngtech.archunit.thirdparty.org.objectweb.asm.ClassReader.<init>(ClassReader.java:180) ~[archunit-1.3.0.jar:1.3.0]
	at com.tngtech.archunit.thirdparty.org.objectweb.asm.ClassReader.<init>(ClassReader.java:166) ~[archunit-1.3.0.jar:1.3.0]
	at com.tngtech.archunit.thirdparty.org.objectweb.asm.ClassReader.<init>(ClassReader.java:288) ~[archunit-1.3.0.jar:1.3.0]
	at com.tngtech.archunit.core.importer.ClassFileProcessor$UriImporterOfProcessor.tryImport(ClassFileProcessor.java:350) ~[archunit-1.3.0.jar:1.3.0]
	at com.tngtech.archunit.core.importer.resolvers.ClassResolverFromClasspath.tryResolve(ClassResolverFromClasspath.java:51) ~[archunit-1.3.0.jar:1.3.0]
	at com.tngtech.archunit.core.importer.ImportedClasses.resolve(ImportedClasses.java:80) ~[archunit-1.3.0.jar:1.3.0]
	at com.tngtech.archunit.core.importer.ImportedClasses.ensurePresent(ImportedClasses.java:75) ~[archunit-1.3.0.jar:1.3.0]
	at com.tngtech.archunit.core.importer.DependencyResolutionProcess.executeRun(DependencyResolutionProcess.java:146) ~[archunit-1.3.0.jar:1.3.0]
	at com.tngtech.archunit.core.importer.DependencyResolutionProcess.resolve(DependencyResolutionProcess.java:122) ~[archunit-1.3.0.jar:1.3.0]
	at com.tngtech.archunit.core.importer.ClassGraphCreator.complete(ClassGraphCreator.java:107) ~[archunit-1.3.0.jar:1.3.0]
	at com.tngtech.archunit.core.importer.ClassFileProcessor.process(ClassFileProcessor.java:75) ~[archunit-1.3.0.jar:1.3.0]
	at com.tngtech.archunit.core.importer.ClassFileImporter.importLocations(ClassFileImporter.java:325) ~[archunit-1.3.0.jar:1.3.0]
	at com.tngtech.archunit.junit.internal.ClassCache$CacheClassFileImporter.importClasses(ClassCache.java:126) ~[archunit-junit5-engine-1.3.0.jar:1.3.0]
	at com.tngtech.archunit.junit.internal.ClassCache$LazyJavaClasses.initialize(ClassCache.java:118) ~[archunit-junit5-engine-1.3.0.jar:1.3.0]
	at com.tngtech.archunit.junit.internal.ClassCache$LazyJavaClasses.get(ClassCache.java:107) ~[archunit-junit5-engine-1.3.0.jar:1.3.0]
	at com.tngtech.archunit.junit.internal.ClassCache.getClassesToAnalyzeFor(ClassCache.java:84) ~[archunit-junit5-engine-1.3.0.jar:1.3.0]
	at com.tngtech.archunit.junit.internal.ArchUnitTestDescriptor.lambda$createChildren$1(ArchUnitTestDescriptor.java:90) ~[archunit-junit5-engine-1.3.0.jar:1.3.0]
	at com.tngtech.archunit.junit.internal.ArchUnitTestDescriptor$ArchUnitRuleDescriptor.execute(ArchUnitTestDescriptor.java:167) ~[archunit-junit5-engine-1.3.0.jar:1.3.0]
	at com.tngtech.archunit.junit.internal.ArchUnitTestDescriptor$ArchUnitRuleDescriptor.execute(ArchUnitTestDescriptor.java:150) ~[archunit-junit5-engine-1.3.0.jar:1.3.0]
	at org.junit.platform.engine.support.hierarchical.NodeTestTask.lambda$executeRecursively$2(NodeTestTask.java:176) ~[junit-platform-engine-6.0.1.jar:6.0.1]
	at org.junit.platform.engine.support.hierarchical.ThrowableCollector.execute(ThrowableCollector.java:74) ~[junit-platform-engine-6.0.1.jar:6.0.1]
	at org.junit.platform.engine.support.hierarchical.NodeTestTask.lambda$executeRecursively$1(NodeTestTask.java:166) ~[junit-platform-engine-6.0.1.jar:6.0.1]
	at org.junit.platform.engine.support.hierarchical.Node.around(Node.java:138) ~[junit-platform-engine-6.0.1.jar:6.0.1]
	at org.junit.platform.engine.support.hierarchical.NodeTestTask.lambda$executeRecursively$0(NodeTestTask.java:164) ~[junit-platform-engine-6.0.1.jar:6.0.1]
	at org.junit.platform.engine.support.hierarchical.ThrowableCollector.execute(ThrowableCollector.java:74) ~[junit-platform-engine-6.0.1.jar:6.0.1]
	at org.junit.platform.engine.support.hierarchical.NodeTestTask.executeRecursively(NodeTestTask.java:163) ~[junit-platform-engine-6.0.1.jar:6.0.1]
	at org.junit.platform.engine.support.hierarchical.NodeTestTask.execute(NodeTestTask.java:116) ~[junit-platform-engine-6.0.1.jar:6.0.1]
	at java.base/java.util.ArrayList.forEach(ArrayList.java:1612) ~[na:na]
	at org.junit.platform.engine.support.hierarchical.SameThreadHierarchicalTestExecutorService.invokeAll(SameThreadHierarchicalTestExecutorService.java:42) ~[junit-platform-engine-6.0.1.jar:6.0.1]
	at org.junit.platform.engine.support.hierarchical.NodeTestTask.lambda$executeRecursively$2(NodeTestTask.java:180) ~[junit-platform-engine-6.0.1.jar:6.0.1]
	at org.junit.platform.engine.support.hierarchical.ThrowableCollector.execute(ThrowableCollector.java:74) ~[junit-platform-engine-6.0.1.jar:6.0.1]
	at org.junit.platform.engine.support.hierarchical.NodeTestTask.lambda$executeRecursively$1(NodeTestTask.java:166) ~[junit-platform-engine-6.0.1.jar:6.0.1]
	at org.junit.platform.engine.support.hierarchical.Node.around(Node.java:138) ~[junit-platform-engine-6.0.1.jar:6.0.1]
	at org.junit.platform.engine.support.hierarchical.NodeTestTask.lambda$executeRecursively$0(NodeTestTask.java:164) ~[junit-platform-engine-6.0.1.jar:6.0.1]
	at org.junit.platform.engine.support.hierarchical.ThrowableCollector.execute(ThrowableCollector.java:74) ~[junit-platform-engine-6.0.1.jar:6.0.1]
	at org.junit.platform.engine.support.hierarchical.NodeTestTask.executeRecursively(NodeTestTask.java:163) ~[junit-platform-engine-6.0.1.jar:6.0.1]
	at org.junit.platform.engine.support.hierarchical.NodeTestTask.execute(NodeTestTask.java:116) ~[junit-platform-engine-6.0.1.jar:6.0.1]
	at java.base/java.util.ArrayList.forEach(ArrayList.java:1612) ~[na:na]
	at org.junit.platform.engine.support.hierarchical.SameThreadHierarchicalTestExecutorService.invokeAll(SameThreadHierarchicalTestExecutorService.java:42) ~[junit-platform-engine-6.0.1.jar:6.0.1]
	at org.junit.platform.engine.support.hierarchical.NodeTestTask.lambda$executeRecursively$2(NodeTestTask.java:180) ~[junit-platform-engine-6.0.1.jar:6.0.1]
	at org.junit.platform.engine.support.hierarchical.ThrowableCollector.execute(ThrowableCollector.java:74) ~[junit-platform-engine-6.0.1.jar:6.0.1]
	at org.junit.platform.engine.support.hierarchical.NodeTestTask.lambda$executeRecursively$1(NodeTestTask.java:166) ~[junit-platform-engine-6.0.1.jar:6.0.1]
	at org.junit.platform.engine.support.hierarchical.Node.around(Node.java:138) ~[junit-platform-engine-6.0.1.jar:6.0.1]
	at org.junit.platform.engine.support.hierarchical.NodeTestTask.lambda$executeRecursively$0(NodeTestTask.java:164) ~[junit-platform-engine-6.0.1.jar:6.0.1]
	at org.junit.platform.engine.support.hierarchical.ThrowableCollector.execute(ThrowableCollector.java:74) ~[junit-platform-engine-6.0.1.jar:6.0.1]
	at org.junit.platform.engine.support.hierarchical.NodeTestTask.executeRecursively(NodeTestTask.java:163) ~[junit-platform-engine-6.0.1.jar:6.0.1]
	at org.junit.platform.engine.support.hierarchical.NodeTestTask.execute(NodeTestTask.java:116) ~[junit-platform-engine-6.0.1.jar:6.0.1]
	at org.junit.platform.engine.support.hierarchical.SameThreadHierarchicalTestExecutorService.submit(SameThreadHierarchicalTestExecutorService.java:36) ~[junit-platform-engine-6.0.1.jar:6.0.1]
	at org.junit.platform.engine.support.hierarchical.HierarchicalTestExecutor.execute(HierarchicalTestExecutor.java:52) ~[junit-platform-engine-6.0.1.jar:6.0.1]
	at org.junit.platform.engine.support.hierarchical.HierarchicalTestEngine.execute(HierarchicalTestEngine.java:58) ~[junit-platform-engine-6.0.1.jar:6.0.1]
	at org.junit.platform.launcher.core.EngineExecutionOrchestrator.executeEngine(EngineExecutionOrchestrator.java:246) ~[junit-platform-launcher-6.0.1.jar:6.0.1]
	at org.junit.platform.launcher.core.EngineExecutionOrchestrator.failOrExecuteEngine(EngineExecutionOrchestrator.java:218) ~[junit-platform-launcher-6.0.1.jar:6.0.1]
	at org.junit.platform.launcher.core.EngineExecutionOrchestrator.execute(EngineExecutionOrchestrator.java:179) ~[junit-platform-launcher-6.0.1.jar:6.0.1]
	at org.junit.platform.launcher.core.EngineExecutionOrchestrator.execute(EngineExecutionOrchestrator.java:108) ~[junit-platform-launcher-6.0.1.jar:6.0.1]
	at org.junit.platform.launcher.core.EngineExecutionOrchestrator.lambda$execute$0(EngineExecutionOrchestrator.java:66) ~[junit-platform-launcher-6.0.1.jar:6.0.1]
	at org.junit.platform.launcher.core.EngineExecutionOrchestrator.withInterceptedStreams(EngineExecutionOrchestrator.java:157) ~[junit-platform-launcher-6.0.1.jar:6.0.1]
	at org.junit.platform.launcher.core.EngineExecutionOrchestrator.execute(EngineExecutionOrchestrator.java:65) ~[junit-platform-launcher-6.0.1.jar:6.0.1]
	at org.junit.platform.launcher.core.DefaultLauncher.execute(DefaultLauncher.java:125) ~[junit-platform-launcher-6.0.1.jar:6.0.1]
	at org.junit.platform.launcher.core.DefaultLauncher.execute(DefaultLauncher.java:114) ~[junit-platform-launcher-6.0.1.jar:6.0.1]
	at org.junit.platform.launcher.core.DelegatingLauncher.execute(DelegatingLauncher.java:58) ~[junit-platform-launcher-6.0.1.jar:6.0.1]
	at org.junit.platform.launcher.core.InterceptingLauncher.lambda$execute$2(InterceptingLauncher.java:57) ~[junit-platform-launcher-6.0.1.jar:6.0.1]
	at org.junit.platform.launcher.core.ClasspathAlignmentCheckingLauncherInterceptor.intercept(ClasspathAlignmentCheckingLauncherInterceptor.java:25) ~[junit-platform-launcher-6.0.1.jar:6.0.1]
	at org.junit.platform.launcher.core.InterceptingLauncher.execute(InterceptingLauncher.java:56) ~[junit-platform-launcher-6.0.1.jar:6.0.1]
	at org.junit.platform.launcher.core.DelegatingLauncher.execute(DelegatingLauncher.java:58) ~[junit-platform-launcher-6.0.1.jar:6.0.1]
	at java.base/jdk.internal.reflect.DirectMethodHandleAccessor.invoke(DirectMethodHandleAccessor.java:104) ~[na:na]
	at java.base/java.lang.reflect.Method.invoke(Method.java:583) ~[na:na]
	at org.apache.maven.surefire.api.util.ReflectionUtils.invokeMethodWithArray(ReflectionUtils.java:125) ~[surefire-api-3.5.4.jar:3.5.4]
	at org.apache.maven.surefire.junitplatform.LauncherAdapter.executeWithCancellationToken(LauncherAdapter.java:68) ~[surefire-junit-platform-3.5.4.jar:3.5.4]
	at org.apache.maven.surefire.junitplatform.LauncherAdapter.execute(LauncherAdapter.java:54) ~[surefire-junit-platform-3.5.4.jar:3.5.4]
	at org.apache.maven.surefire.junitplatform.JUnitPlatformProvider.execute(JUnitPlatformProvider.java:203) ~[surefire-junit-platform-3.5.4.jar:3.5.4]
	at org.apache.maven.surefire.junitplatform.JUnitPlatformProvider.invokeAllTests(JUnitPlatformProvider.java:168) ~[surefire-junit-platform-3.5.4.jar:3.5.4]
	at org.apache.maven.surefire.junitplatform.JUnitPlatformProvider.invoke(JUnitPlatformProvider.java:136) ~[surefire-junit-platform-3.5.4.jar:3.5.4]
	at org.apache.maven.surefire.booter.ForkedBooter.runSuitesInProcess(ForkedBooter.java:385) ~[surefire-booter-3.5.4.jar:3.5.4]
	at org.apache.maven.surefire.booter.ForkedBooter.execute(ForkedBooter.java:162) ~[surefire-booter-3.5.4.jar:3.5.4]
	at org.apache.maven.surefire.booter.ForkedBooter.run(ForkedBooter.java:507) ~[surefire-booter-3.5.4.jar:3.5.4]
	at org.apache.maven.surefire.booter.ForkedBooter.main(ForkedBooter.java:495) ~[surefire-booter-3.5.4.jar:3.5.4]

2026-10-02T23:36:45.943+01:00  WARN 32244 --- [archunit-hexagonal] [           main] c.t.a.core.importer.ClassFileProcessor   : Error during import from jrt:/java.base/java/lang/annotation/Target.class, falling back to simple import

java.lang.IllegalArgumentException: Unsupported class file major version 71
	at com.tngtech.archunit.thirdparty.org.objectweb.asm.ClassReader.<init>(ClassReader.java:200) ~[archunit-1.3.0.jar:1.3.0]
	at com.tngtech.archunit.thirdparty.org.objectweb.asm.ClassReader.<init>(ClassReader.java:180) ~[archunit-1.3.0.jar:1.3.0]
	at com.tngtech.archunit.thirdparty.org.objectweb.asm.ClassReader.<init>(ClassReader.java:166) ~[archunit-1.3.0.jar:1.3.0]
	at com.tngtech.archunit.thirdparty.org.objectweb.asm.ClassReader.<init>(ClassReader.java:288) ~[archunit-1.3.0.jar:1.3.0]
	at com.tngtech.archunit.core.importer.ClassFileProcessor$UriImporterOfProcessor.tryImport(ClassFileProcessor.java:350) ~[archunit-1.3.0.jar:1.3.0]
	at com.tngtech.archunit.core.importer.resolvers.ClassResolverFromClasspath.tryResolve(ClassResolverFromClasspath.java:51) ~[archunit-1.3.0.jar:1.3.0]
	at com.tngtech.archunit.core.importer.ImportedClasses.resolve(ImportedClasses.java:80) ~[archunit-1.3.0.jar:1.3.0]
	at com.tngtech.archunit.core.importer.ImportedClasses.ensurePresent(ImportedClasses.java:75) ~[archunit-1.3.0.jar:1.3.0]
	at com.tngtech.archunit.core.importer.DependencyResolutionProcess.executeRun(DependencyResolutionProcess.java:146) ~[archunit-1.3.0.jar:1.3.0]
	at com.tngtech.archunit.core.importer.DependencyResolutionProcess.resolve(DependencyResolutionProcess.java:122) ~[archunit-1.3.0.jar:1.3.0]
	at com.tngtech.archunit.core.importer.ClassGraphCreator.complete(ClassGraphCreator.java:107) ~[archunit-1.3.0.jar:1.3.0]
	at com.tngtech.archunit.core.importer.ClassFileProcessor.process(ClassFileProcessor.java:75) ~[archunit-1.3.0.jar:1.3.0]
	at com.tngtech.archunit.core.importer.ClassFileImporter.importLocations(ClassFileImporter.java:325) ~[archunit-1.3.0.jar:1.3.0]
	at com.tngtech.archunit.junit.internal.ClassCache$CacheClassFileImporter.importClasses(ClassCache.java:126) ~[archunit-junit5-engine-1.3.0.jar:1.3.0]
	at com.tngtech.archunit.junit.internal.ClassCache$LazyJavaClasses.initialize(ClassCache.java:118) ~[archunit-junit5-engine-1.3.0.jar:1.3.0]
	at com.tngtech.archunit.junit.internal.ClassCache$LazyJavaClasses.get(ClassCache.java:107) ~[archunit-junit5-engine-1.3.0.jar:1.3.0]
	at com.tngtech.archunit.junit.internal.ClassCache.getClassesToAnalyzeFor(ClassCache.java:84) ~[archunit-junit5-engine-1.3.0.jar:1.3.0]
	at com.tngtech.archunit.junit.internal.ArchUnitTestDescriptor.lambda$createChildren$1(ArchUnitTestDescriptor.java:90) ~[archunit-junit5-engine-1.3.0.jar:1.3.0]
	at com.tngtech.archunit.junit.internal.ArchUnitTestDescriptor$ArchUnitRuleDescriptor.execute(ArchUnitTestDescriptor.java:167) ~[archunit-junit5-engine-1.3.0.jar:1.3.0]
	at com.tngtech.archunit.junit.internal.ArchUnitTestDescriptor$ArchUnitRuleDescriptor.execute(ArchUnitTestDescriptor.java:150) ~[archunit-junit5-engine-1.3.0.jar:1.3.0]
	at org.junit.platform.engine.support.hierarchical.NodeTestTask.lambda$executeRecursively$2(NodeTestTask.java:176) ~[junit-platform-engine-6.0.1.jar:6.0.1]
	at org.junit.platform.engine.support.hierarchical.ThrowableCollector.execute(ThrowableCollector.java:74) ~[junit-platform-engine-6.0.1.jar:6.0.1]
	at org.junit.platform.engine.support.hierarchical.NodeTestTask.lambda$executeRecursively$1(NodeTestTask.java:166) ~[junit-platform-engine-6.0.1.jar:6.0.1]
	at org.junit.platform.engine.support.hierarchical.Node.around(Node.java:138) ~[junit-platform-engine-6.0.1.jar:6.0.1]
	at org.junit.platform.engine.support.hierarchical.NodeTestTask.lambda$executeRecursively$0(NodeTestTask.java:164) ~[junit-platform-engine-6.0.1.jar:6.0.1]
	at org.junit.platform.engine.support.hierarchical.ThrowableCollector.execute(ThrowableCollector.java:74) ~[junit-platform-engine-6.0.1.jar:6.0.1]
	at org.junit.platform.engine.support.hierarchical.NodeTestTask.executeRecursively(NodeTestTask.java:163) ~[junit-platform-engine-6.0.1.jar:6.0.1]
	at org.junit.platform.engine.support.hierarchical.NodeTestTask.execute(NodeTestTask.java:116) ~[junit-platform-engine-6.0.1.jar:6.0.1]
	at java.base/java.util.ArrayList.forEach(ArrayList.java:1612) ~[na:na]
	at org.junit.platform.engine.support.hierarchical.SameThreadHierarchicalTestExecutorService.invokeAll(SameThreadHierarchicalTestExecutorService.java:42) ~[junit-platform-engine-6.0.1.jar:6.0.1]
	at org.junit.platform.engine.support.hierarchical.NodeTestTask.lambda$executeRecursively$2(NodeTestTask.java:180) ~[junit-platform-engine-6.0.1.jar:6.0.1]
	at org.junit.platform.engine.support.hierarchical.ThrowableCollector.execute(ThrowableCollector.java:74) ~[junit-platform-engine-6.0.1.jar:6.0.1]
	at org.junit.platform.engine.support.hierarchical.NodeTestTask.lambda$executeRecursively$1(NodeTestTask.java:166) ~[junit-platform-engine-6.0.1.jar:6.0.1]
	at org.junit.platform.engine.support.hierarchical.Node.around(Node.java:138) ~[junit-platform-engine-6.0.1.jar:6.0.1]
	at org.junit.platform.engine.support.hierarchical.NodeTestTask.lambda$executeRecursively$0(NodeTestTask.java:164) ~[junit-platform-engine-6.0.1.jar:6.0.1]
	at org.junit.platform.engine.support.hierarchical.ThrowableCollector.execute(ThrowableCollector.java:74) ~[junit-platform-engine-6.0.1.jar:6.0.1]
	at org.junit.platform.engine.support.hierarchical.NodeTestTask.executeRecursively(NodeTestTask.java:163) ~[junit-platform-engine-6.0.1.jar:6.0.1]
	at org.junit.platform.engine.support.hierarchical.NodeTestTask.execute(NodeTestTask.java:116) ~[junit-platform-engine-6.0.1.jar:6.0.1]
	at java.base/java.util.ArrayList.forEach(ArrayList.java:1612) ~[na:na]
	at org.junit.platform.engine.support.hierarchical.SameThreadHierarchicalTestExecutorService.invokeAll(SameThreadHierarchicalTestExecutorService.java:42) ~[junit-platform-engine-6.0.1.jar:6.0.1]
	at org.junit.platform.engine.support.hierarchical.NodeTestTask.lambda$executeRecursively$2(NodeTestTask.java:180) ~[junit-platform-engine-6.0.1.jar:6.0.1]
	at org.junit.platform.engine.support.hierarchical.ThrowableCollector.execute(ThrowableCollector.java:74) ~[junit-platform-engine-6.0.1.jar:6.0.1]
	at org.junit.platform.engine.support.hierarchical.NodeTestTask.lambda$executeRecursively$1(NodeTestTask.java:166) ~[junit-platform-engine-6.0.1.jar:6.0.1]
	at org.junit.platform.engine.support.hierarchical.Node.around(Node.java:138) ~[junit-platform-engine-6.0.1.jar:6.0.1]
	at org.junit.platform.engine.support.hierarchical.NodeTestTask.lambda$executeRecursively$0(NodeTestTask.java:164) ~[junit-platform-engine-6.0.1.jar:6.0.1]
	at org.junit.platform.engine.support.hierarchical.ThrowableCollector.execute(ThrowableCollector.java:74) ~[junit-platform-engine-6.0.1.jar:6.0.1]
	at org.junit.platform.engine.support.hierarchical.NodeTestTask.executeRecursively(NodeTestTask.java:163) ~[junit-platform-engine-6.0.1.jar:6.0.1]
	at org.junit.platform.engine.support.hierarchical.NodeTestTask.execute(NodeTestTask.java:116) ~[junit-platform-engine-6.0.1.jar:6.0.1]
	at org.junit.platform.engine.support.hierarchical.SameThreadHierarchicalTestExecutorService.submit(SameThreadHierarchicalTestExecutorService.java:36) ~[junit-platform-engine-6.0.1.jar:6.0.1]
	at org.junit.platform.engine.support.hierarchical.HierarchicalTestExecutor.execute(HierarchicalTestExecutor.java:52) ~[junit-platform-engine-6.0.1.jar:6.0.1]
	at org.junit.platform.engine.support.hierarchical.HierarchicalTestEngine.execute(HierarchicalTestEngine.java:58) ~[junit-platform-engine-6.0.1.jar:6.0.1]
	at org.junit.platform.launcher.core.EngineExecutionOrchestrator.executeEngine(EngineExecutionOrchestrator.java:246) ~[junit-platform-launcher-6.0.1.jar:6.0.1]
	at org.junit.platform.launcher.core.EngineExecutionOrchestrator.failOrExecuteEngine(EngineExecutionOrchestrator.java:218) ~[junit-platform-launcher-6.0.1.jar:6.0.1]
	at org.junit.platform.launcher.core.EngineExecutionOrchestrator.execute(EngineExecutionOrchestrator.java:179) ~[junit-platform-launcher-6.0.1.jar:6.0.1]
	at org.junit.platform.launcher.core.EngineExecutionOrchestrator.execute(EngineExecutionOrchestrator.java:108) ~[junit-platform-launcher-6.0.1.jar:6.0.1]
	at org.junit.platform.launcher.core.EngineExecutionOrchestrator.lambda$execute$0(EngineExecutionOrchestrator.java:66) ~[junit-platform-launcher-6.0.1.jar:6.0.1]
	at org.junit.platform.launcher.core.EngineExecutionOrchestrator.withInterceptedStreams(EngineExecutionOrchestrator.java:157) ~[junit-platform-launcher-6.0.1.jar:6.0.1]
	at org.junit.platform.launcher.core.EngineExecutionOrchestrator.execute(EngineExecutionOrchestrator.java:65) ~[junit-platform-launcher-6.0.1.jar:6.0.1]
	at org.junit.platform.launcher.core.DefaultLauncher.execute(DefaultLauncher.java:125) ~[junit-platform-launcher-6.0.1.jar:6.0.1]
	at org.junit.platform.launcher.core.DefaultLauncher.execute(DefaultLauncher.java:114) ~[junit-platform-launcher-6.0.1.jar:6.0.1]
	at org.junit.platform.launcher.core.DelegatingLauncher.execute(DelegatingLauncher.java:58) ~[junit-platform-launcher-6.0.1.jar:6.0.1]
	at org.junit.platform.launcher.core.InterceptingLauncher.lambda$execute$2(InterceptingLauncher.java:57) ~[junit-platform-launcher-6.0.1.jar:6.0.1]
	at org.junit.platform.launcher.core.ClasspathAlignmentCheckingLauncherInterceptor.intercept(ClasspathAlignmentCheckingLauncherInterceptor.java:25) ~[junit-platform-launcher-6.0.1.jar:6.0.1]
	at org.junit.platform.launcher.core.InterceptingLauncher.execute(InterceptingLauncher.java:56) ~[junit-platform-launcher-6.0.1.jar:6.0.1]
	at org.junit.platform.launcher.core.DelegatingLauncher.execute(DelegatingLauncher.java:58) ~[junit-platform-launcher-6.0.1.jar:6.0.1]
	at java.base/jdk.internal.reflect.DirectMethodHandleAccessor.invoke(DirectMethodHandleAccessor.java:104) ~[na:na]
	at java.base/java.lang.reflect.Method.invoke(Method.java:583) ~[na:na]
	at org.apache.maven.surefire.api.util.ReflectionUtils.invokeMethodWithArray(ReflectionUtils.java:125) ~[surefire-api-3.5.4.jar:3.5.4]
	at org.apache.maven.surefire.junitplatform.LauncherAdapter.executeWithCancellationToken(LauncherAdapter.java:68) ~[surefire-junit-platform-3.5.4.jar:3.5.4]
	at org.apache.maven.surefire.junitplatform.LauncherAdapter.execute(LauncherAdapter.java:54) ~[surefire-junit-platform-3.5.4.jar:3.5.4]
	at org.apache.maven.surefire.junitplatform.JUnitPlatformProvider.execute(JUnitPlatformProvider.java:203) ~[surefire-junit-platform-3.5.4.jar:3.5.4]
	at org.apache.maven.surefire.junitplatform.JUnitPlatformProvider.invokeAllTests(JUnitPlatformProvider.java:168) ~[surefire-junit-platform-3.5.4.jar:3.5.4]
	at org.apache.maven.surefire.junitplatform.JUnitPlatformProvider.invoke(JUnitPlatformProvider.java:136) ~[surefire-junit-platform-3.5.4.jar:3.5.4]
	at org.apache.maven.surefire.booter.ForkedBooter.runSuitesInProcess(ForkedBooter.java:385) ~[surefire-booter-3.5.4.jar:3.5.4]
	at org.apache.maven.surefire.booter.ForkedBooter.execute(ForkedBooter.java:162) ~[surefire-booter-3.5.4.jar:3.5.4]
	at org.apache.maven.surefire.booter.ForkedBooter.run(ForkedBooter.java:507) ~[surefire-booter-3.5.4.jar:3.5.4]
	at org.apache.maven.surefire.booter.ForkedBooter.main(ForkedBooter.java:495) ~[surefire-booter-3.5.4.jar:3.5.4]

2026-10-02T23:36:45.949+01:00  WARN 32244 --- [archunit-hexagonal] [           main] c.t.a.core.importer.ClassFileProcessor   : Error during import from jrt:/java.base/java/lang/annotation/ElementType.class, falling back to simple import

java.lang.IllegalArgumentException: Unsupported class file major version 71
	at com.tngtech.archunit.thirdparty.org.objectweb.asm.ClassReader.<init>(ClassReader.java:200) ~[archunit-1.3.0.jar:1.3.0]
	at com.tngtech.archunit.thirdparty.org.objectweb.asm.ClassReader.<init>(ClassReader.java:180) ~[archunit-1.3.0.jar:1.3.0]
	at com.tngtech.archunit.thirdparty.org.objectweb.asm.ClassReader.<init>(ClassReader.java:166) ~[archunit-1.3.0.jar:1.3.0]
	at com.tngtech.archunit.thirdparty.org.objectweb.asm.ClassReader.<init>(ClassReader.java:288) ~[archunit-1.3.0.jar:1.3.0]
	at com.tngtech.archunit.core.importer.ClassFileProcessor$UriImporterOfProcessor.tryImport(ClassFileProcessor.java:350) ~[archunit-1.3.0.jar:1.3.0]
	at com.tngtech.archunit.core.importer.resolvers.ClassResolverFromClasspath.tryResolve(ClassResolverFromClasspath.java:51) ~[archunit-1.3.0.jar:1.3.0]
	at com.tngtech.archunit.core.importer.ImportedClasses.resolve(ImportedClasses.java:80) ~[archunit-1.3.0.jar:1.3.0]
	at com.tngtech.archunit.core.importer.ImportedClasses.ensurePresent(ImportedClasses.java:75) ~[archunit-1.3.0.jar:1.3.0]
	at com.tngtech.archunit.core.importer.DependencyResolutionProcess.executeRun(DependencyResolutionProcess.java:146) ~[archunit-1.3.0.jar:1.3.0]
	at com.tngtech.archunit.core.importer.DependencyResolutionProcess.resolve(DependencyResolutionProcess.java:122) ~[archunit-1.3.0.jar:1.3.0]
	at com.tngtech.archunit.core.importer.ClassGraphCreator.complete(ClassGraphCreator.java:107) ~[archunit-1.3.0.jar:1.3.0]
	at com.tngtech.archunit.core.importer.ClassFileProcessor.process(ClassFileProcessor.java:75) ~[archunit-1.3.0.jar:1.3.0]
	at com.tngtech.archunit.core.importer.ClassFileImporter.importLocations(ClassFileImporter.java:325) ~[archunit-1.3.0.jar:1.3.0]
	at com.tngtech.archunit.junit.internal.ClassCache$CacheClassFileImporter.importClasses(ClassCache.java:126) ~[archunit-junit5-engine-1.3.0.jar:1.3.0]
	at com.tngtech.archunit.junit.internal.ClassCache$LazyJavaClasses.initialize(ClassCache.java:118) ~[archunit-junit5-engine-1.3.0.jar:1.3.0]
	at com.tngtech.archunit.junit.internal.ClassCache$LazyJavaClasses.get(ClassCache.java:107) ~[archunit-junit5-engine-1.3.0.jar:1.3.0]
	at com.tngtech.archunit.junit.internal.ClassCache.getClassesToAnalyzeFor(ClassCache.java:84) ~[archunit-junit5-engine-1.3.0.jar:1.3.0]
	at com.tngtech.archunit.junit.internal.ArchUnitTestDescriptor.lambda$createChildren$1(ArchUnitTestDescriptor.java:90) ~[archunit-junit5-engine-1.3.0.jar:1.3.0]
	at com.tngtech.archunit.junit.internal.ArchUnitTestDescriptor$ArchUnitRuleDescriptor.execute(ArchUnitTestDescriptor.java:167) ~[archunit-junit5-engine-1.3.0.jar:1.3.0]
	at com.tngtech.archunit.junit.internal.ArchUnitTestDescriptor$ArchUnitRuleDescriptor.execute(ArchUnitTestDescriptor.java:150) ~[archunit-junit5-engine-1.3.0.jar:1.3.0]
	at org.junit.platform.engine.support.hierarchical.NodeTestTask.lambda$executeRecursively$2(NodeTestTask.java:176) ~[junit-platform-engine-6.0.1.jar:6.0.1]
	at org.junit.platform.engine.support.hierarchical.ThrowableCollector.execute(ThrowableCollector.java:74) ~[junit-platform-engine-6.0.1.jar:6.0.1]
	at org.junit.platform.engine.support.hierarchical.NodeTestTask.lambda$executeRecursively$1(NodeTestTask.java:166) ~[junit-platform-engine-6.0.1.jar:6.0.1]
	at org.junit.platform.engine.support.hierarchical.Node.around(Node.java:138) ~[junit-platform-engine-6.0.1.jar:6.0.1]
	at org.junit.platform.engine.support.hierarchical.NodeTestTask.lambda$executeRecursively$0(NodeTestTask.java:164) ~[junit-platform-engine-6.0.1.jar:6.0.1]
	at org.junit.platform.engine.support.hierarchical.ThrowableCollector.execute(ThrowableCollector.java:74) ~[junit-platform-engine-6.0.1.jar:6.0.1]
	at org.junit.platform.engine.support.hierarchical.NodeTestTask.executeRecursively(NodeTestTask.java:163) ~[junit-platform-engine-6.0.1.jar:6.0.1]
	at org.junit.platform.engine.support.hierarchical.NodeTestTask.execute(NodeTestTask.java:116) ~[junit-platform-engine-6.0.1.jar:6.0.1]
	at java.base/java.util.ArrayList.forEach(ArrayList.java:1612) ~[na:na]
	at org.junit.platform.engine.support.hierarchical.SameThreadHierarchicalTestExecutorService.invokeAll(SameThreadHierarchicalTestExecutorService.java:42) ~[junit-platform-engine-6.0.1.jar:6.0.1]
	at org.junit.platform.engine.support.hierarchical.NodeTestTask.lambda$executeRecursively$2(NodeTestTask.java:180) ~[junit-platform-engine-6.0.1.jar:6.0.1]
	at org.junit.platform.engine.support.hierarchical.ThrowableCollector.execute(ThrowableCollector.java:74) ~[junit-platform-engine-6.0.1.jar:6.0.1]
	at org.junit.platform.engine.support.hierarchical.NodeTestTask.lambda$executeRecursively$1(NodeTestTask.java:166) ~[junit-platform-engine-6.0.1.jar:6.0.1]
	at org.junit.platform.engine.support.hierarchical.Node.around(Node.java:138) ~[junit-platform-engine-6.0.1.jar:6.0.1]
	at org.junit.platform.engine.support.hierarchical.NodeTestTask.lambda$executeRecursively$0(NodeTestTask.java:164) ~[junit-platform-engine-6.0.1.jar:6.0.1]
	at org.junit.platform.engine.support.hierarchical.ThrowableCollector.execute(ThrowableCollector.java:74) ~[junit-platform-engine-6.0.1.jar:6.0.1]
	at org.junit.platform.engine.support.hierarchical.NodeTestTask.executeRecursively(NodeTestTask.java:163) ~[junit-platform-engine-6.0.1.jar:6.0.1]
	at org.junit.platform.engine.support.hierarchical.NodeTestTask.execute(NodeTestTask.java:116) ~[junit-platform-engine-6.0.1.jar:6.0.1]
	at java.base/java.util.ArrayList.forEach(ArrayList.java:1612) ~[na:na]
	at org.junit.platform.engine.support.hierarchical.SameThreadHierarchicalTestExecutorService.invokeAll(SameThreadHierarchicalTestExecutorService.java:42) ~[junit-platform-engine-6.0.1.jar:6.0.1]
	at org.junit.platform.engine.support.hierarchical.NodeTestTask.lambda$executeRecursively$2(NodeTestTask.java:180) ~[junit-platform-engine-6.0.1.jar:6.0.1]
	at org.junit.platform.engine.support.hierarchical.ThrowableCollector.execute(ThrowableCollector.java:74) ~[junit-platform-engine-6.0.1.jar:6.0.1]
	at org.junit.platform.engine.support.hierarchical.NodeTestTask.lambda$executeRecursively$1(NodeTestTask.java:166) ~[junit-platform-engine-6.0.1.jar:6.0.1]
	at org.junit.platform.engine.support.hierarchical.Node.around(Node.java:138) ~[junit-platform-engine-6.0.1.jar:6.0.1]
	at org.junit.platform.engine.support.hierarchical.NodeTestTask.lambda$executeRecursively$0(NodeTestTask.java:164) ~[junit-platform-engine-6.0.1.jar:6.0.1]
	at org.junit.platform.engine.support.hierarchical.ThrowableCollector.execute(ThrowableCollector.java:74) ~[junit-platform-engine-6.0.1.jar:6.0.1]
	at org.junit.platform.engine.support.hierarchical.NodeTestTask.executeRecursively(NodeTestTask.java:163) ~[junit-platform-engine-6.0.1.jar:6.0.1]
	at org.junit.platform.engine.support.hierarchical.NodeTestTask.execute(NodeTestTask.java:116) ~[junit-platform-engine-6.0.1.jar:6.0.1]
	at org.junit.platform.engine.support.hierarchical.SameThreadHierarchicalTestExecutorService.submit(SameThreadHierarchicalTestExecutorService.java:36) ~[junit-platform-engine-6.0.1.jar:6.0.1]
	at org.junit.platform.engine.support.hierarchical.HierarchicalTestExecutor.execute(HierarchicalTestExecutor.java:52) ~[junit-platform-engine-6.0.1.jar:6.0.1]
	at org.junit.platform.engine.support.hierarchical.HierarchicalTestEngine.execute(HierarchicalTestEngine.java:58) ~[junit-platform-engine-6.0.1.jar:6.0.1]
	at org.junit.platform.launcher.core.EngineExecutionOrchestrator.executeEngine(EngineExecutionOrchestrator.java:246) ~[junit-platform-launcher-6.0.1.jar:6.0.1]
	at org.junit.platform.launcher.core.EngineExecutionOrchestrator.failOrExecuteEngine(EngineExecutionOrchestrator.java:218) ~[junit-platform-launcher-6.0.1.jar:6.0.1]
	at org.junit.platform.launcher.core.EngineExecutionOrchestrator.execute(EngineExecutionOrchestrator.java:179) ~[junit-platform-launcher-6.0.1.jar:6.0.1]
	at org.junit.platform.launcher.core.EngineExecutionOrchestrator.execute(EngineExecutionOrchestrator.java:108) ~[junit-platform-launcher-6.0.1.jar:6.0.1]
	at org.junit.platform.launcher.core.EngineExecutionOrchestrator.lambda$execute$0(EngineExecutionOrchestrator.java:66) ~[junit-platform-launcher-6.0.1.jar:6.0.1]
	at org.junit.platform.launcher.core.EngineExecutionOrchestrator.withInterceptedStreams(EngineExecutionOrchestrator.java:157) ~[junit-platform-launcher-6.0.1.jar:6.0.1]
	at org.junit.platform.launcher.core.EngineExecutionOrchestrator.execute(EngineExecutionOrchestrator.java:65) ~[junit-platform-launcher-6.0.1.jar:6.0.1]
	at org.junit.platform.launcher.core.DefaultLauncher.execute(DefaultLauncher.java:125) ~[junit-platform-launcher-6.0.1.jar:6.0.1]
	at org.junit.platform.launcher.core.DefaultLauncher.execute(DefaultLauncher.java:114) ~[junit-platform-launcher-6.0.1.jar:6.0.1]
	at org.junit.platform.launcher.core.DelegatingLauncher.execute(DelegatingLauncher.java:58) ~[junit-platform-launcher-6.0.1.jar:6.0.1]
	at org.junit.platform.launcher.core.InterceptingLauncher.lambda$execute$2(InterceptingLauncher.java:57) ~[junit-platform-launcher-6.0.1.jar:6.0.1]
	at org.junit.platform.launcher.core.ClasspathAlignmentCheckingLauncherInterceptor.intercept(ClasspathAlignmentCheckingLauncherInterceptor.java:25) ~[junit-platform-launcher-6.0.1.jar:6.0.1]
	at org.junit.platform.launcher.core.InterceptingLauncher.execute(InterceptingLauncher.java:56) ~[junit-platform-launcher-6.0.1.jar:6.0.1]
	at org.junit.platform.launcher.core.DelegatingLauncher.execute(DelegatingLauncher.java:58) ~[junit-platform-launcher-6.0.1.jar:6.0.1]
	at java.base/jdk.internal.reflect.DirectMethodHandleAccessor.invoke(DirectMethodHandleAccessor.java:104) ~[na:na]
	at java.base/java.lang.reflect.Method.invoke(Method.java:583) ~[na:na]
	at org.apache.maven.surefire.api.util.ReflectionUtils.invokeMethodWithArray(ReflectionUtils.java:125) ~[surefire-api-3.5.4.jar:3.5.4]
	at org.apache.maven.surefire.junitplatform.LauncherAdapter.executeWithCancellationToken(LauncherAdapter.java:68) ~[surefire-junit-platform-3.5.4.jar:3.5.4]
	at org.apache.maven.surefire.junitplatform.LauncherAdapter.execute(LauncherAdapter.java:54) ~[surefire-junit-platform-3.5.4.jar:3.5.4]
	at org.apache.maven.surefire.junitplatform.JUnitPlatformProvider.execute(JUnitPlatformProvider.java:203) ~[surefire-junit-platform-3.5.4.jar:3.5.4]
	at org.apache.maven.surefire.junitplatform.JUnitPlatformProvider.invokeAllTests(JUnitPlatformProvider.java:168) ~[surefire-junit-platform-3.5.4.jar:3.5.4]
	at org.apache.maven.surefire.junitplatform.JUnitPlatformProvider.invoke(JUnitPlatformProvider.java:136) ~[surefire-junit-platform-3.5.4.jar:3.5.4]
	at org.apache.maven.surefire.booter.ForkedBooter.runSuitesInProcess(ForkedBooter.java:385) ~[surefire-booter-3.5.4.jar:3.5.4]
	at org.apache.maven.surefire.booter.ForkedBooter.execute(ForkedBooter.java:162) ~[surefire-booter-3.5.4.jar:3.5.4]
	at org.apache.maven.surefire.booter.ForkedBooter.run(ForkedBooter.java:507) ~[surefire-booter-3.5.4.jar:3.5.4]
	at org.apache.maven.surefire.booter.ForkedBooter.main(ForkedBooter.java:495) ~[surefire-booter-3.5.4.jar:3.5.4]

2026-10-02T23:36:45.965+01:00  WARN 32244 --- [archunit-hexagonal] [           main] c.t.a.core.importer.ClassFileProcessor   : Error during import from jrt:/java.base/java/lang/annotation/Annotation.class, falling back to simple import

java.lang.IllegalArgumentException: Unsupported class file major version 71
	at com.tngtech.archunit.thirdparty.org.objectweb.asm.ClassReader.<init>(ClassReader.java:200) ~[archunit-1.3.0.jar:1.3.0]
	at com.tngtech.archunit.thirdparty.org.objectweb.asm.ClassReader.<init>(ClassReader.java:180) ~[archunit-1.3.0.jar:1.3.0]
	at com.tngtech.archunit.thirdparty.org.objectweb.asm.ClassReader.<init>(ClassReader.java:166) ~[archunit-1.3.0.jar:1.3.0]
	at com.tngtech.archunit.thirdparty.org.objectweb.asm.ClassReader.<init>(ClassReader.java:288) ~[archunit-1.3.0.jar:1.3.0]
	at com.tngtech.archunit.core.importer.ClassFileProcessor$UriImporterOfProcessor.tryImport(ClassFileProcessor.java:350) ~[archunit-1.3.0.jar:1.3.0]
	at com.tngtech.archunit.core.importer.resolvers.ClassResolverFromClasspath.tryResolve(ClassResolverFromClasspath.java:51) ~[archunit-1.3.0.jar:1.3.0]
	at com.tngtech.archunit.core.importer.ImportedClasses.resolve(ImportedClasses.java:80) ~[archunit-1.3.0.jar:1.3.0]
	at com.tngtech.archunit.core.importer.ImportedClasses.ensurePresent(ImportedClasses.java:75) ~[archunit-1.3.0.jar:1.3.0]
	at com.tngtech.archunit.core.importer.DependencyResolutionProcess.executeRun(DependencyResolutionProcess.java:146) ~[archunit-1.3.0.jar:1.3.0]
	at com.tngtech.archunit.core.importer.DependencyResolutionProcess.resolve(DependencyResolutionProcess.java:122) ~[archunit-1.3.0.jar:1.3.0]
	at com.tngtech.archunit.core.importer.ClassGraphCreator.complete(ClassGraphCreator.java:107) ~[archunit-1.3.0.jar:1.3.0]
	at com.tngtech.archunit.core.importer.ClassFileProcessor.process(ClassFileProcessor.java:75) ~[archunit-1.3.0.jar:1.3.0]
	at com.tngtech.archunit.core.importer.ClassFileImporter.importLocations(ClassFileImporter.java:325) ~[archunit-1.3.0.jar:1.3.0]
	at com.tngtech.archunit.junit.internal.ClassCache$CacheClassFileImporter.importClasses(ClassCache.java:126) ~[archunit-junit5-engine-1.3.0.jar:1.3.0]
	at com.tngtech.archunit.junit.internal.ClassCache$LazyJavaClasses.initialize(ClassCache.java:118) ~[archunit-junit5-engine-1.3.0.jar:1.3.0]
	at com.tngtech.archunit.junit.internal.ClassCache$LazyJavaClasses.get(ClassCache.java:107) ~[archunit-junit5-engine-1.3.0.jar:1.3.0]
	at com.tngtech.archunit.junit.internal.ClassCache.getClassesToAnalyzeFor(ClassCache.java:84) ~[archunit-junit5-engine-1.3.0.jar:1.3.0]
	at com.tngtech.archunit.junit.internal.ArchUnitTestDescriptor.lambda$createChildren$1(ArchUnitTestDescriptor.java:90) ~[archunit-junit5-engine-1.3.0.jar:1.3.0]
	at com.tngtech.archunit.junit.internal.ArchUnitTestDescriptor$ArchUnitRuleDescriptor.execute(ArchUnitTestDescriptor.java:167) ~[archunit-junit5-engine-1.3.0.jar:1.3.0]
	at com.tngtech.archunit.junit.internal.ArchUnitTestDescriptor$ArchUnitRuleDescriptor.execute(ArchUnitTestDescriptor.java:150) ~[archunit-junit5-engine-1.3.0.jar:1.3.0]
	at org.junit.platform.engine.support.hierarchical.NodeTestTask.lambda$executeRecursively$2(NodeTestTask.java:176) ~[junit-platform-engine-6.0.1.jar:6.0.1]
	at org.junit.platform.engine.support.hierarchical.ThrowableCollector.execute(ThrowableCollector.java:74) ~[junit-platform-engine-6.0.1.jar:6.0.1]
	at org.junit.platform.engine.support.hierarchical.NodeTestTask.lambda$executeRecursively$1(NodeTestTask.java:166) ~[junit-platform-engine-6.0.1.jar:6.0.1]
	at org.junit.platform.engine.support.hierarchical.Node.around(Node.java:138) ~[junit-platform-engine-6.0.1.jar:6.0.1]
	at org.junit.platform.engine.support.hierarchical.NodeTestTask.lambda$executeRecursively$0(NodeTestTask.java:164) ~[junit-platform-engine-6.0.1.jar:6.0.1]
	at org.junit.platform.engine.support.hierarchical.ThrowableCollector.execute(ThrowableCollector.java:74) ~[junit-platform-engine-6.0.1.jar:6.0.1]
	at org.junit.platform.engine.support.hierarchical.NodeTestTask.executeRecursively(NodeTestTask.java:163) ~[junit-platform-engine-6.0.1.jar:6.0.1]
	at org.junit.platform.engine.support.hierarchical.NodeTestTask.execute(NodeTestTask.java:116) ~[junit-platform-engine-6.0.1.jar:6.0.1]
	at java.base/java.util.ArrayList.forEach(ArrayList.java:1612) ~[na:na]
	at org.junit.platform.engine.support.hierarchical.SameThreadHierarchicalTestExecutorService.invokeAll(SameThreadHierarchicalTestExecutorService.java:42) ~[junit-platform-engine-6.0.1.jar:6.0.1]
	at org.junit.platform.engine.support.hierarchical.NodeTestTask.lambda$executeRecursively$2(NodeTestTask.java:180) ~[junit-platform-engine-6.0.1.jar:6.0.1]
	at org.junit.platform.engine.support.hierarchical.ThrowableCollector.execute(ThrowableCollector.java:74) ~[junit-platform-engine-6.0.1.jar:6.0.1]
	at org.junit.platform.engine.support.hierarchical.NodeTestTask.lambda$executeRecursively$1(NodeTestTask.java:166) ~[junit-platform-engine-6.0.1.jar:6.0.1]
	at org.junit.platform.engine.support.hierarchical.Node.around(Node.java:138) ~[junit-platform-engine-6.0.1.jar:6.0.1]
	at org.junit.platform.engine.support.hierarchical.NodeTestTask.lambda$executeRecursively$0(NodeTestTask.java:164) ~[junit-platform-engine-6.0.1.jar:6.0.1]
	at org.junit.platform.engine.support.hierarchical.ThrowableCollector.execute(ThrowableCollector.java:74) ~[junit-platform-engine-6.0.1.jar:6.0.1]
	at org.junit.platform.engine.support.hierarchical.NodeTestTask.executeRecursively(NodeTestTask.java:163) ~[junit-platform-engine-6.0.1.jar:6.0.1]
	at org.junit.platform.engine.support.hierarchical.NodeTestTask.execute(NodeTestTask.java:116) ~[junit-platform-engine-6.0.1.jar:6.0.1]
	at java.base/java.util.ArrayList.forEach(ArrayList.java:1612) ~[na:na]
	at org.junit.platform.engine.support.hierarchical.SameThreadHierarchicalTestExecutorService.invokeAll(SameThreadHierarchicalTestExecutorService.java:42) ~[junit-platform-engine-6.0.1.jar:6.0.1]
	at org.junit.platform.engine.support.hierarchical.NodeTestTask.lambda$executeRecursively$2(NodeTestTask.java:180) ~[junit-platform-engine-6.0.1.jar:6.0.1]
	at org.junit.platform.engine.support.hierarchical.ThrowableCollector.execute(ThrowableCollector.java:74) ~[junit-platform-engine-6.0.1.jar:6.0.1]
	at org.junit.platform.engine.support.hierarchical.NodeTestTask.lambda$executeRecursively$1(NodeTestTask.java:166) ~[junit-platform-engine-6.0.1.jar:6.0.1]
	at org.junit.platform.engine.support.hierarchical.Node.around(Node.java:138) ~[junit-platform-engine-6.0.1.jar:6.0.1]
	at org.junit.platform.engine.support.hierarchical.NodeTestTask.lambda$executeRecursively$0(NodeTestTask.java:164) ~[junit-platform-engine-6.0.1.jar:6.0.1]
	at org.junit.platform.engine.support.hierarchical.ThrowableCollector.execute(ThrowableCollector.java:74) ~[junit-platform-engine-6.0.1.jar:6.0.1]
	at org.junit.platform.engine.support.hierarchical.NodeTestTask.executeRecursively(NodeTestTask.java:163) ~[junit-platform-engine-6.0.1.jar:6.0.1]
	at org.junit.platform.engine.support.hierarchical.NodeTestTask.execute(NodeTestTask.java:116) ~[junit-platform-engine-6.0.1.jar:6.0.1]
	at org.junit.platform.engine.support.hierarchical.SameThreadHierarchicalTestExecutorService.submit(SameThreadHierarchicalTestExecutorService.java:36) ~[junit-platform-engine-6.0.1.jar:6.0.1]
	at org.junit.platform.engine.support.hierarchical.HierarchicalTestExecutor.execute(HierarchicalTestExecutor.java:52) ~[junit-platform-engine-6.0.1.jar:6.0.1]
	at org.junit.platform.engine.support.hierarchical.HierarchicalTestEngine.execute(HierarchicalTestEngine.java:58) ~[junit-platform-engine-6.0.1.jar:6.0.1]
	at org.junit.platform.launcher.core.EngineExecutionOrchestrator.executeEngine(EngineExecutionOrchestrator.java:246) ~[junit-platform-launcher-6.0.1.jar:6.0.1]
	at org.junit.platform.launcher.core.EngineExecutionOrchestrator.failOrExecuteEngine(EngineExecutionOrchestrator.java:218) ~[junit-platform-launcher-6.0.1.jar:6.0.1]
	at org.junit.platform.launcher.core.EngineExecutionOrchestrator.execute(EngineExecutionOrchestrator.java:179) ~[junit-platform-launcher-6.0.1.jar:6.0.1]
	at org.junit.platform.launcher.core.EngineExecutionOrchestrator.execute(EngineExecutionOrchestrator.java:108) ~[junit-platform-launcher-6.0.1.jar:6.0.1]
	at org.junit.platform.launcher.core.EngineExecutionOrchestrator.lambda$execute$0(EngineExecutionOrchestrator.java:66) ~[junit-platform-launcher-6.0.1.jar:6.0.1]
	at org.junit.platform.launcher.core.EngineExecutionOrchestrator.withInterceptedStreams(EngineExecutionOrchestrator.java:157) ~[junit-platform-launcher-6.0.1.jar:6.0.1]
	at org.junit.platform.launcher.core.EngineExecutionOrchestrator.execute(EngineExecutionOrchestrator.java:65) ~[junit-platform-launcher-6.0.1.jar:6.0.1]
	at org.junit.platform.launcher.core.DefaultLauncher.execute(DefaultLauncher.java:125) ~[junit-platform-launcher-6.0.1.jar:6.0.1]
	at org.junit.platform.launcher.core.DefaultLauncher.execute(DefaultLauncher.java:114) ~[junit-platform-launcher-6.0.1.jar:6.0.1]
	at org.junit.platform.launcher.core.DelegatingLauncher.execute(DelegatingLauncher.java:58) ~[junit-platform-launcher-6.0.1.jar:6.0.1]
	at org.junit.platform.launcher.core.InterceptingLauncher.lambda$execute$2(InterceptingLauncher.java:57) ~[junit-platform-launcher-6.0.1.jar:6.0.1]
	at org.junit.platform.launcher.core.ClasspathAlignmentCheckingLauncherInterceptor.intercept(ClasspathAlignmentCheckingLauncherInterceptor.java:25) ~[junit-platform-launcher-6.0.1.jar:6.0.1]
	at org.junit.platform.launcher.core.InterceptingLauncher.execute(InterceptingLauncher.java:56) ~[junit-platform-launcher-6.0.1.jar:6.0.1]
	at org.junit.platform.launcher.core.DelegatingLauncher.execute(DelegatingLauncher.java:58) ~[junit-platform-launcher-6.0.1.jar:6.0.1]
	at java.base/jdk.internal.reflect.DirectMethodHandleAccessor.invoke(DirectMethodHandleAccessor.java:104) ~[na:na]
	at java.base/java.lang.reflect.Method.invoke(Method.java:583) ~[na:na]
	at org.apache.maven.surefire.api.util.ReflectionUtils.invokeMethodWithArray(ReflectionUtils.java:125) ~[surefire-api-3.5.4.jar:3.5.4]
	at org.apache.maven.surefire.junitplatform.LauncherAdapter.executeWithCancellationToken(LauncherAdapter.java:68) ~[surefire-junit-platform-3.5.4.jar:3.5.4]
	at org.apache.maven.surefire.junitplatform.LauncherAdapter.execute(LauncherAdapter.java:54) ~[surefire-junit-platform-3.5.4.jar:3.5.4]
	at org.apache.maven.surefire.junitplatform.JUnitPlatformProvider.execute(JUnitPlatformProvider.java:203) ~[surefire-junit-platform-3.5.4.jar:3.5.4]
	at org.apache.maven.surefire.junitplatform.JUnitPlatformProvider.invokeAllTests(JUnitPlatformProvider.java:168) ~[surefire-junit-platform-3.5.4.jar:3.5.4]
	at org.apache.maven.surefire.junitplatform.JUnitPlatformProvider.invoke(JUnitPlatformProvider.java:136) ~[surefire-junit-platform-3.5.4.jar:3.5.4]
	at org.apache.maven.surefire.booter.ForkedBooter.runSuitesInProcess(ForkedBooter.java:385) ~[surefire-booter-3.5.4.jar:3.5.4]
	at org.apache.maven.surefire.booter.ForkedBooter.execute(ForkedBooter.java:162) ~[surefire-booter-3.5.4.jar:3.5.4]
	at org.apache.maven.surefire.booter.ForkedBooter.run(ForkedBooter.java:507) ~[surefire-booter-3.5.4.jar:3.5.4]
	at org.apache.maven.surefire.booter.ForkedBooter.main(ForkedBooter.java:495) ~[surefire-booter-3.5.4.jar:3.5.4]

2026-10-02T23:36:45.967+01:00  WARN 32244 --- [archunit-hexagonal] [           main] c.t.a.core.importer.ClassFileProcessor   : Error during import from jrt:/java.base/java/lang/Class.class, falling back to simple import

java.lang.IllegalArgumentException: Unsupported class file major version 71
	at com.tngtech.archunit.thirdparty.org.objectweb.asm.ClassReader.<init>(ClassReader.java:200) ~[archunit-1.3.0.jar:1.3.0]
	at com.tngtech.archunit.thirdparty.org.objectweb.asm.ClassReader.<init>(ClassReader.java:180) ~[archunit-1.3.0.jar:1.3.0]
	at com.tngtech.archunit.thirdparty.org.objectweb.asm.ClassReader.<init>(ClassReader.java:166) ~[archunit-1.3.0.jar:1.3.0]
	at com.tngtech.archunit.thirdparty.org.objectweb.asm.ClassReader.<init>(ClassReader.java:288) ~[archunit-1.3.0.jar:1.3.0]
	at com.tngtech.archunit.core.importer.ClassFileProcessor$UriImporterOfProcessor.tryImport(ClassFileProcessor.java:350) ~[archunit-1.3.0.jar:1.3.0]
	at com.tngtech.archunit.core.importer.resolvers.ClassResolverFromClasspath.tryResolve(ClassResolverFromClasspath.java:51) ~[archunit-1.3.0.jar:1.3.0]
	at com.tngtech.archunit.core.importer.ImportedClasses.resolve(ImportedClasses.java:80) ~[archunit-1.3.0.jar:1.3.0]
	at com.tngtech.archunit.core.importer.ImportedClasses.ensurePresent(ImportedClasses.java:75) ~[archunit-1.3.0.jar:1.3.0]
	at com.tngtech.archunit.core.importer.DependencyResolutionProcess.executeRun(DependencyResolutionProcess.java:146) ~[archunit-1.3.0.jar:1.3.0]
	at com.tngtech.archunit.core.importer.DependencyResolutionProcess.resolve(DependencyResolutionProcess.java:122) ~[archunit-1.3.0.jar:1.3.0]
	at com.tngtech.archunit.core.importer.ClassGraphCreator.complete(ClassGraphCreator.java:107) ~[archunit-1.3.0.jar:1.3.0]
	at com.tngtech.archunit.core.importer.ClassFileProcessor.process(ClassFileProcessor.java:75) ~[archunit-1.3.0.jar:1.3.0]
	at com.tngtech.archunit.core.importer.ClassFileImporter.importLocations(ClassFileImporter.java:325) ~[archunit-1.3.0.jar:1.3.0]
	at com.tngtech.archunit.junit.internal.ClassCache$CacheClassFileImporter.importClasses(ClassCache.java:126) ~[archunit-junit5-engine-1.3.0.jar:1.3.0]
	at com.tngtech.archunit.junit.internal.ClassCache$LazyJavaClasses.initialize(ClassCache.java:118) ~[archunit-junit5-engine-1.3.0.jar:1.3.0]
	at com.tngtech.archunit.junit.internal.ClassCache$LazyJavaClasses.get(ClassCache.java:107) ~[archunit-junit5-engine-1.3.0.jar:1.3.0]
	at com.tngtech.archunit.junit.internal.ClassCache.getClassesToAnalyzeFor(ClassCache.java:84) ~[archunit-junit5-engine-1.3.0.jar:1.3.0]
	at com.tngtech.archunit.junit.internal.ArchUnitTestDescriptor.lambda$createChildren$1(ArchUnitTestDescriptor.java:90) ~[archunit-junit5-engine-1.3.0.jar:1.3.0]
	at com.tngtech.archunit.junit.internal.ArchUnitTestDescriptor$ArchUnitRuleDescriptor.execute(ArchUnitTestDescriptor.java:167) ~[archunit-junit5-engine-1.3.0.jar:1.3.0]
	at com.tngtech.archunit.junit.internal.ArchUnitTestDescriptor$ArchUnitRuleDescriptor.execute(ArchUnitTestDescriptor.java:150) ~[archunit-junit5-engine-1.3.0.jar:1.3.0]
	at org.junit.platform.engine.support.hierarchical.NodeTestTask.lambda$executeRecursively$2(NodeTestTask.java:176) ~[junit-platform-engine-6.0.1.jar:6.0.1]
	at org.junit.platform.engine.support.hierarchical.ThrowableCollector.execute(ThrowableCollector.java:74) ~[junit-platform-engine-6.0.1.jar:6.0.1]
	at org.junit.platform.engine.support.hierarchical.NodeTestTask.lambda$executeRecursively$1(NodeTestTask.java:166) ~[junit-platform-engine-6.0.1.jar:6.0.1]
	at org.junit.platform.engine.support.hierarchical.Node.around(Node.java:138) ~[junit-platform-engine-6.0.1.jar:6.0.1]
	at org.junit.platform.engine.support.hierarchical.NodeTestTask.lambda$executeRecursively$0(NodeTestTask.java:164) ~[junit-platform-engine-6.0.1.jar:6.0.1]
	at org.junit.platform.engine.support.hierarchical.ThrowableCollector.execute(ThrowableCollector.java:74) ~[junit-platform-engine-6.0.1.jar:6.0.1]
	at org.junit.platform.engine.support.hierarchical.NodeTestTask.executeRecursively(NodeTestTask.java:163) ~[junit-platform-engine-6.0.1.jar:6.0.1]
	at org.junit.platform.engine.support.hierarchical.NodeTestTask.execute(NodeTestTask.java:116) ~[junit-platform-engine-6.0.1.jar:6.0.1]
	at java.base/java.util.ArrayList.forEach(ArrayList.java:1612) ~[na:na]
	at org.junit.platform.engine.support.hierarchical.SameThreadHierarchicalTestExecutorService.invokeAll(SameThreadHierarchicalTestExecutorService.java:42) ~[junit-platform-engine-6.0.1.jar:6.0.1]
	at org.junit.platform.engine.support.hierarchical.NodeTestTask.lambda$executeRecursively$2(NodeTestTask.java:180) ~[junit-platform-engine-6.0.1.jar:6.0.1]
	at org.junit.platform.engine.support.hierarchical.ThrowableCollector.execute(ThrowableCollector.java:74) ~[junit-platform-engine-6.0.1.jar:6.0.1]
	at org.junit.platform.engine.support.hierarchical.NodeTestTask.lambda$executeRecursively$1(NodeTestTask.java:166) ~[junit-platform-engine-6.0.1.jar:6.0.1]
	at org.junit.platform.engine.support.hierarchical.Node.around(Node.java:138) ~[junit-platform-engine-6.0.1.jar:6.0.1]
	at org.junit.platform.engine.support.hierarchical.NodeTestTask.lambda$executeRecursively$0(NodeTestTask.java:164) ~[junit-platform-engine-6.0.1.jar:6.0.1]
	at org.junit.platform.engine.support.hierarchical.ThrowableCollector.execute(ThrowableCollector.java:74) ~[junit-platform-engine-6.0.1.jar:6.0.1]
	at org.junit.platform.engine.support.hierarchical.NodeTestTask.executeRecursively(NodeTestTask.java:163) ~[junit-platform-engine-6.0.1.jar:6.0.1]
	at org.junit.platform.engine.support.hierarchical.NodeTestTask.execute(NodeTestTask.java:116) ~[junit-platform-engine-6.0.1.jar:6.0.1]
	at java.base/java.util.ArrayList.forEach(ArrayList.java:1612) ~[na:na]
	at org.junit.platform.engine.support.hierarchical.SameThreadHierarchicalTestExecutorService.invokeAll(SameThreadHierarchicalTestExecutorService.java:42) ~[junit-platform-engine-6.0.1.jar:6.0.1]
	at org.junit.platform.engine.support.hierarchical.NodeTestTask.lambda$executeRecursively$2(NodeTestTask.java:180) ~[junit-platform-engine-6.0.1.jar:6.0.1]
	at org.junit.platform.engine.support.hierarchical.ThrowableCollector.execute(ThrowableCollector.java:74) ~[junit-platform-engine-6.0.1.jar:6.0.1]
	at org.junit.platform.engine.support.hierarchical.NodeTestTask.lambda$executeRecursively$1(NodeTestTask.java:166) ~[junit-platform-engine-6.0.1.jar:6.0.1]
	at org.junit.platform.engine.support.hierarchical.Node.around(Node.java:138) ~[junit-platform-engine-6.0.1.jar:6.0.1]
	at org.junit.platform.engine.support.hierarchical.NodeTestTask.lambda$executeRecursively$0(NodeTestTask.java:164) ~[junit-platform-engine-6.0.1.jar:6.0.1]
	at org.junit.platform.engine.support.hierarchical.ThrowableCollector.execute(ThrowableCollector.java:74) ~[junit-platform-engine-6.0.1.jar:6.0.1]
	at org.junit.platform.engine.support.hierarchical.NodeTestTask.executeRecursively(NodeTestTask.java:163) ~[junit-platform-engine-6.0.1.jar:6.0.1]
	at org.junit.platform.engine.support.hierarchical.NodeTestTask.execute(NodeTestTask.java:116) ~[junit-platform-engine-6.0.1.jar:6.0.1]
	at org.junit.platform.engine.support.hierarchical.SameThreadHierarchicalTestExecutorService.submit(SameThreadHierarchicalTestExecutorService.java:36) ~[junit-platform-engine-6.0.1.jar:6.0.1]
	at org.junit.platform.engine.support.hierarchical.HierarchicalTestExecutor.execute(HierarchicalTestExecutor.java:52) ~[junit-platform-engine-6.0.1.jar:6.0.1]
	at org.junit.platform.engine.support.hierarchical.HierarchicalTestEngine.execute(HierarchicalTestEngine.java:58) ~[junit-platform-engine-6.0.1.jar:6.0.1]
	at org.junit.platform.launcher.core.EngineExecutionOrchestrator.executeEngine(EngineExecutionOrchestrator.java:246) ~[junit-platform-launcher-6.0.1.jar:6.0.1]
	at org.junit.platform.launcher.core.EngineExecutionOrchestrator.failOrExecuteEngine(EngineExecutionOrchestrator.java:218) ~[junit-platform-launcher-6.0.1.jar:6.0.1]
	at org.junit.platform.launcher.core.EngineExecutionOrchestrator.execute(EngineExecutionOrchestrator.java:179) ~[junit-platform-launcher-6.0.1.jar:6.0.1]
	at org.junit.platform.launcher.core.EngineExecutionOrchestrator.execute(EngineExecutionOrchestrator.java:108) ~[junit-platform-launcher-6.0.1.jar:6.0.1]
	at org.junit.platform.launcher.core.EngineExecutionOrchestrator.lambda$execute$0(EngineExecutionOrchestrator.java:66) ~[junit-platform-launcher-6.0.1.jar:6.0.1]
	at org.junit.platform.launcher.core.EngineExecutionOrchestrator.withInterceptedStreams(EngineExecutionOrchestrator.java:157) ~[junit-platform-launcher-6.0.1.jar:6.0.1]
	at org.junit.platform.launcher.core.EngineExecutionOrchestrator.execute(EngineExecutionOrchestrator.java:65) ~[junit-platform-launcher-6.0.1.jar:6.0.1]
	at org.junit.platform.launcher.core.DefaultLauncher.execute(DefaultLauncher.java:125) ~[junit-platform-launcher-6.0.1.jar:6.0.1]
	at org.junit.platform.launcher.core.DefaultLauncher.execute(DefaultLauncher.java:114) ~[junit-platform-launcher-6.0.1.jar:6.0.1]
	at org.junit.platform.launcher.core.DelegatingLauncher.execute(DelegatingLauncher.java:58) ~[junit-platform-launcher-6.0.1.jar:6.0.1]
	at org.junit.platform.launcher.core.InterceptingLauncher.lambda$execute$2(InterceptingLauncher.java:57) ~[junit-platform-launcher-6.0.1.jar:6.0.1]
	at org.junit.platform.launcher.core.ClasspathAlignmentCheckingLauncherInterceptor.intercept(ClasspathAlignmentCheckingLauncherInterceptor.java:25) ~[junit-platform-launcher-6.0.1.jar:6.0.1]
	at org.junit.platform.launcher.core.InterceptingLauncher.execute(InterceptingLauncher.java:56) ~[junit-platform-launcher-6.0.1.jar:6.0.1]
	at org.junit.platform.launcher.core.DelegatingLauncher.execute(DelegatingLauncher.java:58) ~[junit-platform-launcher-6.0.1.jar:6.0.1]
	at java.base/jdk.internal.reflect.DirectMethodHandleAccessor.invoke(DirectMethodHandleAccessor.java:104) ~[na:na]
	at java.base/java.lang.reflect.Method.invoke(Method.java:583) ~[na:na]
	at org.apache.maven.surefire.api.util.ReflectionUtils.invokeMethodWithArray(ReflectionUtils.java:125) ~[surefire-api-3.5.4.jar:3.5.4]
	at org.apache.maven.surefire.junitplatform.LauncherAdapter.executeWithCancellationToken(LauncherAdapter.java:68) ~[surefire-junit-platform-3.5.4.jar:3.5.4]
	at org.apache.maven.surefire.junitplatform.LauncherAdapter.execute(LauncherAdapter.java:54) ~[surefire-junit-platform-3.5.4.jar:3.5.4]
	at org.apache.maven.surefire.junitplatform.JUnitPlatformProvider.execute(JUnitPlatformProvider.java:203) ~[surefire-junit-platform-3.5.4.jar:3.5.4]
	at org.apache.maven.surefire.junitplatform.JUnitPlatformProvider.invokeAllTests(JUnitPlatformProvider.java:168) ~[surefire-junit-platform-3.5.4.jar:3.5.4]
	at org.apache.maven.surefire.junitplatform.JUnitPlatformProvider.invoke(JUnitPlatformProvider.java:136) ~[surefire-junit-platform-3.5.4.jar:3.5.4]
	at org.apache.maven.surefire.booter.ForkedBooter.runSuitesInProcess(ForkedBooter.java:385) ~[surefire-booter-3.5.4.jar:3.5.4]
	at org.apache.maven.surefire.booter.ForkedBooter.execute(ForkedBooter.java:162) ~[surefire-booter-3.5.4.jar:3.5.4]
	at org.apache.maven.surefire.booter.ForkedBooter.run(ForkedBooter.java:507) ~[surefire-booter-3.5.4.jar:3.5.4]
	at org.apache.maven.surefire.booter.ForkedBooter.main(ForkedBooter.java:495) ~[surefire-booter-3.5.4.jar:3.5.4]

2026-10-02T23:36:45.970+01:00  WARN 32244 --- [archunit-hexagonal] [           main] c.t.a.core.importer.ClassFileProcessor   : Error during import from jrt:/java.base/java/lang/annotation/RetentionPolicy.class, falling back to simple import

java.lang.IllegalArgumentException: Unsupported class file major version 71
	at com.tngtech.archunit.thirdparty.org.objectweb.asm.ClassReader.<init>(ClassReader.java:200) ~[archunit-1.3.0.jar:1.3.0]
	at com.tngtech.archunit.thirdparty.org.objectweb.asm.ClassReader.<init>(ClassReader.java:180) ~[archunit-1.3.0.jar:1.3.0]
	at com.tngtech.archunit.thirdparty.org.objectweb.asm.ClassReader.<init>(ClassReader.java:166) ~[archunit-1.3.0.jar:1.3.0]
	at com.tngtech.archunit.thirdparty.org.objectweb.asm.ClassReader.<init>(ClassReader.java:288) ~[archunit-1.3.0.jar:1.3.0]
	at com.tngtech.archunit.core.importer.ClassFileProcessor$UriImporterOfProcessor.tryImport(ClassFileProcessor.java:350) ~[archunit-1.3.0.jar:1.3.0]
	at com.tngtech.archunit.core.importer.resolvers.ClassResolverFromClasspath.tryResolve(ClassResolverFromClasspath.java:51) ~[archunit-1.3.0.jar:1.3.0]
	at com.tngtech.archunit.core.importer.ImportedClasses.resolve(ImportedClasses.java:80) ~[archunit-1.3.0.jar:1.3.0]
	at com.tngtech.archunit.core.importer.ImportedClasses.ensurePresent(ImportedClasses.java:75) ~[archunit-1.3.0.jar:1.3.0]
	at com.tngtech.archunit.core.importer.DependencyResolutionProcess.executeRun(DependencyResolutionProcess.java:146) ~[archunit-1.3.0.jar:1.3.0]
	at com.tngtech.archunit.core.importer.DependencyResolutionProcess.resolve(DependencyResolutionProcess.java:122) ~[archunit-1.3.0.jar:1.3.0]
	at com.tngtech.archunit.core.importer.ClassGraphCreator.complete(ClassGraphCreator.java:107) ~[archunit-1.3.0.jar:1.3.0]
	at com.tngtech.archunit.core.importer.ClassFileProcessor.process(ClassFileProcessor.java:75) ~[archunit-1.3.0.jar:1.3.0]
	at com.tngtech.archunit.core.importer.ClassFileImporter.importLocations(ClassFileImporter.java:325) ~[archunit-1.3.0.jar:1.3.0]
	at com.tngtech.archunit.junit.internal.ClassCache$CacheClassFileImporter.importClasses(ClassCache.java:126) ~[archunit-junit5-engine-1.3.0.jar:1.3.0]
	at com.tngtech.archunit.junit.internal.ClassCache$LazyJavaClasses.initialize(ClassCache.java:118) ~[archunit-junit5-engine-1.3.0.jar:1.3.0]
	at com.tngtech.archunit.junit.internal.ClassCache$LazyJavaClasses.get(ClassCache.java:107) ~[archunit-junit5-engine-1.3.0.jar:1.3.0]
	at com.tngtech.archunit.junit.internal.ClassCache.getClassesToAnalyzeFor(ClassCache.java:84) ~[archunit-junit5-engine-1.3.0.jar:1.3.0]
	at com.tngtech.archunit.junit.internal.ArchUnitTestDescriptor.lambda$createChildren$1(ArchUnitTestDescriptor.java:90) ~[archunit-junit5-engine-1.3.0.jar:1.3.0]
	at com.tngtech.archunit.junit.internal.ArchUnitTestDescriptor$ArchUnitRuleDescriptor.execute(ArchUnitTestDescriptor.java:167) ~[archunit-junit5-engine-1.3.0.jar:1.3.0]
	at com.tngtech.archunit.junit.internal.ArchUnitTestDescriptor$ArchUnitRuleDescriptor.execute(ArchUnitTestDescriptor.java:150) ~[archunit-junit5-engine-1.3.0.jar:1.3.0]
	at org.junit.platform.engine.support.hierarchical.NodeTestTask.lambda$executeRecursively$2(NodeTestTask.java:176) ~[junit-platform-engine-6.0.1.jar:6.0.1]
	at org.junit.platform.engine.support.hierarchical.ThrowableCollector.execute(ThrowableCollector.java:74) ~[junit-platform-engine-6.0.1.jar:6.0.1]
	at org.junit.platform.engine.support.hierarchical.NodeTestTask.lambda$executeRecursively$1(NodeTestTask.java:166) ~[junit-platform-engine-6.0.1.jar:6.0.1]
	at org.junit.platform.engine.support.hierarchical.Node.around(Node.java:138) ~[junit-platform-engine-6.0.1.jar:6.0.1]
	at org.junit.platform.engine.support.hierarchical.NodeTestTask.lambda$executeRecursively$0(NodeTestTask.java:164) ~[junit-platform-engine-6.0.1.jar:6.0.1]
	at org.junit.platform.engine.support.hierarchical.ThrowableCollector.execute(ThrowableCollector.java:74) ~[junit-platform-engine-6.0.1.jar:6.0.1]
	at org.junit.platform.engine.support.hierarchical.NodeTestTask.executeRecursively(NodeTestTask.java:163) ~[junit-platform-engine-6.0.1.jar:6.0.1]
	at org.junit.platform.engine.support.hierarchical.NodeTestTask.execute(NodeTestTask.java:116) ~[junit-platform-engine-6.0.1.jar:6.0.1]
	at java.base/java.util.ArrayList.forEach(ArrayList.java:1612) ~[na:na]
	at org.junit.platform.engine.support.hierarchical.SameThreadHierarchicalTestExecutorService.invokeAll(SameThreadHierarchicalTestExecutorService.java:42) ~[junit-platform-engine-6.0.1.jar:6.0.1]
	at org.junit.platform.engine.support.hierarchical.NodeTestTask.lambda$executeRecursively$2(NodeTestTask.java:180) ~[junit-platform-engine-6.0.1.jar:6.0.1]
	at org.junit.platform.engine.support.hierarchical.ThrowableCollector.execute(ThrowableCollector.java:74) ~[junit-platform-engine-6.0.1.jar:6.0.1]
	at org.junit.platform.engine.support.hierarchical.NodeTestTask.lambda$executeRecursively$1(NodeTestTask.java:166) ~[junit-platform-engine-6.0.1.jar:6.0.1]
	at org.junit.platform.engine.support.hierarchical.Node.around(Node.java:138) ~[junit-platform-engine-6.0.1.jar:6.0.1]
	at org.junit.platform.engine.support.hierarchical.NodeTestTask.lambda$executeRecursively$0(NodeTestTask.java:164) ~[junit-platform-engine-6.0.1.jar:6.0.1]
	at org.junit.platform.engine.support.hierarchical.ThrowableCollector.execute(ThrowableCollector.java:74) ~[junit-platform-engine-6.0.1.jar:6.0.1]
	at org.junit.platform.engine.support.hierarchical.NodeTestTask.executeRecursively(NodeTestTask.java:163) ~[junit-platform-engine-6.0.1.jar:6.0.1]
	at org.junit.platform.engine.support.hierarchical.NodeTestTask.execute(NodeTestTask.java:116) ~[junit-platform-engine-6.0.1.jar:6.0.1]
	at java.base/java.util.ArrayList.forEach(ArrayList.java:1612) ~[na:na]
	at org.junit.platform.engine.support.hierarchical.SameThreadHierarchicalTestExecutorService.invokeAll(SameThreadHierarchicalTestExecutorService.java:42) ~[junit-platform-engine-6.0.1.jar:6.0.1]
	at org.junit.platform.engine.support.hierarchical.NodeTestTask.lambda$executeRecursively$2(NodeTestTask.java:180) ~[junit-platform-engine-6.0.1.jar:6.0.1]
	at org.junit.platform.engine.support.hierarchical.ThrowableCollector.execute(ThrowableCollector.java:74) ~[junit-platform-engine-6.0.1.jar:6.0.1]
	at org.junit.platform.engine.support.hierarchical.NodeTestTask.lambda$executeRecursively$1(NodeTestTask.java:166) ~[junit-platform-engine-6.0.1.jar:6.0.1]
	at org.junit.platform.engine.support.hierarchical.Node.around(Node.java:138) ~[junit-platform-engine-6.0.1.jar:6.0.1]
	at org.junit.platform.engine.support.hierarchical.NodeTestTask.lambda$executeRecursively$0(NodeTestTask.java:164) ~[junit-platform-engine-6.0.1.jar:6.0.1]
	at org.junit.platform.engine.support.hierarchical.ThrowableCollector.execute(ThrowableCollector.java:74) ~[junit-platform-engine-6.0.1.jar:6.0.1]
	at org.junit.platform.engine.support.hierarchical.NodeTestTask.executeRecursively(NodeTestTask.java:163) ~[junit-platform-engine-6.0.1.jar:6.0.1]
	at org.junit.platform.engine.support.hierarchical.NodeTestTask.execute(NodeTestTask.java:116) ~[junit-platform-engine-6.0.1.jar:6.0.1]
	at org.junit.platform.engine.support.hierarchical.SameThreadHierarchicalTestExecutorService.submit(SameThreadHierarchicalTestExecutorService.java:36) ~[junit-platform-engine-6.0.1.jar:6.0.1]
	at org.junit.platform.engine.support.hierarchical.HierarchicalTestExecutor.execute(HierarchicalTestExecutor.java:52) ~[junit-platform-engine-6.0.1.jar:6.0.1]
	at org.junit.platform.engine.support.hierarchical.HierarchicalTestEngine.execute(HierarchicalTestEngine.java:58) ~[junit-platform-engine-6.0.1.jar:6.0.1]
	at org.junit.platform.launcher.core.EngineExecutionOrchestrator.executeEngine(EngineExecutionOrchestrator.java:246) ~[junit-platform-launcher-6.0.1.jar:6.0.1]
	at org.junit.platform.launcher.core.EngineExecutionOrchestrator.failOrExecuteEngine(EngineExecutionOrchestrator.java:218) ~[junit-platform-launcher-6.0.1.jar:6.0.1]
	at org.junit.platform.launcher.core.EngineExecutionOrchestrator.execute(EngineExecutionOrchestrator.java:179) ~[junit-platform-launcher-6.0.1.jar:6.0.1]
	at org.junit.platform.launcher.core.EngineExecutionOrchestrator.execute(EngineExecutionOrchestrator.java:108) ~[junit-platform-launcher-6.0.1.jar:6.0.1]
	at org.junit.platform.launcher.core.EngineExecutionOrchestrator.lambda$execute$0(EngineExecutionOrchestrator.java:66) ~[junit-platform-launcher-6.0.1.jar:6.0.1]
	at org.junit.platform.launcher.core.EngineExecutionOrchestrator.withInterceptedStreams(EngineExecutionOrchestrator.java:157) ~[junit-platform-launcher-6.0.1.jar:6.0.1]
	at org.junit.platform.launcher.core.EngineExecutionOrchestrator.execute(EngineExecutionOrchestrator.java:65) ~[junit-platform-launcher-6.0.1.jar:6.0.1]
	at org.junit.platform.launcher.core.DefaultLauncher.execute(DefaultLauncher.java:125) ~[junit-platform-launcher-6.0.1.jar:6.0.1]
	at org.junit.platform.launcher.core.DefaultLauncher.execute(DefaultLauncher.java:114) ~[junit-platform-launcher-6.0.1.jar:6.0.1]
	at org.junit.platform.launcher.core.DelegatingLauncher.execute(DelegatingLauncher.java:58) ~[junit-platform-launcher-6.0.1.jar:6.0.1]
	at org.junit.platform.launcher.core.InterceptingLauncher.lambda$execute$2(InterceptingLauncher.java:57) ~[junit-platform-launcher-6.0.1.jar:6.0.1]
	at org.junit.platform.launcher.core.ClasspathAlignmentCheckingLauncherInterceptor.intercept(ClasspathAlignmentCheckingLauncherInterceptor.java:25) ~[junit-platform-launcher-6.0.1.jar:6.0.1]
	at org.junit.platform.launcher.core.InterceptingLauncher.execute(InterceptingLauncher.java:56) ~[junit-platform-launcher-6.0.1.jar:6.0.1]
	at org.junit.platform.launcher.core.DelegatingLauncher.execute(DelegatingLauncher.java:58) ~[junit-platform-launcher-6.0.1.jar:6.0.1]
	at java.base/jdk.internal.reflect.DirectMethodHandleAccessor.invoke(DirectMethodHandleAccessor.java:104) ~[na:na]
	at java.base/java.lang.reflect.Method.invoke(Method.java:583) ~[na:na]
	at org.apache.maven.surefire.api.util.ReflectionUtils.invokeMethodWithArray(ReflectionUtils.java:125) ~[surefire-api-3.5.4.jar:3.5.4]
	at org.apache.maven.surefire.junitplatform.LauncherAdapter.executeWithCancellationToken(LauncherAdapter.java:68) ~[surefire-junit-platform-3.5.4.jar:3.5.4]
	at org.apache.maven.surefire.junitplatform.LauncherAdapter.execute(LauncherAdapter.java:54) ~[surefire-junit-platform-3.5.4.jar:3.5.4]
	at org.apache.maven.surefire.junitplatform.JUnitPlatformProvider.execute(JUnitPlatformProvider.java:203) ~[surefire-junit-platform-3.5.4.jar:3.5.4]
	at org.apache.maven.surefire.junitplatform.JUnitPlatformProvider.invokeAllTests(JUnitPlatformProvider.java:168) ~[surefire-junit-platform-3.5.4.jar:3.5.4]
	at org.apache.maven.surefire.junitplatform.JUnitPlatformProvider.invoke(JUnitPlatformProvider.java:136) ~[surefire-junit-platform-3.5.4.jar:3.5.4]
	at org.apache.maven.surefire.booter.ForkedBooter.runSuitesInProcess(ForkedBooter.java:385) ~[surefire-booter-3.5.4.jar:3.5.4]
	at org.apache.maven.surefire.booter.ForkedBooter.execute(ForkedBooter.java:162) ~[surefire-booter-3.5.4.jar:3.5.4]
	at org.apache.maven.surefire.booter.ForkedBooter.run(ForkedBooter.java:507) ~[surefire-booter-3.5.4.jar:3.5.4]
	at org.apache.maven.surefire.booter.ForkedBooter.main(ForkedBooter.java:495) ~[surefire-booter-3.5.4.jar:3.5.4]

2026-10-02T23:36:45.984+01:00  WARN 32244 --- [archunit-hexagonal] [           main] c.t.a.core.importer.ClassFileProcessor   : Error during import from jrt:/java.base/java/lang/FunctionalInterface.class, falling back to simple import

java.lang.IllegalArgumentException: Unsupported class file major version 71
	at com.tngtech.archunit.thirdparty.org.objectweb.asm.ClassReader.<init>(ClassReader.java:200) ~[archunit-1.3.0.jar:1.3.0]
	at com.tngtech.archunit.thirdparty.org.objectweb.asm.ClassReader.<init>(ClassReader.java:180) ~[archunit-1.3.0.jar:1.3.0]
	at com.tngtech.archunit.thirdparty.org.objectweb.asm.ClassReader.<init>(ClassReader.java:166) ~[archunit-1.3.0.jar:1.3.0]
	at com.tngtech.archunit.thirdparty.org.objectweb.asm.ClassReader.<init>(ClassReader.java:288) ~[archunit-1.3.0.jar:1.3.0]
	at com.tngtech.archunit.core.importer.ClassFileProcessor$UriImporterOfProcessor.tryImport(ClassFileProcessor.java:350) ~[archunit-1.3.0.jar:1.3.0]
	at com.tngtech.archunit.core.importer.resolvers.ClassResolverFromClasspath.tryResolve(ClassResolverFromClasspath.java:51) ~[archunit-1.3.0.jar:1.3.0]
	at com.tngtech.archunit.core.importer.ImportedClasses.resolve(ImportedClasses.java:80) ~[archunit-1.3.0.jar:1.3.0]
	at com.tngtech.archunit.core.importer.ImportedClasses.ensurePresent(ImportedClasses.java:75) ~[archunit-1.3.0.jar:1.3.0]
	at com.tngtech.archunit.core.importer.DependencyResolutionProcess.executeRun(DependencyResolutionProcess.java:146) ~[archunit-1.3.0.jar:1.3.0]
	at com.tngtech.archunit.core.importer.DependencyResolutionProcess.resolve(DependencyResolutionProcess.java:122) ~[archunit-1.3.0.jar:1.3.0]
	at com.tngtech.archunit.core.importer.ClassGraphCreator.complete(ClassGraphCreator.java:107) ~[archunit-1.3.0.jar:1.3.0]
	at com.tngtech.archunit.core.importer.ClassFileProcessor.process(ClassFileProcessor.java:75) ~[archunit-1.3.0.jar:1.3.0]
	at com.tngtech.archunit.core.importer.ClassFileImporter.importLocations(ClassFileImporter.java:325) ~[archunit-1.3.0.jar:1.3.0]
	at com.tngtech.archunit.junit.internal.ClassCache$CacheClassFileImporter.importClasses(ClassCache.java:126) ~[archunit-junit5-engine-1.3.0.jar:1.3.0]
	at com.tngtech.archunit.junit.internal.ClassCache$LazyJavaClasses.initialize(ClassCache.java:118) ~[archunit-junit5-engine-1.3.0.jar:1.3.0]
	at com.tngtech.archunit.junit.internal.ClassCache$LazyJavaClasses.get(ClassCache.java:107) ~[archunit-junit5-engine-1.3.0.jar:1.3.0]
	at com.tngtech.archunit.junit.internal.ClassCache.getClassesToAnalyzeFor(ClassCache.java:84) ~[archunit-junit5-engine-1.3.0.jar:1.3.0]
	at com.tngtech.archunit.junit.internal.ArchUnitTestDescriptor.lambda$createChildren$1(ArchUnitTestDescriptor.java:90) ~[archunit-junit5-engine-1.3.0.jar:1.3.0]
	at com.tngtech.archunit.junit.internal.ArchUnitTestDescriptor$ArchUnitRuleDescriptor.execute(ArchUnitTestDescriptor.java:167) ~[archunit-junit5-engine-1.3.0.jar:1.3.0]
	at com.tngtech.archunit.junit.internal.ArchUnitTestDescriptor$ArchUnitRuleDescriptor.execute(ArchUnitTestDescriptor.java:150) ~[archunit-junit5-engine-1.3.0.jar:1.3.0]
	at org.junit.platform.engine.support.hierarchical.NodeTestTask.lambda$executeRecursively$2(NodeTestTask.java:176) ~[junit-platform-engine-6.0.1.jar:6.0.1]
	at org.junit.platform.engine.support.hierarchical.ThrowableCollector.execute(ThrowableCollector.java:74) ~[junit-platform-engine-6.0.1.jar:6.0.1]
	at org.junit.platform.engine.support.hierarchical.NodeTestTask.lambda$executeRecursively$1(NodeTestTask.java:166) ~[junit-platform-engine-6.0.1.jar:6.0.1]
	at org.junit.platform.engine.support.hierarchical.Node.around(Node.java:138) ~[junit-platform-engine-6.0.1.jar:6.0.1]
	at org.junit.platform.engine.support.hierarchical.NodeTestTask.lambda$executeRecursively$0(NodeTestTask.java:164) ~[junit-platform-engine-6.0.1.jar:6.0.1]
	at org.junit.platform.engine.support.hierarchical.ThrowableCollector.execute(ThrowableCollector.java:74) ~[junit-platform-engine-6.0.1.jar:6.0.1]
	at org.junit.platform.engine.support.hierarchical.NodeTestTask.executeRecursively(NodeTestTask.java:163) ~[junit-platform-engine-6.0.1.jar:6.0.1]
	at org.junit.platform.engine.support.hierarchical.NodeTestTask.execute(NodeTestTask.java:116) ~[junit-platform-engine-6.0.1.jar:6.0.1]
	at java.base/java.util.ArrayList.forEach(ArrayList.java:1612) ~[na:na]
	at org.junit.platform.engine.support.hierarchical.SameThreadHierarchicalTestExecutorService.invokeAll(SameThreadHierarchicalTestExecutorService.java:42) ~[junit-platform-engine-6.0.1.jar:6.0.1]
	at org.junit.platform.engine.support.hierarchical.NodeTestTask.lambda$executeRecursively$2(NodeTestTask.java:180) ~[junit-platform-engine-6.0.1.jar:6.0.1]
	at org.junit.platform.engine.support.hierarchical.ThrowableCollector.execute(ThrowableCollector.java:74) ~[junit-platform-engine-6.0.1.jar:6.0.1]
	at org.junit.platform.engine.support.hierarchical.NodeTestTask.lambda$executeRecursively$1(NodeTestTask.java:166) ~[junit-platform-engine-6.0.1.jar:6.0.1]
	at org.junit.platform.engine.support.hierarchical.Node.around(Node.java:138) ~[junit-platform-engine-6.0.1.jar:6.0.1]
	at org.junit.platform.engine.support.hierarchical.NodeTestTask.lambda$executeRecursively$0(NodeTestTask.java:164) ~[junit-platform-engine-6.0.1.jar:6.0.1]
	at org.junit.platform.engine.support.hierarchical.ThrowableCollector.execute(ThrowableCollector.java:74) ~[junit-platform-engine-6.0.1.jar:6.0.1]
	at org.junit.platform.engine.support.hierarchical.NodeTestTask.executeRecursively(NodeTestTask.java:163) ~[junit-platform-engine-6.0.1.jar:6.0.1]
	at org.junit.platform.engine.support.hierarchical.NodeTestTask.execute(NodeTestTask.java:116) ~[junit-platform-engine-6.0.1.jar:6.0.1]
	at java.base/java.util.ArrayList.forEach(ArrayList.java:1612) ~[na:na]
	at org.junit.platform.engine.support.hierarchical.SameThreadHierarchicalTestExecutorService.invokeAll(SameThreadHierarchicalTestExecutorService.java:42) ~[junit-platform-engine-6.0.1.jar:6.0.1]
	at org.junit.platform.engine.support.hierarchical.NodeTestTask.lambda$executeRecursively$2(NodeTestTask.java:180) ~[junit-platform-engine-6.0.1.jar:6.0.1]
	at org.junit.platform.engine.support.hierarchical.ThrowableCollector.execute(ThrowableCollector.java:74) ~[junit-platform-engine-6.0.1.jar:6.0.1]
	at org.junit.platform.engine.support.hierarchical.NodeTestTask.lambda$executeRecursively$1(NodeTestTask.java:166) ~[junit-platform-engine-6.0.1.jar:6.0.1]
	at org.junit.platform.engine.support.hierarchical.Node.around(Node.java:138) ~[junit-platform-engine-6.0.1.jar:6.0.1]
	at org.junit.platform.engine.support.hierarchical.NodeTestTask.lambda$executeRecursively$0(NodeTestTask.java:164) ~[junit-platform-engine-6.0.1.jar:6.0.1]
	at org.junit.platform.engine.support.hierarchical.ThrowableCollector.execute(ThrowableCollector.java:74) ~[junit-platform-engine-6.0.1.jar:6.0.1]
	at org.junit.platform.engine.support.hierarchical.NodeTestTask.executeRecursively(NodeTestTask.java:163) ~[junit-platform-engine-6.0.1.jar:6.0.1]
	at org.junit.platform.engine.support.hierarchical.NodeTestTask.execute(NodeTestTask.java:116) ~[junit-platform-engine-6.0.1.jar:6.0.1]
	at org.junit.platform.engine.support.hierarchical.SameThreadHierarchicalTestExecutorService.submit(SameThreadHierarchicalTestExecutorService.java:36) ~[junit-platform-engine-6.0.1.jar:6.0.1]
	at org.junit.platform.engine.support.hierarchical.HierarchicalTestExecutor.execute(HierarchicalTestExecutor.java:52) ~[junit-platform-engine-6.0.1.jar:6.0.1]
	at org.junit.platform.engine.support.hierarchical.HierarchicalTestEngine.execute(HierarchicalTestEngine.java:58) ~[junit-platform-engine-6.0.1.jar:6.0.1]
	at org.junit.platform.launcher.core.EngineExecutionOrchestrator.executeEngine(EngineExecutionOrchestrator.java:246) ~[junit-platform-launcher-6.0.1.jar:6.0.1]
	at org.junit.platform.launcher.core.EngineExecutionOrchestrator.failOrExecuteEngine(EngineExecutionOrchestrator.java:218) ~[junit-platform-launcher-6.0.1.jar:6.0.1]
	at org.junit.platform.launcher.core.EngineExecutionOrchestrator.execute(EngineExecutionOrchestrator.java:179) ~[junit-platform-launcher-6.0.1.jar:6.0.1]
	at org.junit.platform.launcher.core.EngineExecutionOrchestrator.execute(EngineExecutionOrchestrator.java:108) ~[junit-platform-launcher-6.0.1.jar:6.0.1]
	at org.junit.platform.launcher.core.EngineExecutionOrchestrator.lambda$execute$0(EngineExecutionOrchestrator.java:66) ~[junit-platform-launcher-6.0.1.jar:6.0.1]
	at org.junit.platform.launcher.core.EngineExecutionOrchestrator.withInterceptedStreams(EngineExecutionOrchestrator.java:157) ~[junit-platform-launcher-6.0.1.jar:6.0.1]
	at org.junit.platform.launcher.core.EngineExecutionOrchestrator.execute(EngineExecutionOrchestrator.java:65) ~[junit-platform-launcher-6.0.1.jar:6.0.1]
	at org.junit.platform.launcher.core.DefaultLauncher.execute(DefaultLauncher.java:125) ~[junit-platform-launcher-6.0.1.jar:6.0.1]
	at org.junit.platform.launcher.core.DefaultLauncher.execute(DefaultLauncher.java:114) ~[junit-platform-launcher-6.0.1.jar:6.0.1]
	at org.junit.platform.launcher.core.DelegatingLauncher.execute(DelegatingLauncher.java:58) ~[junit-platform-launcher-6.0.1.jar:6.0.1]
	at org.junit.platform.launcher.core.InterceptingLauncher.lambda$execute$2(InterceptingLauncher.java:57) ~[junit-platform-launcher-6.0.1.jar:6.0.1]
	at org.junit.platform.launcher.core.ClasspathAlignmentCheckingLauncherInterceptor.intercept(ClasspathAlignmentCheckingLauncherInterceptor.java:25) ~[junit-platform-launcher-6.0.1.jar:6.0.1]
	at org.junit.platform.launcher.core.InterceptingLauncher.execute(InterceptingLauncher.java:56) ~[junit-platform-launcher-6.0.1.jar:6.0.1]
	at org.junit.platform.launcher.core.DelegatingLauncher.execute(DelegatingLauncher.java:58) ~[junit-platform-launcher-6.0.1.jar:6.0.1]
	at java.base/jdk.internal.reflect.DirectMethodHandleAccessor.invoke(DirectMethodHandleAccessor.java:104) ~[na:na]
	at java.base/java.lang.reflect.Method.invoke(Method.java:583) ~[na:na]
	at org.apache.maven.surefire.api.util.ReflectionUtils.invokeMethodWithArray(ReflectionUtils.java:125) ~[surefire-api-3.5.4.jar:3.5.4]
	at org.apache.maven.surefire.junitplatform.LauncherAdapter.executeWithCancellationToken(LauncherAdapter.java:68) ~[surefire-junit-platform-3.5.4.jar:3.5.4]
	at org.apache.maven.surefire.junitplatform.LauncherAdapter.execute(LauncherAdapter.java:54) ~[surefire-junit-platform-3.5.4.jar:3.5.4]
	at org.apache.maven.surefire.junitplatform.JUnitPlatformProvider.execute(JUnitPlatformProvider.java:203) ~[surefire-junit-platform-3.5.4.jar:3.5.4]
	at org.apache.maven.surefire.junitplatform.JUnitPlatformProvider.invokeAllTests(JUnitPlatformProvider.java:168) ~[surefire-junit-platform-3.5.4.jar:3.5.4]
	at org.apache.maven.surefire.junitplatform.JUnitPlatformProvider.invoke(JUnitPlatformProvider.java:136) ~[surefire-junit-platform-3.5.4.jar:3.5.4]
	at org.apache.maven.surefire.booter.ForkedBooter.runSuitesInProcess(ForkedBooter.java:385) ~[surefire-booter-3.5.4.jar:3.5.4]
	at org.apache.maven.surefire.booter.ForkedBooter.execute(ForkedBooter.java:162) ~[surefire-booter-3.5.4.jar:3.5.4]
	at org.apache.maven.surefire.booter.ForkedBooter.run(ForkedBooter.java:507) ~[surefire-booter-3.5.4.jar:3.5.4]
	at org.apache.maven.surefire.booter.ForkedBooter.main(ForkedBooter.java:495) ~[surefire-booter-3.5.4.jar:3.5.4]

2026-10-02T23:36:45.987+01:00  WARN 32244 --- [archunit-hexagonal] [           main] c.t.a.core.importer.ClassFileProcessor   : Error during import from jrt:/java.base/java/lang/Enum.class, falling back to simple import

java.lang.IllegalArgumentException: Unsupported class file major version 71
	at com.tngtech.archunit.thirdparty.org.objectweb.asm.ClassReader.<init>(ClassReader.java:200) ~[archunit-1.3.0.jar:1.3.0]
	at com.tngtech.archunit.thirdparty.org.objectweb.asm.ClassReader.<init>(ClassReader.java:180) ~[archunit-1.3.0.jar:1.3.0]
	at com.tngtech.archunit.thirdparty.org.objectweb.asm.ClassReader.<init>(ClassReader.java:166) ~[archunit-1.3.0.jar:1.3.0]
	at com.tngtech.archunit.thirdparty.org.objectweb.asm.ClassReader.<init>(ClassReader.java:288) ~[archunit-1.3.0.jar:1.3.0]
	at com.tngtech.archunit.core.importer.ClassFileProcessor$UriImporterOfProcessor.tryImport(ClassFileProcessor.java:350) ~[archunit-1.3.0.jar:1.3.0]
	at com.tngtech.archunit.core.importer.resolvers.ClassResolverFromClasspath.tryResolve(ClassResolverFromClasspath.java:51) ~[archunit-1.3.0.jar:1.3.0]
	at com.tngtech.archunit.core.importer.ImportedClasses.resolve(ImportedClasses.java:80) ~[archunit-1.3.0.jar:1.3.0]
	at com.tngtech.archunit.core.importer.ImportedClasses.ensurePresent(ImportedClasses.java:75) ~[archunit-1.3.0.jar:1.3.0]
	at com.tngtech.archunit.core.importer.DependencyResolutionProcess.executeRun(DependencyResolutionProcess.java:146) ~[archunit-1.3.0.jar:1.3.0]
	at com.tngtech.archunit.core.importer.DependencyResolutionProcess.resolve(DependencyResolutionProcess.java:122) ~[archunit-1.3.0.jar:1.3.0]
	at com.tngtech.archunit.core.importer.ClassGraphCreator.complete(ClassGraphCreator.java:107) ~[archunit-1.3.0.jar:1.3.0]
	at com.tngtech.archunit.core.importer.ClassFileProcessor.process(ClassFileProcessor.java:75) ~[archunit-1.3.0.jar:1.3.0]
	at com.tngtech.archunit.core.importer.ClassFileImporter.importLocations(ClassFileImporter.java:325) ~[archunit-1.3.0.jar:1.3.0]
	at com.tngtech.archunit.junit.internal.ClassCache$CacheClassFileImporter.importClasses(ClassCache.java:126) ~[archunit-junit5-engine-1.3.0.jar:1.3.0]
	at com.tngtech.archunit.junit.internal.ClassCache$LazyJavaClasses.initialize(ClassCache.java:118) ~[archunit-junit5-engine-1.3.0.jar:1.3.0]
	at com.tngtech.archunit.junit.internal.ClassCache$LazyJavaClasses.get(ClassCache.java:107) ~[archunit-junit5-engine-1.3.0.jar:1.3.0]
	at com.tngtech.archunit.junit.internal.ClassCache.getClassesToAnalyzeFor(ClassCache.java:84) ~[archunit-junit5-engine-1.3.0.jar:1.3.0]
	at com.tngtech.archunit.junit.internal.ArchUnitTestDescriptor.lambda$createChildren$1(ArchUnitTestDescriptor.java:90) ~[archunit-junit5-engine-1.3.0.jar:1.3.0]
	at com.tngtech.archunit.junit.internal.ArchUnitTestDescriptor$ArchUnitRuleDescriptor.execute(ArchUnitTestDescriptor.java:167) ~[archunit-junit5-engine-1.3.0.jar:1.3.0]
	at com.tngtech.archunit.junit.internal.ArchUnitTestDescriptor$ArchUnitRuleDescriptor.execute(ArchUnitTestDescriptor.java:150) ~[archunit-junit5-engine-1.3.0.jar:1.3.0]
	at org.junit.platform.engine.support.hierarchical.NodeTestTask.lambda$executeRecursively$2(NodeTestTask.java:176) ~[junit-platform-engine-6.0.1.jar:6.0.1]
	at org.junit.platform.engine.support.hierarchical.ThrowableCollector.execute(ThrowableCollector.java:74) ~[junit-platform-engine-6.0.1.jar:6.0.1]
	at org.junit.platform.engine.support.hierarchical.NodeTestTask.lambda$executeRecursively$1(NodeTestTask.java:166) ~[junit-platform-engine-6.0.1.jar:6.0.1]
	at org.junit.platform.engine.support.hierarchical.Node.around(Node.java:138) ~[junit-platform-engine-6.0.1.jar:6.0.1]
	at org.junit.platform.engine.support.hierarchical.NodeTestTask.lambda$executeRecursively$0(NodeTestTask.java:164) ~[junit-platform-engine-6.0.1.jar:6.0.1]
	at org.junit.platform.engine.support.hierarchical.ThrowableCollector.execute(ThrowableCollector.java:74) ~[junit-platform-engine-6.0.1.jar:6.0.1]
	at org.junit.platform.engine.support.hierarchical.NodeTestTask.executeRecursively(NodeTestTask.java:163) ~[junit-platform-engine-6.0.1.jar:6.0.1]
	at org.junit.platform.engine.support.hierarchical.NodeTestTask.execute(NodeTestTask.java:116) ~[junit-platform-engine-6.0.1.jar:6.0.1]
	at java.base/java.util.ArrayList.forEach(ArrayList.java:1612) ~[na:na]
	at org.junit.platform.engine.support.hierarchical.SameThreadHierarchicalTestExecutorService.invokeAll(SameThreadHierarchicalTestExecutorService.java:42) ~[junit-platform-engine-6.0.1.jar:6.0.1]
	at org.junit.platform.engine.support.hierarchical.NodeTestTask.lambda$executeRecursively$2(NodeTestTask.java:180) ~[junit-platform-engine-6.0.1.jar:6.0.1]
	at org.junit.platform.engine.support.hierarchical.ThrowableCollector.execute(ThrowableCollector.java:74) ~[junit-platform-engine-6.0.1.jar:6.0.1]
	at org.junit.platform.engine.support.hierarchical.NodeTestTask.lambda$executeRecursively$1(NodeTestTask.java:166) ~[junit-platform-engine-6.0.1.jar:6.0.1]
	at org.junit.platform.engine.support.hierarchical.Node.around(Node.java:138) ~[junit-platform-engine-6.0.1.jar:6.0.1]
	at org.junit.platform.engine.support.hierarchical.NodeTestTask.lambda$executeRecursively$0(NodeTestTask.java:164) ~[junit-platform-engine-6.0.1.jar:6.0.1]
	at org.junit.platform.engine.support.hierarchical.ThrowableCollector.execute(ThrowableCollector.java:74) ~[junit-platform-engine-6.0.1.jar:6.0.1]
	at org.junit.platform.engine.support.hierarchical.NodeTestTask.executeRecursively(NodeTestTask.java:163) ~[junit-platform-engine-6.0.1.jar:6.0.1]
	at org.junit.platform.engine.support.hierarchical.NodeTestTask.execute(NodeTestTask.java:116) ~[junit-platform-engine-6.0.1.jar:6.0.1]
	at java.base/java.util.ArrayList.forEach(ArrayList.java:1612) ~[na:na]
	at org.junit.platform.engine.support.hierarchical.SameThreadHierarchicalTestExecutorService.invokeAll(SameThreadHierarchicalTestExecutorService.java:42) ~[junit-platform-engine-6.0.1.jar:6.0.1]
	at org.junit.platform.engine.support.hierarchical.NodeTestTask.lambda$executeRecursively$2(NodeTestTask.java:180) ~[junit-platform-engine-6.0.1.jar:6.0.1]
	at org.junit.platform.engine.support.hierarchical.ThrowableCollector.execute(ThrowableCollector.java:74) ~[junit-platform-engine-6.0.1.jar:6.0.1]
	at org.junit.platform.engine.support.hierarchical.NodeTestTask.lambda$executeRecursively$1(NodeTestTask.java:166) ~[junit-platform-engine-6.0.1.jar:6.0.1]
	at org.junit.platform.engine.support.hierarchical.Node.around(Node.java:138) ~[junit-platform-engine-6.0.1.jar:6.0.1]
	at org.junit.platform.engine.support.hierarchical.NodeTestTask.lambda$executeRecursively$0(NodeTestTask.java:164) ~[junit-platform-engine-6.0.1.jar:6.0.1]
	at org.junit.platform.engine.support.hierarchical.ThrowableCollector.execute(ThrowableCollector.java:74) ~[junit-platform-engine-6.0.1.jar:6.0.1]
	at org.junit.platform.engine.support.hierarchical.NodeTestTask.executeRecursively(NodeTestTask.java:163) ~[junit-platform-engine-6.0.1.jar:6.0.1]
	at org.junit.platform.engine.support.hierarchical.NodeTestTask.execute(NodeTestTask.java:116) ~[junit-platform-engine-6.0.1.jar:6.0.1]
	at org.junit.platform.engine.support.hierarchical.SameThreadHierarchicalTestExecutorService.submit(SameThreadHierarchicalTestExecutorService.java:36) ~[junit-platform-engine-6.0.1.jar:6.0.1]
	at org.junit.platform.engine.support.hierarchical.HierarchicalTestExecutor.execute(HierarchicalTestExecutor.java:52) ~[junit-platform-engine-6.0.1.jar:6.0.1]
	at org.junit.platform.engine.support.hierarchical.HierarchicalTestEngine.execute(HierarchicalTestEngine.java:58) ~[junit-platform-engine-6.0.1.jar:6.0.1]
	at org.junit.platform.launcher.core.EngineExecutionOrchestrator.executeEngine(EngineExecutionOrchestrator.java:246) ~[junit-platform-launcher-6.0.1.jar:6.0.1]
	at org.junit.platform.launcher.core.EngineExecutionOrchestrator.failOrExecuteEngine(EngineExecutionOrchestrator.java:218) ~[junit-platform-launcher-6.0.1.jar:6.0.1]
	at org.junit.platform.launcher.core.EngineExecutionOrchestrator.execute(EngineExecutionOrchestrator.java:179) ~[junit-platform-launcher-6.0.1.jar:6.0.1]
	at org.junit.platform.launcher.core.EngineExecutionOrchestrator.execute(EngineExecutionOrchestrator.java:108) ~[junit-platform-launcher-6.0.1.jar:6.0.1]
	at org.junit.platform.launcher.core.EngineExecutionOrchestrator.lambda$execute$0(EngineExecutionOrchestrator.java:66) ~[junit-platform-launcher-6.0.1.jar:6.0.1]
	at org.junit.platform.launcher.core.EngineExecutionOrchestrator.withInterceptedStreams(EngineExecutionOrchestrator.java:157) ~[junit-platform-launcher-6.0.1.jar:6.0.1]
	at org.junit.platform.launcher.core.EngineExecutionOrchestrator.execute(EngineExecutionOrchestrator.java:65) ~[junit-platform-launcher-6.0.1.jar:6.0.1]
	at org.junit.platform.launcher.core.DefaultLauncher.execute(DefaultLauncher.java:125) ~[junit-platform-launcher-6.0.1.jar:6.0.1]
	at org.junit.platform.launcher.core.DefaultLauncher.execute(DefaultLauncher.java:114) ~[junit-platform-launcher-6.0.1.jar:6.0.1]
	at org.junit.platform.launcher.core.DelegatingLauncher.execute(DelegatingLauncher.java:58) ~[junit-platform-launcher-6.0.1.jar:6.0.1]
	at org.junit.platform.launcher.core.InterceptingLauncher.lambda$execute$2(InterceptingLauncher.java:57) ~[junit-platform-launcher-6.0.1.jar:6.0.1]
	at org.junit.platform.launcher.core.ClasspathAlignmentCheckingLauncherInterceptor.intercept(ClasspathAlignmentCheckingLauncherInterceptor.java:25) ~[junit-platform-launcher-6.0.1.jar:6.0.1]
	at org.junit.platform.launcher.core.InterceptingLauncher.execute(InterceptingLauncher.java:56) ~[junit-platform-launcher-6.0.1.jar:6.0.1]
	at org.junit.platform.launcher.core.DelegatingLauncher.execute(DelegatingLauncher.java:58) ~[junit-platform-launcher-6.0.1.jar:6.0.1]
	at java.base/jdk.internal.reflect.DirectMethodHandleAccessor.invoke(DirectMethodHandleAccessor.java:104) ~[na:na]
	at java.base/java.lang.reflect.Method.invoke(Method.java:583) ~[na:na]
	at org.apache.maven.surefire.api.util.ReflectionUtils.invokeMethodWithArray(ReflectionUtils.java:125) ~[surefire-api-3.5.4.jar:3.5.4]
	at org.apache.maven.surefire.junitplatform.LauncherAdapter.executeWithCancellationToken(LauncherAdapter.java:68) ~[surefire-junit-platform-3.5.4.jar:3.5.4]
	at org.apache.maven.surefire.junitplatform.LauncherAdapter.execute(LauncherAdapter.java:54) ~[surefire-junit-platform-3.5.4.jar:3.5.4]
	at org.apache.maven.surefire.junitplatform.JUnitPlatformProvider.execute(JUnitPlatformProvider.java:203) ~[surefire-junit-platform-3.5.4.jar:3.5.4]
	at org.apache.maven.surefire.junitplatform.JUnitPlatformProvider.invokeAllTests(JUnitPlatformProvider.java:168) ~[surefire-junit-platform-3.5.4.jar:3.5.4]
	at org.apache.maven.surefire.junitplatform.JUnitPlatformProvider.invoke(JUnitPlatformProvider.java:136) ~[surefire-junit-platform-3.5.4.jar:3.5.4]
	at org.apache.maven.surefire.booter.ForkedBooter.runSuitesInProcess(ForkedBooter.java:385) ~[surefire-booter-3.5.4.jar:3.5.4]
	at org.apache.maven.surefire.booter.ForkedBooter.execute(ForkedBooter.java:162) ~[surefire-booter-3.5.4.jar:3.5.4]
	at org.apache.maven.surefire.booter.ForkedBooter.run(ForkedBooter.java:507) ~[surefire-booter-3.5.4.jar:3.5.4]
	at org.apache.maven.surefire.booter.ForkedBooter.main(ForkedBooter.java:495) ~[surefire-booter-3.5.4.jar:3.5.4]

2026-10-02T23:36:45.989+01:00  WARN 32244 --- [archunit-hexagonal] [           main] c.t.a.core.importer.ClassFileProcessor   : Error during import from jrt:/java.base/java/lang/annotation/Repeatable.class, falling back to simple import

java.lang.IllegalArgumentException: Unsupported class file major version 71
	at com.tngtech.archunit.thirdparty.org.objectweb.asm.ClassReader.<init>(ClassReader.java:200) ~[archunit-1.3.0.jar:1.3.0]
	at com.tngtech.archunit.thirdparty.org.objectweb.asm.ClassReader.<init>(ClassReader.java:180) ~[archunit-1.3.0.jar:1.3.0]
	at com.tngtech.archunit.thirdparty.org.objectweb.asm.ClassReader.<init>(ClassReader.java:166) ~[archunit-1.3.0.jar:1.3.0]
	at com.tngtech.archunit.thirdparty.org.objectweb.asm.ClassReader.<init>(ClassReader.java:288) ~[archunit-1.3.0.jar:1.3.0]
	at com.tngtech.archunit.core.importer.ClassFileProcessor$UriImporterOfProcessor.tryImport(ClassFileProcessor.java:350) ~[archunit-1.3.0.jar:1.3.0]
	at com.tngtech.archunit.core.importer.resolvers.ClassResolverFromClasspath.tryResolve(ClassResolverFromClasspath.java:51) ~[archunit-1.3.0.jar:1.3.0]
	at com.tngtech.archunit.core.importer.ImportedClasses.resolve(ImportedClasses.java:80) ~[archunit-1.3.0.jar:1.3.0]
	at com.tngtech.archunit.core.importer.ImportedClasses.ensurePresent(ImportedClasses.java:75) ~[archunit-1.3.0.jar:1.3.0]
	at com.tngtech.archunit.core.importer.DependencyResolutionProcess.executeRun(DependencyResolutionProcess.java:146) ~[archunit-1.3.0.jar:1.3.0]
	at com.tngtech.archunit.core.importer.DependencyResolutionProcess.resolve(DependencyResolutionProcess.java:122) ~[archunit-1.3.0.jar:1.3.0]
	at com.tngtech.archunit.core.importer.ClassGraphCreator.complete(ClassGraphCreator.java:107) ~[archunit-1.3.0.jar:1.3.0]
	at com.tngtech.archunit.core.importer.ClassFileProcessor.process(ClassFileProcessor.java:75) ~[archunit-1.3.0.jar:1.3.0]
	at com.tngtech.archunit.core.importer.ClassFileImporter.importLocations(ClassFileImporter.java:325) ~[archunit-1.3.0.jar:1.3.0]
	at com.tngtech.archunit.junit.internal.ClassCache$CacheClassFileImporter.importClasses(ClassCache.java:126) ~[archunit-junit5-engine-1.3.0.jar:1.3.0]
	at com.tngtech.archunit.junit.internal.ClassCache$LazyJavaClasses.initialize(ClassCache.java:118) ~[archunit-junit5-engine-1.3.0.jar:1.3.0]
	at com.tngtech.archunit.junit.internal.ClassCache$LazyJavaClasses.get(ClassCache.java:107) ~[archunit-junit5-engine-1.3.0.jar:1.3.0]
	at com.tngtech.archunit.junit.internal.ClassCache.getClassesToAnalyzeFor(ClassCache.java:84) ~[archunit-junit5-engine-1.3.0.jar:1.3.0]
	at com.tngtech.archunit.junit.internal.ArchUnitTestDescriptor.lambda$createChildren$1(ArchUnitTestDescriptor.java:90) ~[archunit-junit5-engine-1.3.0.jar:1.3.0]
	at com.tngtech.archunit.junit.internal.ArchUnitTestDescriptor$ArchUnitRuleDescriptor.execute(ArchUnitTestDescriptor.java:167) ~[archunit-junit5-engine-1.3.0.jar:1.3.0]
	at com.tngtech.archunit.junit.internal.ArchUnitTestDescriptor$ArchUnitRuleDescriptor.execute(ArchUnitTestDescriptor.java:150) ~[archunit-junit5-engine-1.3.0.jar:1.3.0]
	at org.junit.platform.engine.support.hierarchical.NodeTestTask.lambda$executeRecursively$2(NodeTestTask.java:176) ~[junit-platform-engine-6.0.1.jar:6.0.1]
	at org.junit.platform.engine.support.hierarchical.ThrowableCollector.execute(ThrowableCollector.java:74) ~[junit-platform-engine-6.0.1.jar:6.0.1]
	at org.junit.platform.engine.support.hierarchical.NodeTestTask.lambda$executeRecursively$1(NodeTestTask.java:166) ~[junit-platform-engine-6.0.1.jar:6.0.1]
	at org.junit.platform.engine.support.hierarchical.Node.around(Node.java:138) ~[junit-platform-engine-6.0.1.jar:6.0.1]
	at org.junit.platform.engine.support.hierarchical.NodeTestTask.lambda$executeRecursively$0(NodeTestTask.java:164) ~[junit-platform-engine-6.0.1.jar:6.0.1]
	at org.junit.platform.engine.support.hierarchical.ThrowableCollector.execute(ThrowableCollector.java:74) ~[junit-platform-engine-6.0.1.jar:6.0.1]
	at org.junit.platform.engine.support.hierarchical.NodeTestTask.executeRecursively(NodeTestTask.java:163) ~[junit-platform-engine-6.0.1.jar:6.0.1]
	at org.junit.platform.engine.support.hierarchical.NodeTestTask.execute(NodeTestTask.java:116) ~[junit-platform-engine-6.0.1.jar:6.0.1]
	at java.base/java.util.ArrayList.forEach(ArrayList.java:1612) ~[na:na]
	at org.junit.platform.engine.support.hierarchical.SameThreadHierarchicalTestExecutorService.invokeAll(SameThreadHierarchicalTestExecutorService.java:42) ~[junit-platform-engine-6.0.1.jar:6.0.1]
	at org.junit.platform.engine.support.hierarchical.NodeTestTask.lambda$executeRecursively$2(NodeTestTask.java:180) ~[junit-platform-engine-6.0.1.jar:6.0.1]
	at org.junit.platform.engine.support.hierarchical.ThrowableCollector.execute(ThrowableCollector.java:74) ~[junit-platform-engine-6.0.1.jar:6.0.1]
	at org.junit.platform.engine.support.hierarchical.NodeTestTask.lambda$executeRecursively$1(NodeTestTask.java:166) ~[junit-platform-engine-6.0.1.jar:6.0.1]
	at org.junit.platform.engine.support.hierarchical.Node.around(Node.java:138) ~[junit-platform-engine-6.0.1.jar:6.0.1]
	at org.junit.platform.engine.support.hierarchical.NodeTestTask.lambda$executeRecursively$0(NodeTestTask.java:164) ~[junit-platform-engine-6.0.1.jar:6.0.1]
	at org.junit.platform.engine.support.hierarchical.ThrowableCollector.execute(ThrowableCollector.java:74) ~[junit-platform-engine-6.0.1.jar:6.0.1]
	at org.junit.platform.engine.support.hierarchical.NodeTestTask.executeRecursively(NodeTestTask.java:163) ~[junit-platform-engine-6.0.1.jar:6.0.1]
	at org.junit.platform.engine.support.hierarchical.NodeTestTask.execute(NodeTestTask.java:116) ~[junit-platform-engine-6.0.1.jar:6.0.1]
	at java.base/java.util.ArrayList.forEach(ArrayList.java:1612) ~[na:na]
	at org.junit.platform.engine.support.hierarchical.SameThreadHierarchicalTestExecutorService.invokeAll(SameThreadHierarchicalTestExecutorService.java:42) ~[junit-platform-engine-6.0.1.jar:6.0.1]
	at org.junit.platform.engine.support.hierarchical.NodeTestTask.lambda$executeRecursively$2(NodeTestTask.java:180) ~[junit-platform-engine-6.0.1.jar:6.0.1]
	at org.junit.platform.engine.support.hierarchical.ThrowableCollector.execute(ThrowableCollector.java:74) ~[junit-platform-engine-6.0.1.jar:6.0.1]
	at org.junit.platform.engine.support.hierarchical.NodeTestTask.lambda$executeRecursively$1(NodeTestTask.java:166) ~[junit-platform-engine-6.0.1.jar:6.0.1]
	at org.junit.platform.engine.support.hierarchical.Node.around(Node.java:138) ~[junit-platform-engine-6.0.1.jar:6.0.1]
	at org.junit.platform.engine.support.hierarchical.NodeTestTask.lambda$executeRecursively$0(NodeTestTask.java:164) ~[junit-platform-engine-6.0.1.jar:6.0.1]
	at org.junit.platform.engine.support.hierarchical.ThrowableCollector.execute(ThrowableCollector.java:74) ~[junit-platform-engine-6.0.1.jar:6.0.1]
	at org.junit.platform.engine.support.hierarchical.NodeTestTask.executeRecursively(NodeTestTask.java:163) ~[junit-platform-engine-6.0.1.jar:6.0.1]
	at org.junit.platform.engine.support.hierarchical.NodeTestTask.execute(NodeTestTask.java:116) ~[junit-platform-engine-6.0.1.jar:6.0.1]
	at org.junit.platform.engine.support.hierarchical.SameThreadHierarchicalTestExecutorService.submit(SameThreadHierarchicalTestExecutorService.java:36) ~[junit-platform-engine-6.0.1.jar:6.0.1]
	at org.junit.platform.engine.support.hierarchical.HierarchicalTestExecutor.execute(HierarchicalTestExecutor.java:52) ~[junit-platform-engine-6.0.1.jar:6.0.1]
	at org.junit.platform.engine.support.hierarchical.HierarchicalTestEngine.execute(HierarchicalTestEngine.java:58) ~[junit-platform-engine-6.0.1.jar:6.0.1]
	at org.junit.platform.launcher.core.EngineExecutionOrchestrator.executeEngine(EngineExecutionOrchestrator.java:246) ~[junit-platform-launcher-6.0.1.jar:6.0.1]
	at org.junit.platform.launcher.core.EngineExecutionOrchestrator.failOrExecuteEngine(EngineExecutionOrchestrator.java:218) ~[junit-platform-launcher-6.0.1.jar:6.0.1]
	at org.junit.platform.launcher.core.EngineExecutionOrchestrator.execute(EngineExecutionOrchestrator.java:179) ~[junit-platform-launcher-6.0.1.jar:6.0.1]
	at org.junit.platform.launcher.core.EngineExecutionOrchestrator.execute(EngineExecutionOrchestrator.java:108) ~[junit-platform-launcher-6.0.1.jar:6.0.1]
	at org.junit.platform.launcher.core.EngineExecutionOrchestrator.lambda$execute$0(EngineExecutionOrchestrator.java:66) ~[junit-platform-launcher-6.0.1.jar:6.0.1]
	at org.junit.platform.launcher.core.EngineExecutionOrchestrator.withInterceptedStreams(EngineExecutionOrchestrator.java:157) ~[junit-platform-launcher-6.0.1.jar:6.0.1]
	at org.junit.platform.launcher.core.EngineExecutionOrchestrator.execute(EngineExecutionOrchestrator.java:65) ~[junit-platform-launcher-6.0.1.jar:6.0.1]
	at org.junit.platform.launcher.core.DefaultLauncher.execute(DefaultLauncher.java:125) ~[junit-platform-launcher-6.0.1.jar:6.0.1]
	at org.junit.platform.launcher.core.DefaultLauncher.execute(DefaultLauncher.java:114) ~[junit-platform-launcher-6.0.1.jar:6.0.1]
	at org.junit.platform.launcher.core.DelegatingLauncher.execute(DelegatingLauncher.java:58) ~[junit-platform-launcher-6.0.1.jar:6.0.1]
	at org.junit.platform.launcher.core.InterceptingLauncher.lambda$execute$2(InterceptingLauncher.java:57) ~[junit-platform-launcher-6.0.1.jar:6.0.1]
	at org.junit.platform.launcher.core.ClasspathAlignmentCheckingLauncherInterceptor.intercept(ClasspathAlignmentCheckingLauncherInterceptor.java:25) ~[junit-platform-launcher-6.0.1.jar:6.0.1]
	at org.junit.platform.launcher.core.InterceptingLauncher.execute(InterceptingLauncher.java:56) ~[junit-platform-launcher-6.0.1.jar:6.0.1]
	at org.junit.platform.launcher.core.DelegatingLauncher.execute(DelegatingLauncher.java:58) ~[junit-platform-launcher-6.0.1.jar:6.0.1]
	at java.base/jdk.internal.reflect.DirectMethodHandleAccessor.invoke(DirectMethodHandleAccessor.java:104) ~[na:na]
	at java.base/java.lang.reflect.Method.invoke(Method.java:583) ~[na:na]
	at org.apache.maven.surefire.api.util.ReflectionUtils.invokeMethodWithArray(ReflectionUtils.java:125) ~[surefire-api-3.5.4.jar:3.5.4]
	at org.apache.maven.surefire.junitplatform.LauncherAdapter.executeWithCancellationToken(LauncherAdapter.java:68) ~[surefire-junit-platform-3.5.4.jar:3.5.4]
	at org.apache.maven.surefire.junitplatform.LauncherAdapter.execute(LauncherAdapter.java:54) ~[surefire-junit-platform-3.5.4.jar:3.5.4]
	at org.apache.maven.surefire.junitplatform.JUnitPlatformProvider.execute(JUnitPlatformProvider.java:203) ~[surefire-junit-platform-3.5.4.jar:3.5.4]
	at org.apache.maven.surefire.junitplatform.JUnitPlatformProvider.invokeAllTests(JUnitPlatformProvider.java:168) ~[surefire-junit-platform-3.5.4.jar:3.5.4]
	at org.apache.maven.surefire.junitplatform.JUnitPlatformProvider.invoke(JUnitPlatformProvider.java:136) ~[surefire-junit-platform-3.5.4.jar:3.5.4]
	at org.apache.maven.surefire.booter.ForkedBooter.runSuitesInProcess(ForkedBooter.java:385) ~[surefire-booter-3.5.4.jar:3.5.4]
	at org.apache.maven.surefire.booter.ForkedBooter.execute(ForkedBooter.java:162) ~[surefire-booter-3.5.4.jar:3.5.4]
	at org.apache.maven.surefire.booter.ForkedBooter.run(ForkedBooter.java:507) ~[surefire-booter-3.5.4.jar:3.5.4]
	at org.apache.maven.surefire.booter.ForkedBooter.main(ForkedBooter.java:495) ~[surefire-booter-3.5.4.jar:3.5.4]

2026-10-02T23:36:46.014+01:00  WARN 32244 --- [archunit-hexagonal] [           main] c.t.a.core.importer.ClassFileProcessor   : Error during import from jrt:/java.base/java/util/EventListener.class, falling back to simple import

java.lang.IllegalArgumentException: Unsupported class file major version 71
	at com.tngtech.archunit.thirdparty.org.objectweb.asm.ClassReader.<init>(ClassReader.java:200) ~[archunit-1.3.0.jar:1.3.0]
	at com.tngtech.archunit.thirdparty.org.objectweb.asm.ClassReader.<init>(ClassReader.java:180) ~[archunit-1.3.0.jar:1.3.0]
	at com.tngtech.archunit.thirdparty.org.objectweb.asm.ClassReader.<init>(ClassReader.java:166) ~[archunit-1.3.0.jar:1.3.0]
	at com.tngtech.archunit.thirdparty.org.objectweb.asm.ClassReader.<init>(ClassReader.java:288) ~[archunit-1.3.0.jar:1.3.0]
	at com.tngtech.archunit.core.importer.ClassFileProcessor$UriImporterOfProcessor.tryImport(ClassFileProcessor.java:350) ~[archunit-1.3.0.jar:1.3.0]
	at com.tngtech.archunit.core.importer.resolvers.ClassResolverFromClasspath.tryResolve(ClassResolverFromClasspath.java:51) ~[archunit-1.3.0.jar:1.3.0]
	at com.tngtech.archunit.core.importer.ImportedClasses.resolve(ImportedClasses.java:80) ~[archunit-1.3.0.jar:1.3.0]
	at com.tngtech.archunit.core.importer.ImportedClasses.ensurePresent(ImportedClasses.java:75) ~[archunit-1.3.0.jar:1.3.0]
	at com.tngtech.archunit.core.importer.DependencyResolutionProcess.executeRun(DependencyResolutionProcess.java:146) ~[archunit-1.3.0.jar:1.3.0]
	at com.tngtech.archunit.core.importer.DependencyResolutionProcess.resolve(DependencyResolutionProcess.java:122) ~[archunit-1.3.0.jar:1.3.0]
	at com.tngtech.archunit.core.importer.ClassGraphCreator.complete(ClassGraphCreator.java:107) ~[archunit-1.3.0.jar:1.3.0]
	at com.tngtech.archunit.core.importer.ClassFileProcessor.process(ClassFileProcessor.java:75) ~[archunit-1.3.0.jar:1.3.0]
	at com.tngtech.archunit.core.importer.ClassFileImporter.importLocations(ClassFileImporter.java:325) ~[archunit-1.3.0.jar:1.3.0]
	at com.tngtech.archunit.junit.internal.ClassCache$CacheClassFileImporter.importClasses(ClassCache.java:126) ~[archunit-junit5-engine-1.3.0.jar:1.3.0]
	at com.tngtech.archunit.junit.internal.ClassCache$LazyJavaClasses.initialize(ClassCache.java:118) ~[archunit-junit5-engine-1.3.0.jar:1.3.0]
	at com.tngtech.archunit.junit.internal.ClassCache$LazyJavaClasses.get(ClassCache.java:107) ~[archunit-junit5-engine-1.3.0.jar:1.3.0]
	at com.tngtech.archunit.junit.internal.ClassCache.getClassesToAnalyzeFor(ClassCache.java:84) ~[archunit-junit5-engine-1.3.0.jar:1.3.0]
	at com.tngtech.archunit.junit.internal.ArchUnitTestDescriptor.lambda$createChildren$1(ArchUnitTestDescriptor.java:90) ~[archunit-junit5-engine-1.3.0.jar:1.3.0]
	at com.tngtech.archunit.junit.internal.ArchUnitTestDescriptor$ArchUnitRuleDescriptor.execute(ArchUnitTestDescriptor.java:167) ~[archunit-junit5-engine-1.3.0.jar:1.3.0]
	at com.tngtech.archunit.junit.internal.ArchUnitTestDescriptor$ArchUnitRuleDescriptor.execute(ArchUnitTestDescriptor.java:150) ~[archunit-junit5-engine-1.3.0.jar:1.3.0]
	at org.junit.platform.engine.support.hierarchical.NodeTestTask.lambda$executeRecursively$2(NodeTestTask.java:176) ~[junit-platform-engine-6.0.1.jar:6.0.1]
	at org.junit.platform.engine.support.hierarchical.ThrowableCollector.execute(ThrowableCollector.java:74) ~[junit-platform-engine-6.0.1.jar:6.0.1]
	at org.junit.platform.engine.support.hierarchical.NodeTestTask.lambda$executeRecursively$1(NodeTestTask.java:166) ~[junit-platform-engine-6.0.1.jar:6.0.1]
	at org.junit.platform.engine.support.hierarchical.Node.around(Node.java:138) ~[junit-platform-engine-6.0.1.jar:6.0.1]
	at org.junit.platform.engine.support.hierarchical.NodeTestTask.lambda$executeRecursively$0(NodeTestTask.java:164) ~[junit-platform-engine-6.0.1.jar:6.0.1]
	at org.junit.platform.engine.support.hierarchical.ThrowableCollector.execute(ThrowableCollector.java:74) ~[junit-platform-engine-6.0.1.jar:6.0.1]
	at org.junit.platform.engine.support.hierarchical.NodeTestTask.executeRecursively(NodeTestTask.java:163) ~[junit-platform-engine-6.0.1.jar:6.0.1]
	at org.junit.platform.engine.support.hierarchical.NodeTestTask.execute(NodeTestTask.java:116) ~[junit-platform-engine-6.0.1.jar:6.0.1]
	at java.base/java.util.ArrayList.forEach(ArrayList.java:1612) ~[na:na]
	at org.junit.platform.engine.support.hierarchical.SameThreadHierarchicalTestExecutorService.invokeAll(SameThreadHierarchicalTestExecutorService.java:42) ~[junit-platform-engine-6.0.1.jar:6.0.1]
	at org.junit.platform.engine.support.hierarchical.NodeTestTask.lambda$executeRecursively$2(NodeTestTask.java:180) ~[junit-platform-engine-6.0.1.jar:6.0.1]
	at org.junit.platform.engine.support.hierarchical.ThrowableCollector.execute(ThrowableCollector.java:74) ~[junit-platform-engine-6.0.1.jar:6.0.1]
	at org.junit.platform.engine.support.hierarchical.NodeTestTask.lambda$executeRecursively$1(NodeTestTask.java:166) ~[junit-platform-engine-6.0.1.jar:6.0.1]
	at org.junit.platform.engine.support.hierarchical.Node.around(Node.java:138) ~[junit-platform-engine-6.0.1.jar:6.0.1]
	at org.junit.platform.engine.support.hierarchical.NodeTestTask.lambda$executeRecursively$0(NodeTestTask.java:164) ~[junit-platform-engine-6.0.1.jar:6.0.1]
	at org.junit.platform.engine.support.hierarchical.ThrowableCollector.execute(ThrowableCollector.java:74) ~[junit-platform-engine-6.0.1.jar:6.0.1]
	at org.junit.platform.engine.support.hierarchical.NodeTestTask.executeRecursively(NodeTestTask.java:163) ~[junit-platform-engine-6.0.1.jar:6.0.1]
	at org.junit.platform.engine.support.hierarchical.NodeTestTask.execute(NodeTestTask.java:116) ~[junit-platform-engine-6.0.1.jar:6.0.1]
	at java.base/java.util.ArrayList.forEach(ArrayList.java:1612) ~[na:na]
	at org.junit.platform.engine.support.hierarchical.SameThreadHierarchicalTestExecutorService.invokeAll(SameThreadHierarchicalTestExecutorService.java:42) ~[junit-platform-engine-6.0.1.jar:6.0.1]
	at org.junit.platform.engine.support.hierarchical.NodeTestTask.lambda$executeRecursively$2(NodeTestTask.java:180) ~[junit-platform-engine-6.0.1.jar:6.0.1]
	at org.junit.platform.engine.support.hierarchical.ThrowableCollector.execute(ThrowableCollector.java:74) ~[junit-platform-engine-6.0.1.jar:6.0.1]
	at org.junit.platform.engine.support.hierarchical.NodeTestTask.lambda$executeRecursively$1(NodeTestTask.java:166) ~[junit-platform-engine-6.0.1.jar:6.0.1]
	at org.junit.platform.engine.support.hierarchical.Node.around(Node.java:138) ~[junit-platform-engine-6.0.1.jar:6.0.1]
	at org.junit.platform.engine.support.hierarchical.NodeTestTask.lambda$executeRecursively$0(NodeTestTask.java:164) ~[junit-platform-engine-6.0.1.jar:6.0.1]
	at org.junit.platform.engine.support.hierarchical.ThrowableCollector.execute(ThrowableCollector.java:74) ~[junit-platform-engine-6.0.1.jar:6.0.1]
	at org.junit.platform.engine.support.hierarchical.NodeTestTask.executeRecursively(NodeTestTask.java:163) ~[junit-platform-engine-6.0.1.jar:6.0.1]
	at org.junit.platform.engine.support.hierarchical.NodeTestTask.execute(NodeTestTask.java:116) ~[junit-platform-engine-6.0.1.jar:6.0.1]
	at org.junit.platform.engine.support.hierarchical.SameThreadHierarchicalTestExecutorService.submit(SameThreadHierarchicalTestExecutorService.java:36) ~[junit-platform-engine-6.0.1.jar:6.0.1]
	at org.junit.platform.engine.support.hierarchical.HierarchicalTestExecutor.execute(HierarchicalTestExecutor.java:52) ~[junit-platform-engine-6.0.1.jar:6.0.1]
	at org.junit.platform.engine.support.hierarchical.HierarchicalTestEngine.execute(HierarchicalTestEngine.java:58) ~[junit-platform-engine-6.0.1.jar:6.0.1]
	at org.junit.platform.launcher.core.EngineExecutionOrchestrator.executeEngine(EngineExecutionOrchestrator.java:246) ~[junit-platform-launcher-6.0.1.jar:6.0.1]
	at org.junit.platform.launcher.core.EngineExecutionOrchestrator.failOrExecuteEngine(EngineExecutionOrchestrator.java:218) ~[junit-platform-launcher-6.0.1.jar:6.0.1]
	at org.junit.platform.launcher.core.EngineExecutionOrchestrator.execute(EngineExecutionOrchestrator.java:179) ~[junit-platform-launcher-6.0.1.jar:6.0.1]
	at org.junit.platform.launcher.core.EngineExecutionOrchestrator.execute(EngineExecutionOrchestrator.java:108) ~[junit-platform-launcher-6.0.1.jar:6.0.1]
	at org.junit.platform.launcher.core.EngineExecutionOrchestrator.lambda$execute$0(EngineExecutionOrchestrator.java:66) ~[junit-platform-launcher-6.0.1.jar:6.0.1]
	at org.junit.platform.launcher.core.EngineExecutionOrchestrator.withInterceptedStreams(EngineExecutionOrchestrator.java:157) ~[junit-platform-launcher-6.0.1.jar:6.0.1]
	at org.junit.platform.launcher.core.EngineExecutionOrchestrator.execute(EngineExecutionOrchestrator.java:65) ~[junit-platform-launcher-6.0.1.jar:6.0.1]
	at org.junit.platform.launcher.core.DefaultLauncher.execute(DefaultLauncher.java:125) ~[junit-platform-launcher-6.0.1.jar:6.0.1]
	at org.junit.platform.launcher.core.DefaultLauncher.execute(DefaultLauncher.java:114) ~[junit-platform-launcher-6.0.1.jar:6.0.1]
	at org.junit.platform.launcher.core.DelegatingLauncher.execute(DelegatingLauncher.java:58) ~[junit-platform-launcher-6.0.1.jar:6.0.1]
	at org.junit.platform.launcher.core.InterceptingLauncher.lambda$execute$2(InterceptingLauncher.java:57) ~[junit-platform-launcher-6.0.1.jar:6.0.1]
	at org.junit.platform.launcher.core.ClasspathAlignmentCheckingLauncherInterceptor.intercept(ClasspathAlignmentCheckingLauncherInterceptor.java:25) ~[junit-platform-launcher-6.0.1.jar:6.0.1]
	at org.junit.platform.launcher.core.InterceptingLauncher.execute(InterceptingLauncher.java:56) ~[junit-platform-launcher-6.0.1.jar:6.0.1]
	at org.junit.platform.launcher.core.DelegatingLauncher.execute(DelegatingLauncher.java:58) ~[junit-platform-launcher-6.0.1.jar:6.0.1]
	at java.base/jdk.internal.reflect.DirectMethodHandleAccessor.invoke(DirectMethodHandleAccessor.java:104) ~[na:na]
	at java.base/java.lang.reflect.Method.invoke(Method.java:583) ~[na:na]
	at org.apache.maven.surefire.api.util.ReflectionUtils.invokeMethodWithArray(ReflectionUtils.java:125) ~[surefire-api-3.5.4.jar:3.5.4]
	at org.apache.maven.surefire.junitplatform.LauncherAdapter.executeWithCancellationToken(LauncherAdapter.java:68) ~[surefire-junit-platform-3.5.4.jar:3.5.4]
	at org.apache.maven.surefire.junitplatform.LauncherAdapter.execute(LauncherAdapter.java:54) ~[surefire-junit-platform-3.5.4.jar:3.5.4]
	at org.apache.maven.surefire.junitplatform.JUnitPlatformProvider.execute(JUnitPlatformProvider.java:203) ~[surefire-junit-platform-3.5.4.jar:3.5.4]
	at org.apache.maven.surefire.junitplatform.JUnitPlatformProvider.invokeAllTests(JUnitPlatformProvider.java:168) ~[surefire-junit-platform-3.5.4.jar:3.5.4]
	at org.apache.maven.surefire.junitplatform.JUnitPlatformProvider.invoke(JUnitPlatformProvider.java:136) ~[surefire-junit-platform-3.5.4.jar:3.5.4]
	at org.apache.maven.surefire.booter.ForkedBooter.runSuitesInProcess(ForkedBooter.java:385) ~[surefire-booter-3.5.4.jar:3.5.4]
	at org.apache.maven.surefire.booter.ForkedBooter.execute(ForkedBooter.java:162) ~[surefire-booter-3.5.4.jar:3.5.4]
	at org.apache.maven.surefire.booter.ForkedBooter.run(ForkedBooter.java:507) ~[surefire-booter-3.5.4.jar:3.5.4]
	at org.apache.maven.surefire.booter.ForkedBooter.main(ForkedBooter.java:495) ~[surefire-booter-3.5.4.jar:3.5.4]

2026-10-02T23:36:46.036+01:00  WARN 32244 --- [archunit-hexagonal] [           main] c.t.a.core.importer.ClassFileProcessor   : Error during import from jrt:/java.base/java/util/EventObject.class, falling back to simple import

java.lang.IllegalArgumentException: Unsupported class file major version 71
	at com.tngtech.archunit.thirdparty.org.objectweb.asm.ClassReader.<init>(ClassReader.java:200) ~[archunit-1.3.0.jar:1.3.0]
	at com.tngtech.archunit.thirdparty.org.objectweb.asm.ClassReader.<init>(ClassReader.java:180) ~[archunit-1.3.0.jar:1.3.0]
	at com.tngtech.archunit.thirdparty.org.objectweb.asm.ClassReader.<init>(ClassReader.java:166) ~[archunit-1.3.0.jar:1.3.0]
	at com.tngtech.archunit.thirdparty.org.objectweb.asm.ClassReader.<init>(ClassReader.java:288) ~[archunit-1.3.0.jar:1.3.0]
	at com.tngtech.archunit.core.importer.ClassFileProcessor$UriImporterOfProcessor.tryImport(ClassFileProcessor.java:350) ~[archunit-1.3.0.jar:1.3.0]
	at com.tngtech.archunit.core.importer.resolvers.ClassResolverFromClasspath.tryResolve(ClassResolverFromClasspath.java:51) ~[archunit-1.3.0.jar:1.3.0]
	at com.tngtech.archunit.core.importer.ImportedClasses.resolve(ImportedClasses.java:80) ~[archunit-1.3.0.jar:1.3.0]
	at com.tngtech.archunit.core.importer.ImportedClasses.ensurePresent(ImportedClasses.java:75) ~[archunit-1.3.0.jar:1.3.0]
	at com.tngtech.archunit.core.importer.DependencyResolutionProcess.executeRun(DependencyResolutionProcess.java:146) ~[archunit-1.3.0.jar:1.3.0]
	at com.tngtech.archunit.core.importer.DependencyResolutionProcess.resolve(DependencyResolutionProcess.java:122) ~[archunit-1.3.0.jar:1.3.0]
	at com.tngtech.archunit.core.importer.ClassGraphCreator.complete(ClassGraphCreator.java:107) ~[archunit-1.3.0.jar:1.3.0]
	at com.tngtech.archunit.core.importer.ClassFileProcessor.process(ClassFileProcessor.java:75) ~[archunit-1.3.0.jar:1.3.0]
	at com.tngtech.archunit.core.importer.ClassFileImporter.importLocations(ClassFileImporter.java:325) ~[archunit-1.3.0.jar:1.3.0]
	at com.tngtech.archunit.junit.internal.ClassCache$CacheClassFileImporter.importClasses(ClassCache.java:126) ~[archunit-junit5-engine-1.3.0.jar:1.3.0]
	at com.tngtech.archunit.junit.internal.ClassCache$LazyJavaClasses.initialize(ClassCache.java:118) ~[archunit-junit5-engine-1.3.0.jar:1.3.0]
	at com.tngtech.archunit.junit.internal.ClassCache$LazyJavaClasses.get(ClassCache.java:107) ~[archunit-junit5-engine-1.3.0.jar:1.3.0]
	at com.tngtech.archunit.junit.internal.ClassCache.getClassesToAnalyzeFor(ClassCache.java:84) ~[archunit-junit5-engine-1.3.0.jar:1.3.0]
	at com.tngtech.archunit.junit.internal.ArchUnitTestDescriptor.lambda$createChildren$1(ArchUnitTestDescriptor.java:90) ~[archunit-junit5-engine-1.3.0.jar:1.3.0]
	at com.tngtech.archunit.junit.internal.ArchUnitTestDescriptor$ArchUnitRuleDescriptor.execute(ArchUnitTestDescriptor.java:167) ~[archunit-junit5-engine-1.3.0.jar:1.3.0]
	at com.tngtech.archunit.junit.internal.ArchUnitTestDescriptor$ArchUnitRuleDescriptor.execute(ArchUnitTestDescriptor.java:150) ~[archunit-junit5-engine-1.3.0.jar:1.3.0]
	at org.junit.platform.engine.support.hierarchical.NodeTestTask.lambda$executeRecursively$2(NodeTestTask.java:176) ~[junit-platform-engine-6.0.1.jar:6.0.1]
	at org.junit.platform.engine.support.hierarchical.ThrowableCollector.execute(ThrowableCollector.java:74) ~[junit-platform-engine-6.0.1.jar:6.0.1]
	at org.junit.platform.engine.support.hierarchical.NodeTestTask.lambda$executeRecursively$1(NodeTestTask.java:166) ~[junit-platform-engine-6.0.1.jar:6.0.1]
	at org.junit.platform.engine.support.hierarchical.Node.around(Node.java:138) ~[junit-platform-engine-6.0.1.jar:6.0.1]
	at org.junit.platform.engine.support.hierarchical.NodeTestTask.lambda$executeRecursively$0(NodeTestTask.java:164) ~[junit-platform-engine-6.0.1.jar:6.0.1]
	at org.junit.platform.engine.support.hierarchical.ThrowableCollector.execute(ThrowableCollector.java:74) ~[junit-platform-engine-6.0.1.jar:6.0.1]
	at org.junit.platform.engine.support.hierarchical.NodeTestTask.executeRecursively(NodeTestTask.java:163) ~[junit-platform-engine-6.0.1.jar:6.0.1]
	at org.junit.platform.engine.support.hierarchical.NodeTestTask.execute(NodeTestTask.java:116) ~[junit-platform-engine-6.0.1.jar:6.0.1]
	at java.base/java.util.ArrayList.forEach(ArrayList.java:1612) ~[na:na]
	at org.junit.platform.engine.support.hierarchical.SameThreadHierarchicalTestExecutorService.invokeAll(SameThreadHierarchicalTestExecutorService.java:42) ~[junit-platform-engine-6.0.1.jar:6.0.1]
	at org.junit.platform.engine.support.hierarchical.NodeTestTask.lambda$executeRecursively$2(NodeTestTask.java:180) ~[junit-platform-engine-6.0.1.jar:6.0.1]
	at org.junit.platform.engine.support.hierarchical.ThrowableCollector.execute(ThrowableCollector.java:74) ~[junit-platform-engine-6.0.1.jar:6.0.1]
	at org.junit.platform.engine.support.hierarchical.NodeTestTask.lambda$executeRecursively$1(NodeTestTask.java:166) ~[junit-platform-engine-6.0.1.jar:6.0.1]
	at org.junit.platform.engine.support.hierarchical.Node.around(Node.java:138) ~[junit-platform-engine-6.0.1.jar:6.0.1]
	at org.junit.platform.engine.support.hierarchical.NodeTestTask.lambda$executeRecursively$0(NodeTestTask.java:164) ~[junit-platform-engine-6.0.1.jar:6.0.1]
	at org.junit.platform.engine.support.hierarchical.ThrowableCollector.execute(ThrowableCollector.java:74) ~[junit-platform-engine-6.0.1.jar:6.0.1]
	at org.junit.platform.engine.support.hierarchical.NodeTestTask.executeRecursively(NodeTestTask.java:163) ~[junit-platform-engine-6.0.1.jar:6.0.1]
	at org.junit.platform.engine.support.hierarchical.NodeTestTask.execute(NodeTestTask.java:116) ~[junit-platform-engine-6.0.1.jar:6.0.1]
	at java.base/java.util.ArrayList.forEach(ArrayList.java:1612) ~[na:na]
	at org.junit.platform.engine.support.hierarchical.SameThreadHierarchicalTestExecutorService.invokeAll(SameThreadHierarchicalTestExecutorService.java:42) ~[junit-platform-engine-6.0.1.jar:6.0.1]
	at org.junit.platform.engine.support.hierarchical.NodeTestTask.lambda$executeRecursively$2(NodeTestTask.java:180) ~[junit-platform-engine-6.0.1.jar:6.0.1]
	at org.junit.platform.engine.support.hierarchical.ThrowableCollector.execute(ThrowableCollector.java:74) ~[junit-platform-engine-6.0.1.jar:6.0.1]
	at org.junit.platform.engine.support.hierarchical.NodeTestTask.lambda$executeRecursively$1(NodeTestTask.java:166) ~[junit-platform-engine-6.0.1.jar:6.0.1]
	at org.junit.platform.engine.support.hierarchical.Node.around(Node.java:138) ~[junit-platform-engine-6.0.1.jar:6.0.1]
	at org.junit.platform.engine.support.hierarchical.NodeTestTask.lambda$executeRecursively$0(NodeTestTask.java:164) ~[junit-platform-engine-6.0.1.jar:6.0.1]
	at org.junit.platform.engine.support.hierarchical.ThrowableCollector.execute(ThrowableCollector.java:74) ~[junit-platform-engine-6.0.1.jar:6.0.1]
	at org.junit.platform.engine.support.hierarchical.NodeTestTask.executeRecursively(NodeTestTask.java:163) ~[junit-platform-engine-6.0.1.jar:6.0.1]
	at org.junit.platform.engine.support.hierarchical.NodeTestTask.execute(NodeTestTask.java:116) ~[junit-platform-engine-6.0.1.jar:6.0.1]
	at org.junit.platform.engine.support.hierarchical.SameThreadHierarchicalTestExecutorService.submit(SameThreadHierarchicalTestExecutorService.java:36) ~[junit-platform-engine-6.0.1.jar:6.0.1]
	at org.junit.platform.engine.support.hierarchical.HierarchicalTestExecutor.execute(HierarchicalTestExecutor.java:52) ~[junit-platform-engine-6.0.1.jar:6.0.1]
	at org.junit.platform.engine.support.hierarchical.HierarchicalTestEngine.execute(HierarchicalTestEngine.java:58) ~[junit-platform-engine-6.0.1.jar:6.0.1]
	at org.junit.platform.launcher.core.EngineExecutionOrchestrator.executeEngine(EngineExecutionOrchestrator.java:246) ~[junit-platform-launcher-6.0.1.jar:6.0.1]
	at org.junit.platform.launcher.core.EngineExecutionOrchestrator.failOrExecuteEngine(EngineExecutionOrchestrator.java:218) ~[junit-platform-launcher-6.0.1.jar:6.0.1]
	at org.junit.platform.launcher.core.EngineExecutionOrchestrator.execute(EngineExecutionOrchestrator.java:179) ~[junit-platform-launcher-6.0.1.jar:6.0.1]
	at org.junit.platform.launcher.core.EngineExecutionOrchestrator.execute(EngineExecutionOrchestrator.java:108) ~[junit-platform-launcher-6.0.1.jar:6.0.1]
	at org.junit.platform.launcher.core.EngineExecutionOrchestrator.lambda$execute$0(EngineExecutionOrchestrator.java:66) ~[junit-platform-launcher-6.0.1.jar:6.0.1]
	at org.junit.platform.launcher.core.EngineExecutionOrchestrator.withInterceptedStreams(EngineExecutionOrchestrator.java:157) ~[junit-platform-launcher-6.0.1.jar:6.0.1]
	at org.junit.platform.launcher.core.EngineExecutionOrchestrator.execute(EngineExecutionOrchestrator.java:65) ~[junit-platform-launcher-6.0.1.jar:6.0.1]
	at org.junit.platform.launcher.core.DefaultLauncher.execute(DefaultLauncher.java:125) ~[junit-platform-launcher-6.0.1.jar:6.0.1]
	at org.junit.platform.launcher.core.DefaultLauncher.execute(DefaultLauncher.java:114) ~[junit-platform-launcher-6.0.1.jar:6.0.1]
	at org.junit.platform.launcher.core.DelegatingLauncher.execute(DelegatingLauncher.java:58) ~[junit-platform-launcher-6.0.1.jar:6.0.1]
	at org.junit.platform.launcher.core.InterceptingLauncher.lambda$execute$2(InterceptingLauncher.java:57) ~[junit-platform-launcher-6.0.1.jar:6.0.1]
	at org.junit.platform.launcher.core.ClasspathAlignmentCheckingLauncherInterceptor.intercept(ClasspathAlignmentCheckingLauncherInterceptor.java:25) ~[junit-platform-launcher-6.0.1.jar:6.0.1]
	at org.junit.platform.launcher.core.InterceptingLauncher.execute(InterceptingLauncher.java:56) ~[junit-platform-launcher-6.0.1.jar:6.0.1]
	at org.junit.platform.launcher.core.DelegatingLauncher.execute(DelegatingLauncher.java:58) ~[junit-platform-launcher-6.0.1.jar:6.0.1]
	at java.base/jdk.internal.reflect.DirectMethodHandleAccessor.invoke(DirectMethodHandleAccessor.java:104) ~[na:na]
	at java.base/java.lang.reflect.Method.invoke(Method.java:583) ~[na:na]
	at org.apache.maven.surefire.api.util.ReflectionUtils.invokeMethodWithArray(ReflectionUtils.java:125) ~[surefire-api-3.5.4.jar:3.5.4]
	at org.apache.maven.surefire.junitplatform.LauncherAdapter.executeWithCancellationToken(LauncherAdapter.java:68) ~[surefire-junit-platform-3.5.4.jar:3.5.4]
	at org.apache.maven.surefire.junitplatform.LauncherAdapter.execute(LauncherAdapter.java:54) ~[surefire-junit-platform-3.5.4.jar:3.5.4]
	at org.apache.maven.surefire.junitplatform.JUnitPlatformProvider.execute(JUnitPlatformProvider.java:203) ~[surefire-junit-platform-3.5.4.jar:3.5.4]
	at org.apache.maven.surefire.junitplatform.JUnitPlatformProvider.invokeAllTests(JUnitPlatformProvider.java:168) ~[surefire-junit-platform-3.5.4.jar:3.5.4]
	at org.apache.maven.surefire.junitplatform.JUnitPlatformProvider.invoke(JUnitPlatformProvider.java:136) ~[surefire-junit-platform-3.5.4.jar:3.5.4]
	at org.apache.maven.surefire.booter.ForkedBooter.runSuitesInProcess(ForkedBooter.java:385) ~[surefire-booter-3.5.4.jar:3.5.4]
	at org.apache.maven.surefire.booter.ForkedBooter.execute(ForkedBooter.java:162) ~[surefire-booter-3.5.4.jar:3.5.4]
	at org.apache.maven.surefire.booter.ForkedBooter.run(ForkedBooter.java:507) ~[surefire-booter-3.5.4.jar:3.5.4]
	at org.apache.maven.surefire.booter.ForkedBooter.main(ForkedBooter.java:495) ~[surefire-booter-3.5.4.jar:3.5.4]

2026-10-02T23:36:46.054+01:00  WARN 32244 --- [archunit-hexagonal] [           main] c.t.a.core.importer.ClassFileProcessor   : Error during import from jrt:/java.base/java/io/Closeable.class, falling back to simple import

java.lang.IllegalArgumentException: Unsupported class file major version 71
	at com.tngtech.archunit.thirdparty.org.objectweb.asm.ClassReader.<init>(ClassReader.java:200) ~[archunit-1.3.0.jar:1.3.0]
	at com.tngtech.archunit.thirdparty.org.objectweb.asm.ClassReader.<init>(ClassReader.java:180) ~[archunit-1.3.0.jar:1.3.0]
	at com.tngtech.archunit.thirdparty.org.objectweb.asm.ClassReader.<init>(ClassReader.java:166) ~[archunit-1.3.0.jar:1.3.0]
	at com.tngtech.archunit.thirdparty.org.objectweb.asm.ClassReader.<init>(ClassReader.java:288) ~[archunit-1.3.0.jar:1.3.0]
	at com.tngtech.archunit.core.importer.ClassFileProcessor$UriImporterOfProcessor.tryImport(ClassFileProcessor.java:350) ~[archunit-1.3.0.jar:1.3.0]
	at com.tngtech.archunit.core.importer.resolvers.ClassResolverFromClasspath.tryResolve(ClassResolverFromClasspath.java:51) ~[archunit-1.3.0.jar:1.3.0]
	at com.tngtech.archunit.core.importer.ImportedClasses.resolve(ImportedClasses.java:80) ~[archunit-1.3.0.jar:1.3.0]
	at com.tngtech.archunit.core.importer.ImportedClasses.ensurePresent(ImportedClasses.java:75) ~[archunit-1.3.0.jar:1.3.0]
	at com.tngtech.archunit.core.importer.DependencyResolutionProcess.executeRun(DependencyResolutionProcess.java:146) ~[archunit-1.3.0.jar:1.3.0]
	at com.tngtech.archunit.core.importer.DependencyResolutionProcess.resolve(DependencyResolutionProcess.java:122) ~[archunit-1.3.0.jar:1.3.0]
	at com.tngtech.archunit.core.importer.ClassGraphCreator.complete(ClassGraphCreator.java:107) ~[archunit-1.3.0.jar:1.3.0]
	at com.tngtech.archunit.core.importer.ClassFileProcessor.process(ClassFileProcessor.java:75) ~[archunit-1.3.0.jar:1.3.0]
	at com.tngtech.archunit.core.importer.ClassFileImporter.importLocations(ClassFileImporter.java:325) ~[archunit-1.3.0.jar:1.3.0]
	at com.tngtech.archunit.junit.internal.ClassCache$CacheClassFileImporter.importClasses(ClassCache.java:126) ~[archunit-junit5-engine-1.3.0.jar:1.3.0]
	at com.tngtech.archunit.junit.internal.ClassCache$LazyJavaClasses.initialize(ClassCache.java:118) ~[archunit-junit5-engine-1.3.0.jar:1.3.0]
	at com.tngtech.archunit.junit.internal.ClassCache$LazyJavaClasses.get(ClassCache.java:107) ~[archunit-junit5-engine-1.3.0.jar:1.3.0]
	at com.tngtech.archunit.junit.internal.ClassCache.getClassesToAnalyzeFor(ClassCache.java:84) ~[archunit-junit5-engine-1.3.0.jar:1.3.0]
	at com.tngtech.archunit.junit.internal.ArchUnitTestDescriptor.lambda$createChildren$1(ArchUnitTestDescriptor.java:90) ~[archunit-junit5-engine-1.3.0.jar:1.3.0]
	at com.tngtech.archunit.junit.internal.ArchUnitTestDescriptor$ArchUnitRuleDescriptor.execute(ArchUnitTestDescriptor.java:167) ~[archunit-junit5-engine-1.3.0.jar:1.3.0]
	at com.tngtech.archunit.junit.internal.ArchUnitTestDescriptor$ArchUnitRuleDescriptor.execute(ArchUnitTestDescriptor.java:150) ~[archunit-junit5-engine-1.3.0.jar:1.3.0]
	at org.junit.platform.engine.support.hierarchical.NodeTestTask.lambda$executeRecursively$2(NodeTestTask.java:176) ~[junit-platform-engine-6.0.1.jar:6.0.1]
	at org.junit.platform.engine.support.hierarchical.ThrowableCollector.execute(ThrowableCollector.java:74) ~[junit-platform-engine-6.0.1.jar:6.0.1]
	at org.junit.platform.engine.support.hierarchical.NodeTestTask.lambda$executeRecursively$1(NodeTestTask.java:166) ~[junit-platform-engine-6.0.1.jar:6.0.1]
	at org.junit.platform.engine.support.hierarchical.Node.around(Node.java:138) ~[junit-platform-engine-6.0.1.jar:6.0.1]
	at org.junit.platform.engine.support.hierarchical.NodeTestTask.lambda$executeRecursively$0(NodeTestTask.java:164) ~[junit-platform-engine-6.0.1.jar:6.0.1]
	at org.junit.platform.engine.support.hierarchical.ThrowableCollector.execute(ThrowableCollector.java:74) ~[junit-platform-engine-6.0.1.jar:6.0.1]
	at org.junit.platform.engine.support.hierarchical.NodeTestTask.executeRecursively(NodeTestTask.java:163) ~[junit-platform-engine-6.0.1.jar:6.0.1]
	at org.junit.platform.engine.support.hierarchical.NodeTestTask.execute(NodeTestTask.java:116) ~[junit-platform-engine-6.0.1.jar:6.0.1]
	at java.base/java.util.ArrayList.forEach(ArrayList.java:1612) ~[na:na]
	at org.junit.platform.engine.support.hierarchical.SameThreadHierarchicalTestExecutorService.invokeAll(SameThreadHierarchicalTestExecutorService.java:42) ~[junit-platform-engine-6.0.1.jar:6.0.1]
	at org.junit.platform.engine.support.hierarchical.NodeTestTask.lambda$executeRecursively$2(NodeTestTask.java:180) ~[junit-platform-engine-6.0.1.jar:6.0.1]
	at org.junit.platform.engine.support.hierarchical.ThrowableCollector.execute(ThrowableCollector.java:74) ~[junit-platform-engine-6.0.1.jar:6.0.1]
	at org.junit.platform.engine.support.hierarchical.NodeTestTask.lambda$executeRecursively$1(NodeTestTask.java:166) ~[junit-platform-engine-6.0.1.jar:6.0.1]
	at org.junit.platform.engine.support.hierarchical.Node.around(Node.java:138) ~[junit-platform-engine-6.0.1.jar:6.0.1]
	at org.junit.platform.engine.support.hierarchical.NodeTestTask.lambda$executeRecursively$0(NodeTestTask.java:164) ~[junit-platform-engine-6.0.1.jar:6.0.1]
	at org.junit.platform.engine.support.hierarchical.ThrowableCollector.execute(ThrowableCollector.java:74) ~[junit-platform-engine-6.0.1.jar:6.0.1]
	at org.junit.platform.engine.support.hierarchical.NodeTestTask.executeRecursively(NodeTestTask.java:163) ~[junit-platform-engine-6.0.1.jar:6.0.1]
	at org.junit.platform.engine.support.hierarchical.NodeTestTask.execute(NodeTestTask.java:116) ~[junit-platform-engine-6.0.1.jar:6.0.1]
	at java.base/java.util.ArrayList.forEach(ArrayList.java:1612) ~[na:na]
	at org.junit.platform.engine.support.hierarchical.SameThreadHierarchicalTestExecutorService.invokeAll(SameThreadHierarchicalTestExecutorService.java:42) ~[junit-platform-engine-6.0.1.jar:6.0.1]
	at org.junit.platform.engine.support.hierarchical.NodeTestTask.lambda$executeRecursively$2(NodeTestTask.java:180) ~[junit-platform-engine-6.0.1.jar:6.0.1]
	at org.junit.platform.engine.support.hierarchical.ThrowableCollector.execute(ThrowableCollector.java:74) ~[junit-platform-engine-6.0.1.jar:6.0.1]
	at org.junit.platform.engine.support.hierarchical.NodeTestTask.lambda$executeRecursively$1(NodeTestTask.java:166) ~[junit-platform-engine-6.0.1.jar:6.0.1]
	at org.junit.platform.engine.support.hierarchical.Node.around(Node.java:138) ~[junit-platform-engine-6.0.1.jar:6.0.1]
	at org.junit.platform.engine.support.hierarchical.NodeTestTask.lambda$executeRecursively$0(NodeTestTask.java:164) ~[junit-platform-engine-6.0.1.jar:6.0.1]
	at org.junit.platform.engine.support.hierarchical.ThrowableCollector.execute(ThrowableCollector.java:74) ~[junit-platform-engine-6.0.1.jar:6.0.1]
	at org.junit.platform.engine.support.hierarchical.NodeTestTask.executeRecursively(NodeTestTask.java:163) ~[junit-platform-engine-6.0.1.jar:6.0.1]
	at org.junit.platform.engine.support.hierarchical.NodeTestTask.execute(NodeTestTask.java:116) ~[junit-platform-engine-6.0.1.jar:6.0.1]
	at org.junit.platform.engine.support.hierarchical.SameThreadHierarchicalTestExecutorService.submit(SameThreadHierarchicalTestExecutorService.java:36) ~[junit-platform-engine-6.0.1.jar:6.0.1]
	at org.junit.platform.engine.support.hierarchical.HierarchicalTestExecutor.execute(HierarchicalTestExecutor.java:52) ~[junit-platform-engine-6.0.1.jar:6.0.1]
	at org.junit.platform.engine.support.hierarchical.HierarchicalTestEngine.execute(HierarchicalTestEngine.java:58) ~[junit-platform-engine-6.0.1.jar:6.0.1]
	at org.junit.platform.launcher.core.EngineExecutionOrchestrator.executeEngine(EngineExecutionOrchestrator.java:246) ~[junit-platform-launcher-6.0.1.jar:6.0.1]
	at org.junit.platform.launcher.core.EngineExecutionOrchestrator.failOrExecuteEngine(EngineExecutionOrchestrator.java:218) ~[junit-platform-launcher-6.0.1.jar:6.0.1]
	at org.junit.platform.launcher.core.EngineExecutionOrchestrator.execute(EngineExecutionOrchestrator.java:179) ~[junit-platform-launcher-6.0.1.jar:6.0.1]
	at org.junit.platform.launcher.core.EngineExecutionOrchestrator.execute(EngineExecutionOrchestrator.java:108) ~[junit-platform-launcher-6.0.1.jar:6.0.1]
	at org.junit.platform.launcher.core.EngineExecutionOrchestrator.lambda$execute$0(EngineExecutionOrchestrator.java:66) ~[junit-platform-launcher-6.0.1.jar:6.0.1]
	at org.junit.platform.launcher.core.EngineExecutionOrchestrator.withInterceptedStreams(EngineExecutionOrchestrator.java:157) ~[junit-platform-launcher-6.0.1.jar:6.0.1]
	at org.junit.platform.launcher.core.EngineExecutionOrchestrator.execute(EngineExecutionOrchestrator.java:65) ~[junit-platform-launcher-6.0.1.jar:6.0.1]
	at org.junit.platform.launcher.core.DefaultLauncher.execute(DefaultLauncher.java:125) ~[junit-platform-launcher-6.0.1.jar:6.0.1]
	at org.junit.platform.launcher.core.DefaultLauncher.execute(DefaultLauncher.java:114) ~[junit-platform-launcher-6.0.1.jar:6.0.1]
	at org.junit.platform.launcher.core.DelegatingLauncher.execute(DelegatingLauncher.java:58) ~[junit-platform-launcher-6.0.1.jar:6.0.1]
	at org.junit.platform.launcher.core.InterceptingLauncher.lambda$execute$2(InterceptingLauncher.java:57) ~[junit-platform-launcher-6.0.1.jar:6.0.1]
	at org.junit.platform.launcher.core.ClasspathAlignmentCheckingLauncherInterceptor.intercept(ClasspathAlignmentCheckingLauncherInterceptor.java:25) ~[junit-platform-launcher-6.0.1.jar:6.0.1]
	at org.junit.platform.launcher.core.InterceptingLauncher.execute(InterceptingLauncher.java:56) ~[junit-platform-launcher-6.0.1.jar:6.0.1]
	at org.junit.platform.launcher.core.DelegatingLauncher.execute(DelegatingLauncher.java:58) ~[junit-platform-launcher-6.0.1.jar:6.0.1]
	at java.base/jdk.internal.reflect.DirectMethodHandleAccessor.invoke(DirectMethodHandleAccessor.java:104) ~[na:na]
	at java.base/java.lang.reflect.Method.invoke(Method.java:583) ~[na:na]
	at org.apache.maven.surefire.api.util.ReflectionUtils.invokeMethodWithArray(ReflectionUtils.java:125) ~[surefire-api-3.5.4.jar:3.5.4]
	at org.apache.maven.surefire.junitplatform.LauncherAdapter.executeWithCancellationToken(LauncherAdapter.java:68) ~[surefire-junit-platform-3.5.4.jar:3.5.4]
	at org.apache.maven.surefire.junitplatform.LauncherAdapter.execute(LauncherAdapter.java:54) ~[surefire-junit-platform-3.5.4.jar:3.5.4]
	at org.apache.maven.surefire.junitplatform.JUnitPlatformProvider.execute(JUnitPlatformProvider.java:203) ~[surefire-junit-platform-3.5.4.jar:3.5.4]
	at org.apache.maven.surefire.junitplatform.JUnitPlatformProvider.invokeAllTests(JUnitPlatformProvider.java:168) ~[surefire-junit-platform-3.5.4.jar:3.5.4]
	at org.apache.maven.surefire.junitplatform.JUnitPlatformProvider.invoke(JUnitPlatformProvider.java:136) ~[surefire-junit-platform-3.5.4.jar:3.5.4]
	at org.apache.maven.surefire.booter.ForkedBooter.runSuitesInProcess(ForkedBooter.java:385) ~[surefire-booter-3.5.4.jar:3.5.4]
	at org.apache.maven.surefire.booter.ForkedBooter.execute(ForkedBooter.java:162) ~[surefire-booter-3.5.4.jar:3.5.4]
	at org.apache.maven.surefire.booter.ForkedBooter.run(ForkedBooter.java:507) ~[surefire-booter-3.5.4.jar:3.5.4]
	at org.apache.maven.surefire.booter.ForkedBooter.main(ForkedBooter.java:495) ~[surefire-booter-3.5.4.jar:3.5.4]

2026-10-02T23:36:46.139+01:00  WARN 32244 --- [archunit-hexagonal] [           main] c.t.a.core.importer.ClassFileProcessor   : Error during import from jrt:/java.base/java/lang/reflect/AnnotatedElement.class, falling back to simple import

java.lang.IllegalArgumentException: Unsupported class file major version 71
	at com.tngtech.archunit.thirdparty.org.objectweb.asm.ClassReader.<init>(ClassReader.java:200) ~[archunit-1.3.0.jar:1.3.0]
	at com.tngtech.archunit.thirdparty.org.objectweb.asm.ClassReader.<init>(ClassReader.java:180) ~[archunit-1.3.0.jar:1.3.0]
	at com.tngtech.archunit.thirdparty.org.objectweb.asm.ClassReader.<init>(ClassReader.java:166) ~[archunit-1.3.0.jar:1.3.0]
	at com.tngtech.archunit.thirdparty.org.objectweb.asm.ClassReader.<init>(ClassReader.java:288) ~[archunit-1.3.0.jar:1.3.0]
	at com.tngtech.archunit.core.importer.ClassFileProcessor$UriImporterOfProcessor.tryImport(ClassFileProcessor.java:350) ~[archunit-1.3.0.jar:1.3.0]
	at com.tngtech.archunit.core.importer.resolvers.ClassResolverFromClasspath.tryResolve(ClassResolverFromClasspath.java:51) ~[archunit-1.3.0.jar:1.3.0]
	at com.tngtech.archunit.core.importer.ImportedClasses.resolve(ImportedClasses.java:80) ~[archunit-1.3.0.jar:1.3.0]
	at com.tngtech.archunit.core.importer.ImportedClasses.getOrResolve(ImportedClasses.java:67) ~[archunit-1.3.0.jar:1.3.0]
	at com.tngtech.archunit.core.importer.DomainBuilders$JavaMemberBuilder.get(DomainBuilders.java:179) ~[archunit-1.3.0.jar:1.3.0]
	at com.tngtech.archunit.core.importer.DomainBuilders$JavaCodeUnitBuilder.asJavaClasses(DomainBuilders.java:329) ~[archunit-1.3.0.jar:1.3.0]
	at com.tngtech.archunit.core.importer.DomainBuilders$JavaCodeUnitBuilder.getRawParameterTypes(DomainBuilders.java:303) ~[archunit-1.3.0.jar:1.3.0]
	at com.tngtech.archunit.core.domain.JavaCodeUnit$Parameters.<init>(JavaCodeUnit.java:317) ~[archunit-1.3.0.jar:1.3.0]
	at com.tngtech.archunit.core.domain.JavaCodeUnit.<init>(JavaCodeUnit.java:82) ~[archunit-1.3.0.jar:1.3.0]
	at com.tngtech.archunit.core.domain.JavaMethod.<init>(JavaMethod.java:44) ~[archunit-1.3.0.jar:1.3.0]
	at com.tngtech.archunit.core.domain.DomainObjectCreationContext.createJavaMethod(DomainObjectCreationContext.java:144) ~[archunit-1.3.0.jar:1.3.0]
	at com.tngtech.archunit.core.importer.DomainBuilders$JavaMethodBuilder.construct(DomainBuilders.java:373) ~[archunit-1.3.0.jar:1.3.0]
	at com.tngtech.archunit.core.importer.DomainBuilders$JavaMethodBuilder.construct(DomainBuilders.java:358) ~[archunit-1.3.0.jar:1.3.0]
	at com.tngtech.archunit.core.importer.DomainBuilders$JavaMemberBuilder.build(DomainBuilders.java:206) ~[archunit-1.3.0.jar:1.3.0]
	at com.tngtech.archunit.core.importer.DomainBuilders$JavaMemberBuilder.build(DomainBuilders.java:138) ~[archunit-1.3.0.jar:1.3.0]
	at com.tngtech.archunit.core.importer.DomainBuilders$BuilderWithBuildParameter$BuildFinisher.lambda$build$0(DomainBuilders.java:892) ~[archunit-1.3.0.jar:1.3.0]
	at java.base/java.util.stream.ReferencePipeline$3$1.accept(ReferencePipeline.java:214) ~[na:na]
	at java.base/java.util.stream.ReferencePipeline$2$1.accept(ReferencePipeline.java:197) ~[na:na]
	at java.base/java.util.HashMap$KeySpliterator.forEachRemaining(HashMap.java:1741) ~[na:na]
	at java.base/java.util.stream.AbstractPipeline.copyInto(AbstractPipeline.java:570) ~[na:na]
	at java.base/java.util.stream.AbstractPipeline.wrapAndCopyInto(AbstractPipeline.java:560) ~[na:na]
	at java.base/java.util.stream.ReduceOps$ReduceOp.evaluateSequential(ReduceOps.java:921) ~[na:na]
	at java.base/java.util.stream.AbstractPipeline.evaluate(AbstractPipeline.java:265) ~[na:na]
	at java.base/java.util.stream.ReferencePipeline.collect(ReferencePipeline.java:723) ~[na:na]
	at com.tngtech.archunit.core.importer.DomainBuilders$BuilderWithBuildParameter$BuildFinisher.build(DomainBuilders.java:892) ~[archunit-1.3.0.jar:1.3.0]
	at com.tngtech.archunit.core.importer.ClassGraphCreator.createMethods(ClassGraphCreator.java:322) ~[archunit-1.3.0.jar:1.3.0]
	at com.tngtech.archunit.core.domain.JavaClassMembers.create(JavaClassMembers.java:352) ~[archunit-1.3.0.jar:1.3.0]
	at com.tngtech.archunit.core.domain.JavaClass.completeMembers(JavaClass.java:1477) ~[archunit-1.3.0.jar:1.3.0]
	at com.tngtech.archunit.core.domain.DomainObjectCreationContext.completeMembers(DomainObjectCreationContext.java:96) ~[archunit-1.3.0.jar:1.3.0]
	at com.tngtech.archunit.core.importer.ClassGraphCreator.completeClasses(ClassGraphCreator.java:120) ~[archunit-1.3.0.jar:1.3.0]
	at com.tngtech.archunit.core.importer.ClassGraphCreator.complete(ClassGraphCreator.java:108) ~[archunit-1.3.0.jar:1.3.0]
	at com.tngtech.archunit.core.importer.ClassFileProcessor.process(ClassFileProcessor.java:75) ~[archunit-1.3.0.jar:1.3.0]
	at com.tngtech.archunit.core.importer.ClassFileImporter.importLocations(ClassFileImporter.java:325) ~[archunit-1.3.0.jar:1.3.0]
	at com.tngtech.archunit.junit.internal.ClassCache$CacheClassFileImporter.importClasses(ClassCache.java:126) ~[archunit-junit5-engine-1.3.0.jar:1.3.0]
	at com.tngtech.archunit.junit.internal.ClassCache$LazyJavaClasses.initialize(ClassCache.java:118) ~[archunit-junit5-engine-1.3.0.jar:1.3.0]
	at com.tngtech.archunit.junit.internal.ClassCache$LazyJavaClasses.get(ClassCache.java:107) ~[archunit-junit5-engine-1.3.0.jar:1.3.0]
	at com.tngtech.archunit.junit.internal.ClassCache.getClassesToAnalyzeFor(ClassCache.java:84) ~[archunit-junit5-engine-1.3.0.jar:1.3.0]
	at com.tngtech.archunit.junit.internal.ArchUnitTestDescriptor.lambda$createChildren$1(ArchUnitTestDescriptor.java:90) ~[archunit-junit5-engine-1.3.0.jar:1.3.0]
	at com.tngtech.archunit.junit.internal.ArchUnitTestDescriptor$ArchUnitRuleDescriptor.execute(ArchUnitTestDescriptor.java:167) ~[archunit-junit5-engine-1.3.0.jar:1.3.0]
	at com.tngtech.archunit.junit.internal.ArchUnitTestDescriptor$ArchUnitRuleDescriptor.execute(ArchUnitTestDescriptor.java:150) ~[archunit-junit5-engine-1.3.0.jar:1.3.0]
	at org.junit.platform.engine.support.hierarchical.NodeTestTask.lambda$executeRecursively$2(NodeTestTask.java:176) ~[junit-platform-engine-6.0.1.jar:6.0.1]
	at org.junit.platform.engine.support.hierarchical.ThrowableCollector.execute(ThrowableCollector.java:74) ~[junit-platform-engine-6.0.1.jar:6.0.1]
	at org.junit.platform.engine.support.hierarchical.NodeTestTask.lambda$executeRecursively$1(NodeTestTask.java:166) ~[junit-platform-engine-6.0.1.jar:6.0.1]
	at org.junit.platform.engine.support.hierarchical.Node.around(Node.java:138) ~[junit-platform-engine-6.0.1.jar:6.0.1]
	at org.junit.platform.engine.support.hierarchical.NodeTestTask.lambda$executeRecursively$0(NodeTestTask.java:164) ~[junit-platform-engine-6.0.1.jar:6.0.1]
	at org.junit.platform.engine.support.hierarchical.ThrowableCollector.execute(ThrowableCollector.java:74) ~[junit-platform-engine-6.0.1.jar:6.0.1]
	at org.junit.platform.engine.support.hierarchical.NodeTestTask.executeRecursively(NodeTestTask.java:163) ~[junit-platform-engine-6.0.1.jar:6.0.1]
	at org.junit.platform.engine.support.hierarchical.NodeTestTask.execute(NodeTestTask.java:116) ~[junit-platform-engine-6.0.1.jar:6.0.1]
	at java.base/java.util.ArrayList.forEach(ArrayList.java:1612) ~[na:na]
	at org.junit.platform.engine.support.hierarchical.SameThreadHierarchicalTestExecutorService.invokeAll(SameThreadHierarchicalTestExecutorService.java:42) ~[junit-platform-engine-6.0.1.jar:6.0.1]
	at org.junit.platform.engine.support.hierarchical.NodeTestTask.lambda$executeRecursively$2(NodeTestTask.java:180) ~[junit-platform-engine-6.0.1.jar:6.0.1]
	at org.junit.platform.engine.support.hierarchical.ThrowableCollector.execute(ThrowableCollector.java:74) ~[junit-platform-engine-6.0.1.jar:6.0.1]
	at org.junit.platform.engine.support.hierarchical.NodeTestTask.lambda$executeRecursively$1(NodeTestTask.java:166) ~[junit-platform-engine-6.0.1.jar:6.0.1]
	at org.junit.platform.engine.support.hierarchical.Node.around(Node.java:138) ~[junit-platform-engine-6.0.1.jar:6.0.1]
	at org.junit.platform.engine.support.hierarchical.NodeTestTask.lambda$executeRecursively$0(NodeTestTask.java:164) ~[junit-platform-engine-6.0.1.jar:6.0.1]
	at org.junit.platform.engine.support.hierarchical.ThrowableCollector.execute(ThrowableCollector.java:74) ~[junit-platform-engine-6.0.1.jar:6.0.1]
	at org.junit.platform.engine.support.hierarchical.NodeTestTask.executeRecursively(NodeTestTask.java:163) ~[junit-platform-engine-6.0.1.jar:6.0.1]
	at org.junit.platform.engine.support.hierarchical.NodeTestTask.execute(NodeTestTask.java:116) ~[junit-platform-engine-6.0.1.jar:6.0.1]
	at java.base/java.util.ArrayList.forEach(ArrayList.java:1612) ~[na:na]
	at org.junit.platform.engine.support.hierarchical.SameThreadHierarchicalTestExecutorService.invokeAll(SameThreadHierarchicalTestExecutorService.java:42) ~[junit-platform-engine-6.0.1.jar:6.0.1]
	at org.junit.platform.engine.support.hierarchical.NodeTestTask.lambda$executeRecursively$2(NodeTestTask.java:180) ~[junit-platform-engine-6.0.1.jar:6.0.1]
	at org.junit.platform.engine.support.hierarchical.ThrowableCollector.execute(ThrowableCollector.java:74) ~[junit-platform-engine-6.0.1.jar:6.0.1]
	at org.junit.platform.engine.support.hierarchical.NodeTestTask.lambda$executeRecursively$1(NodeTestTask.java:166) ~[junit-platform-engine-6.0.1.jar:6.0.1]
	at org.junit.platform.engine.support.hierarchical.Node.around(Node.java:138) ~[junit-platform-engine-6.0.1.jar:6.0.1]
	at org.junit.platform.engine.support.hierarchical.NodeTestTask.lambda$executeRecursively$0(NodeTestTask.java:164) ~[junit-platform-engine-6.0.1.jar:6.0.1]
	at org.junit.platform.engine.support.hierarchical.ThrowableCollector.execute(ThrowableCollector.java:74) ~[junit-platform-engine-6.0.1.jar:6.0.1]
	at org.junit.platform.engine.support.hierarchical.NodeTestTask.executeRecursively(NodeTestTask.java:163) ~[junit-platform-engine-6.0.1.jar:6.0.1]
	at org.junit.platform.engine.support.hierarchical.NodeTestTask.execute(NodeTestTask.java:116) ~[junit-platform-engine-6.0.1.jar:6.0.1]
	at org.junit.platform.engine.support.hierarchical.SameThreadHierarchicalTestExecutorService.submit(SameThreadHierarchicalTestExecutorService.java:36) ~[junit-platform-engine-6.0.1.jar:6.0.1]
	at org.junit.platform.engine.support.hierarchical.HierarchicalTestExecutor.execute(HierarchicalTestExecutor.java:52) ~[junit-platform-engine-6.0.1.jar:6.0.1]
	at org.junit.platform.engine.support.hierarchical.HierarchicalTestEngine.execute(HierarchicalTestEngine.java:58) ~[junit-platform-engine-6.0.1.jar:6.0.1]
	at org.junit.platform.launcher.core.EngineExecutionOrchestrator.executeEngine(EngineExecutionOrchestrator.java:246) ~[junit-platform-launcher-6.0.1.jar:6.0.1]
	at org.junit.platform.launcher.core.EngineExecutionOrchestrator.failOrExecuteEngine(EngineExecutionOrchestrator.java:218) ~[junit-platform-launcher-6.0.1.jar:6.0.1]
	at org.junit.platform.launcher.core.EngineExecutionOrchestrator.execute(EngineExecutionOrchestrator.java:179) ~[junit-platform-launcher-6.0.1.jar:6.0.1]
	at org.junit.platform.launcher.core.EngineExecutionOrchestrator.execute(EngineExecutionOrchestrator.java:108) ~[junit-platform-launcher-6.0.1.jar:6.0.1]
	at org.junit.platform.launcher.core.EngineExecutionOrchestrator.lambda$execute$0(EngineExecutionOrchestrator.java:66) ~[junit-platform-launcher-6.0.1.jar:6.0.1]
	at org.junit.platform.launcher.core.EngineExecutionOrchestrator.withInterceptedStreams(EngineExecutionOrchestrator.java:157) ~[junit-platform-launcher-6.0.1.jar:6.0.1]
	at org.junit.platform.launcher.core.EngineExecutionOrchestrator.execute(EngineExecutionOrchestrator.java:65) ~[junit-platform-launcher-6.0.1.jar:6.0.1]
	at org.junit.platform.launcher.core.DefaultLauncher.execute(DefaultLauncher.java:125) ~[junit-platform-launcher-6.0.1.jar:6.0.1]
	at org.junit.platform.launcher.core.DefaultLauncher.execute(DefaultLauncher.java:114) ~[junit-platform-launcher-6.0.1.jar:6.0.1]
	at org.junit.platform.launcher.core.DelegatingLauncher.execute(DelegatingLauncher.java:58) ~[junit-platform-launcher-6.0.1.jar:6.0.1]
	at org.junit.platform.launcher.core.InterceptingLauncher.lambda$execute$2(InterceptingLauncher.java:57) ~[junit-platform-launcher-6.0.1.jar:6.0.1]
	at org.junit.platform.launcher.core.ClasspathAlignmentCheckingLauncherInterceptor.intercept(ClasspathAlignmentCheckingLauncherInterceptor.java:25) ~[junit-platform-launcher-6.0.1.jar:6.0.1]
	at org.junit.platform.launcher.core.InterceptingLauncher.execute(InterceptingLauncher.java:56) ~[junit-platform-launcher-6.0.1.jar:6.0.1]
	at org.junit.platform.launcher.core.DelegatingLauncher.execute(DelegatingLauncher.java:58) ~[junit-platform-launcher-6.0.1.jar:6.0.1]
	at java.base/jdk.internal.reflect.DirectMethodHandleAccessor.invoke(DirectMethodHandleAccessor.java:104) ~[na:na]
	at java.base/java.lang.reflect.Method.invoke(Method.java:583) ~[na:na]
	at org.apache.maven.surefire.api.util.ReflectionUtils.invokeMethodWithArray(ReflectionUtils.java:125) ~[surefire-api-3.5.4.jar:3.5.4]
	at org.apache.maven.surefire.junitplatform.LauncherAdapter.executeWithCancellationToken(LauncherAdapter.java:68) ~[surefire-junit-platform-3.5.4.jar:3.5.4]
	at org.apache.maven.surefire.junitplatform.LauncherAdapter.execute(LauncherAdapter.java:54) ~[surefire-junit-platform-3.5.4.jar:3.5.4]
	at org.apache.maven.surefire.junitplatform.JUnitPlatformProvider.execute(JUnitPlatformProvider.java:203) ~[surefire-junit-platform-3.5.4.jar:3.5.4]
	at org.apache.maven.surefire.junitplatform.JUnitPlatformProvider.invokeAllTests(JUnitPlatformProvider.java:168) ~[surefire-junit-platform-3.5.4.jar:3.5.4]
	at org.apache.maven.surefire.junitplatform.JUnitPlatformProvider.invoke(JUnitPlatformProvider.java:136) ~[surefire-junit-platform-3.5.4.jar:3.5.4]
	at org.apache.maven.surefire.booter.ForkedBooter.runSuitesInProcess(ForkedBooter.java:385) ~[surefire-booter-3.5.4.jar:3.5.4]
	at org.apache.maven.surefire.booter.ForkedBooter.execute(ForkedBooter.java:162) ~[surefire-booter-3.5.4.jar:3.5.4]
	at org.apache.maven.surefire.booter.ForkedBooter.run(ForkedBooter.java:507) ~[surefire-booter-3.5.4.jar:3.5.4]
	at org.apache.maven.surefire.booter.ForkedBooter.main(ForkedBooter.java:495) ~[surefire-booter-3.5.4.jar:3.5.4]

2026-10-02T23:36:46.143+01:00  WARN 32244 --- [archunit-hexagonal] [           main] c.t.a.core.importer.ClassFileProcessor   : Error during import from jrt:/java.base/java/lang/reflect/Constructor.class, falling back to simple import

java.lang.IllegalArgumentException: Unsupported class file major version 71
	at com.tngtech.archunit.thirdparty.org.objectweb.asm.ClassReader.<init>(ClassReader.java:200) ~[archunit-1.3.0.jar:1.3.0]
	at com.tngtech.archunit.thirdparty.org.objectweb.asm.ClassReader.<init>(ClassReader.java:180) ~[archunit-1.3.0.jar:1.3.0]
	at com.tngtech.archunit.thirdparty.org.objectweb.asm.ClassReader.<init>(ClassReader.java:166) ~[archunit-1.3.0.jar:1.3.0]
	at com.tngtech.archunit.thirdparty.org.objectweb.asm.ClassReader.<init>(ClassReader.java:288) ~[archunit-1.3.0.jar:1.3.0]
	at com.tngtech.archunit.core.importer.ClassFileProcessor$UriImporterOfProcessor.tryImport(ClassFileProcessor.java:350) ~[archunit-1.3.0.jar:1.3.0]
	at com.tngtech.archunit.core.importer.resolvers.ClassResolverFromClasspath.tryResolve(ClassResolverFromClasspath.java:51) ~[archunit-1.3.0.jar:1.3.0]
	at com.tngtech.archunit.core.importer.ImportedClasses.resolve(ImportedClasses.java:80) ~[archunit-1.3.0.jar:1.3.0]
	at com.tngtech.archunit.core.importer.ImportedClasses.getOrResolve(ImportedClasses.java:67) ~[archunit-1.3.0.jar:1.3.0]
	at com.tngtech.archunit.core.importer.DomainBuilders$JavaMemberBuilder.get(DomainBuilders.java:179) ~[archunit-1.3.0.jar:1.3.0]
	at com.tngtech.archunit.core.importer.DomainBuilders$JavaCodeUnitBuilder.asJavaClasses(DomainBuilders.java:329) ~[archunit-1.3.0.jar:1.3.0]
	at com.tngtech.archunit.core.importer.DomainBuilders$JavaCodeUnitBuilder.getRawParameterTypes(DomainBuilders.java:303) ~[archunit-1.3.0.jar:1.3.0]
	at com.tngtech.archunit.core.domain.JavaCodeUnit$Parameters.<init>(JavaCodeUnit.java:317) ~[archunit-1.3.0.jar:1.3.0]
	at com.tngtech.archunit.core.domain.JavaCodeUnit.<init>(JavaCodeUnit.java:82) ~[archunit-1.3.0.jar:1.3.0]
	at com.tngtech.archunit.core.domain.JavaMethod.<init>(JavaMethod.java:44) ~[archunit-1.3.0.jar:1.3.0]
	at com.tngtech.archunit.core.domain.DomainObjectCreationContext.createJavaMethod(DomainObjectCreationContext.java:144) ~[archunit-1.3.0.jar:1.3.0]
	at com.tngtech.archunit.core.importer.DomainBuilders$JavaMethodBuilder.construct(DomainBuilders.java:373) ~[archunit-1.3.0.jar:1.3.0]
	at com.tngtech.archunit.core.importer.DomainBuilders$JavaMethodBuilder.construct(DomainBuilders.java:358) ~[archunit-1.3.0.jar:1.3.0]
	at com.tngtech.archunit.core.importer.DomainBuilders$JavaMemberBuilder.build(DomainBuilders.java:206) ~[archunit-1.3.0.jar:1.3.0]
	at com.tngtech.archunit.core.importer.DomainBuilders$JavaMemberBuilder.build(DomainBuilders.java:138) ~[archunit-1.3.0.jar:1.3.0]
	at com.tngtech.archunit.core.importer.DomainBuilders$BuilderWithBuildParameter$BuildFinisher.lambda$build$0(DomainBuilders.java:892) ~[archunit-1.3.0.jar:1.3.0]
	at java.base/java.util.stream.ReferencePipeline$3$1.accept(ReferencePipeline.java:214) ~[na:na]
	at java.base/java.util.stream.ReferencePipeline$2$1.accept(ReferencePipeline.java:197) ~[na:na]
	at java.base/java.util.HashMap$KeySpliterator.forEachRemaining(HashMap.java:1741) ~[na:na]
	at java.base/java.util.stream.AbstractPipeline.copyInto(AbstractPipeline.java:570) ~[na:na]
	at java.base/java.util.stream.AbstractPipeline.wrapAndCopyInto(AbstractPipeline.java:560) ~[na:na]
	at java.base/java.util.stream.ReduceOps$ReduceOp.evaluateSequential(ReduceOps.java:921) ~[na:na]
	at java.base/java.util.stream.AbstractPipeline.evaluate(AbstractPipeline.java:265) ~[na:na]
	at java.base/java.util.stream.ReferencePipeline.collect(ReferencePipeline.java:723) ~[na:na]
	at com.tngtech.archunit.core.importer.DomainBuilders$BuilderWithBuildParameter$BuildFinisher.build(DomainBuilders.java:892) ~[archunit-1.3.0.jar:1.3.0]
	at com.tngtech.archunit.core.importer.ClassGraphCreator.createMethods(ClassGraphCreator.java:322) ~[archunit-1.3.0.jar:1.3.0]
	at com.tngtech.archunit.core.domain.JavaClassMembers.create(JavaClassMembers.java:352) ~[archunit-1.3.0.jar:1.3.0]
	at com.tngtech.archunit.core.domain.JavaClass.completeMembers(JavaClass.java:1477) ~[archunit-1.3.0.jar:1.3.0]
	at com.tngtech.archunit.core.domain.DomainObjectCreationContext.completeMembers(DomainObjectCreationContext.java:96) ~[archunit-1.3.0.jar:1.3.0]
	at com.tngtech.archunit.core.importer.ClassGraphCreator.completeClasses(ClassGraphCreator.java:120) ~[archunit-1.3.0.jar:1.3.0]
	at com.tngtech.archunit.core.importer.ClassGraphCreator.complete(ClassGraphCreator.java:108) ~[archunit-1.3.0.jar:1.3.0]
	at com.tngtech.archunit.core.importer.ClassFileProcessor.process(ClassFileProcessor.java:75) ~[archunit-1.3.0.jar:1.3.0]
	at com.tngtech.archunit.core.importer.ClassFileImporter.importLocations(ClassFileImporter.java:325) ~[archunit-1.3.0.jar:1.3.0]
	at com.tngtech.archunit.junit.internal.ClassCache$CacheClassFileImporter.importClasses(ClassCache.java:126) ~[archunit-junit5-engine-1.3.0.jar:1.3.0]
	at com.tngtech.archunit.junit.internal.ClassCache$LazyJavaClasses.initialize(ClassCache.java:118) ~[archunit-junit5-engine-1.3.0.jar:1.3.0]
	at com.tngtech.archunit.junit.internal.ClassCache$LazyJavaClasses.get(ClassCache.java:107) ~[archunit-junit5-engine-1.3.0.jar:1.3.0]
	at com.tngtech.archunit.junit.internal.ClassCache.getClassesToAnalyzeFor(ClassCache.java:84) ~[archunit-junit5-engine-1.3.0.jar:1.3.0]
	at com.tngtech.archunit.junit.internal.ArchUnitTestDescriptor.lambda$createChildren$1(ArchUnitTestDescriptor.java:90) ~[archunit-junit5-engine-1.3.0.jar:1.3.0]
	at com.tngtech.archunit.junit.internal.ArchUnitTestDescriptor$ArchUnitRuleDescriptor.execute(ArchUnitTestDescriptor.java:167) ~[archunit-junit5-engine-1.3.0.jar:1.3.0]
	at com.tngtech.archunit.junit.internal.ArchUnitTestDescriptor$ArchUnitRuleDescriptor.execute(ArchUnitTestDescriptor.java:150) ~[archunit-junit5-engine-1.3.0.jar:1.3.0]
	at org.junit.platform.engine.support.hierarchical.NodeTestTask.lambda$executeRecursively$2(NodeTestTask.java:176) ~[junit-platform-engine-6.0.1.jar:6.0.1]
	at org.junit.platform.engine.support.hierarchical.ThrowableCollector.execute(ThrowableCollector.java:74) ~[junit-platform-engine-6.0.1.jar:6.0.1]
	at org.junit.platform.engine.support.hierarchical.NodeTestTask.lambda$executeRecursively$1(NodeTestTask.java:166) ~[junit-platform-engine-6.0.1.jar:6.0.1]
	at org.junit.platform.engine.support.hierarchical.Node.around(Node.java:138) ~[junit-platform-engine-6.0.1.jar:6.0.1]
	at org.junit.platform.engine.support.hierarchical.NodeTestTask.lambda$executeRecursively$0(NodeTestTask.java:164) ~[junit-platform-engine-6.0.1.jar:6.0.1]
	at org.junit.platform.engine.support.hierarchical.ThrowableCollector.execute(ThrowableCollector.java:74) ~[junit-platform-engine-6.0.1.jar:6.0.1]
	at org.junit.platform.engine.support.hierarchical.NodeTestTask.executeRecursively(NodeTestTask.java:163) ~[junit-platform-engine-6.0.1.jar:6.0.1]
	at org.junit.platform.engine.support.hierarchical.NodeTestTask.execute(NodeTestTask.java:116) ~[junit-platform-engine-6.0.1.jar:6.0.1]
	at java.base/java.util.ArrayList.forEach(ArrayList.java:1612) ~[na:na]
	at org.junit.platform.engine.support.hierarchical.SameThreadHierarchicalTestExecutorService.invokeAll(SameThreadHierarchicalTestExecutorService.java:42) ~[junit-platform-engine-6.0.1.jar:6.0.1]
	at org.junit.platform.engine.support.hierarchical.NodeTestTask.lambda$executeRecursively$2(NodeTestTask.java:180) ~[junit-platform-engine-6.0.1.jar:6.0.1]
	at org.junit.platform.engine.support.hierarchical.ThrowableCollector.execute(ThrowableCollector.java:74) ~[junit-platform-engine-6.0.1.jar:6.0.1]
	at org.junit.platform.engine.support.hierarchical.NodeTestTask.lambda$executeRecursively$1(NodeTestTask.java:166) ~[junit-platform-engine-6.0.1.jar:6.0.1]
	at org.junit.platform.engine.support.hierarchical.Node.around(Node.java:138) ~[junit-platform-engine-6.0.1.jar:6.0.1]
	at org.junit.platform.engine.support.hierarchical.NodeTestTask.lambda$executeRecursively$0(NodeTestTask.java:164) ~[junit-platform-engine-6.0.1.jar:6.0.1]
	at org.junit.platform.engine.support.hierarchical.ThrowableCollector.execute(ThrowableCollector.java:74) ~[junit-platform-engine-6.0.1.jar:6.0.1]
	at org.junit.platform.engine.support.hierarchical.NodeTestTask.executeRecursively(NodeTestTask.java:163) ~[junit-platform-engine-6.0.1.jar:6.0.1]
	at org.junit.platform.engine.support.hierarchical.NodeTestTask.execute(NodeTestTask.java:116) ~[junit-platform-engine-6.0.1.jar:6.0.1]
	at java.base/java.util.ArrayList.forEach(ArrayList.java:1612) ~[na:na]
	at org.junit.platform.engine.support.hierarchical.SameThreadHierarchicalTestExecutorService.invokeAll(SameThreadHierarchicalTestExecutorService.java:42) ~[junit-platform-engine-6.0.1.jar:6.0.1]
	at org.junit.platform.engine.support.hierarchical.NodeTestTask.lambda$executeRecursively$2(NodeTestTask.java:180) ~[junit-platform-engine-6.0.1.jar:6.0.1]
	at org.junit.platform.engine.support.hierarchical.ThrowableCollector.execute(ThrowableCollector.java:74) ~[junit-platform-engine-6.0.1.jar:6.0.1]
	at org.junit.platform.engine.support.hierarchical.NodeTestTask.lambda$executeRecursively$1(NodeTestTask.java:166) ~[junit-platform-engine-6.0.1.jar:6.0.1]
	at org.junit.platform.engine.support.hierarchical.Node.around(Node.java:138) ~[junit-platform-engine-6.0.1.jar:6.0.1]
	at org.junit.platform.engine.support.hierarchical.NodeTestTask.lambda$executeRecursively$0(NodeTestTask.java:164) ~[junit-platform-engine-6.0.1.jar:6.0.1]
	at org.junit.platform.engine.support.hierarchical.ThrowableCollector.execute(ThrowableCollector.java:74) ~[junit-platform-engine-6.0.1.jar:6.0.1]
	at org.junit.platform.engine.support.hierarchical.NodeTestTask.executeRecursively(NodeTestTask.java:163) ~[junit-platform-engine-6.0.1.jar:6.0.1]
	at org.junit.platform.engine.support.hierarchical.NodeTestTask.execute(NodeTestTask.java:116) ~[junit-platform-engine-6.0.1.jar:6.0.1]
	at org.junit.platform.engine.support.hierarchical.SameThreadHierarchicalTestExecutorService.submit(SameThreadHierarchicalTestExecutorService.java:36) ~[junit-platform-engine-6.0.1.jar:6.0.1]
	at org.junit.platform.engine.support.hierarchical.HierarchicalTestExecutor.execute(HierarchicalTestExecutor.java:52) ~[junit-platform-engine-6.0.1.jar:6.0.1]
	at org.junit.platform.engine.support.hierarchical.HierarchicalTestEngine.execute(HierarchicalTestEngine.java:58) ~[junit-platform-engine-6.0.1.jar:6.0.1]
	at org.junit.platform.launcher.core.EngineExecutionOrchestrator.executeEngine(EngineExecutionOrchestrator.java:246) ~[junit-platform-launcher-6.0.1.jar:6.0.1]
	at org.junit.platform.launcher.core.EngineExecutionOrchestrator.failOrExecuteEngine(EngineExecutionOrchestrator.java:218) ~[junit-platform-launcher-6.0.1.jar:6.0.1]
	at org.junit.platform.launcher.core.EngineExecutionOrchestrator.execute(EngineExecutionOrchestrator.java:179) ~[junit-platform-launcher-6.0.1.jar:6.0.1]
	at org.junit.platform.launcher.core.EngineExecutionOrchestrator.execute(EngineExecutionOrchestrator.java:108) ~[junit-platform-launcher-6.0.1.jar:6.0.1]
	at org.junit.platform.launcher.core.EngineExecutionOrchestrator.lambda$execute$0(EngineExecutionOrchestrator.java:66) ~[junit-platform-launcher-6.0.1.jar:6.0.1]
	at org.junit.platform.launcher.core.EngineExecutionOrchestrator.withInterceptedStreams(EngineExecutionOrchestrator.java:157) ~[junit-platform-launcher-6.0.1.jar:6.0.1]
	at org.junit.platform.launcher.core.EngineExecutionOrchestrator.execute(EngineExecutionOrchestrator.java:65) ~[junit-platform-launcher-6.0.1.jar:6.0.1]
	at org.junit.platform.launcher.core.DefaultLauncher.execute(DefaultLauncher.java:125) ~[junit-platform-launcher-6.0.1.jar:6.0.1]
	at org.junit.platform.launcher.core.DefaultLauncher.execute(DefaultLauncher.java:114) ~[junit-platform-launcher-6.0.1.jar:6.0.1]
	at org.junit.platform.launcher.core.DelegatingLauncher.execute(DelegatingLauncher.java:58) ~[junit-platform-launcher-6.0.1.jar:6.0.1]
	at org.junit.platform.launcher.core.InterceptingLauncher.lambda$execute$2(InterceptingLauncher.java:57) ~[junit-platform-launcher-6.0.1.jar:6.0.1]
	at org.junit.platform.launcher.core.ClasspathAlignmentCheckingLauncherInterceptor.intercept(ClasspathAlignmentCheckingLauncherInterceptor.java:25) ~[junit-platform-launcher-6.0.1.jar:6.0.1]
	at org.junit.platform.launcher.core.InterceptingLauncher.execute(InterceptingLauncher.java:56) ~[junit-platform-launcher-6.0.1.jar:6.0.1]
	at org.junit.platform.launcher.core.DelegatingLauncher.execute(DelegatingLauncher.java:58) ~[junit-platform-launcher-6.0.1.jar:6.0.1]
	at java.base/jdk.internal.reflect.DirectMethodHandleAccessor.invoke(DirectMethodHandleAccessor.java:104) ~[na:na]
	at java.base/java.lang.reflect.Method.invoke(Method.java:583) ~[na:na]
	at org.apache.maven.surefire.api.util.ReflectionUtils.invokeMethodWithArray(ReflectionUtils.java:125) ~[surefire-api-3.5.4.jar:3.5.4]
	at org.apache.maven.surefire.junitplatform.LauncherAdapter.executeWithCancellationToken(LauncherAdapter.java:68) ~[surefire-junit-platform-3.5.4.jar:3.5.4]
	at org.apache.maven.surefire.junitplatform.LauncherAdapter.execute(LauncherAdapter.java:54) ~[surefire-junit-platform-3.5.4.jar:3.5.4]
	at org.apache.maven.surefire.junitplatform.JUnitPlatformProvider.execute(JUnitPlatformProvider.java:203) ~[surefire-junit-platform-3.5.4.jar:3.5.4]
	at org.apache.maven.surefire.junitplatform.JUnitPlatformProvider.invokeAllTests(JUnitPlatformProvider.java:168) ~[surefire-junit-platform-3.5.4.jar:3.5.4]
	at org.apache.maven.surefire.junitplatform.JUnitPlatformProvider.invoke(JUnitPlatformProvider.java:136) ~[surefire-junit-platform-3.5.4.jar:3.5.4]
	at org.apache.maven.surefire.booter.ForkedBooter.runSuitesInProcess(ForkedBooter.java:385) ~[surefire-booter-3.5.4.jar:3.5.4]
	at org.apache.maven.surefire.booter.ForkedBooter.execute(ForkedBooter.java:162) ~[surefire-booter-3.5.4.jar:3.5.4]
	at org.apache.maven.surefire.booter.ForkedBooter.run(ForkedBooter.java:507) ~[surefire-booter-3.5.4.jar:3.5.4]
	at org.apache.maven.surefire.booter.ForkedBooter.main(ForkedBooter.java:495) ~[surefire-booter-3.5.4.jar:3.5.4]

2026-10-02T23:36:46.144+01:00  WARN 32244 --- [archunit-hexagonal] [           main] c.t.a.core.importer.ClassFileProcessor   : Error during import from jrt:/java.base/java/lang/reflect/Method.class, falling back to simple import

java.lang.IllegalArgumentException: Unsupported class file major version 71
	at com.tngtech.archunit.thirdparty.org.objectweb.asm.ClassReader.<init>(ClassReader.java:200) ~[archunit-1.3.0.jar:1.3.0]
	at com.tngtech.archunit.thirdparty.org.objectweb.asm.ClassReader.<init>(ClassReader.java:180) ~[archunit-1.3.0.jar:1.3.0]
	at com.tngtech.archunit.thirdparty.org.objectweb.asm.ClassReader.<init>(ClassReader.java:166) ~[archunit-1.3.0.jar:1.3.0]
	at com.tngtech.archunit.thirdparty.org.objectweb.asm.ClassReader.<init>(ClassReader.java:288) ~[archunit-1.3.0.jar:1.3.0]
	at com.tngtech.archunit.core.importer.ClassFileProcessor$UriImporterOfProcessor.tryImport(ClassFileProcessor.java:350) ~[archunit-1.3.0.jar:1.3.0]
	at com.tngtech.archunit.core.importer.resolvers.ClassResolverFromClasspath.tryResolve(ClassResolverFromClasspath.java:51) ~[archunit-1.3.0.jar:1.3.0]
	at com.tngtech.archunit.core.importer.ImportedClasses.resolve(ImportedClasses.java:80) ~[archunit-1.3.0.jar:1.3.0]
	at com.tngtech.archunit.core.importer.ImportedClasses.getOrResolve(ImportedClasses.java:67) ~[archunit-1.3.0.jar:1.3.0]
	at com.tngtech.archunit.core.importer.DomainBuilders$JavaMemberBuilder.get(DomainBuilders.java:179) ~[archunit-1.3.0.jar:1.3.0]
	at com.tngtech.archunit.core.importer.DomainBuilders$JavaCodeUnitBuilder.asJavaClasses(DomainBuilders.java:329) ~[archunit-1.3.0.jar:1.3.0]
	at com.tngtech.archunit.core.importer.DomainBuilders$JavaCodeUnitBuilder.getRawParameterTypes(DomainBuilders.java:303) ~[archunit-1.3.0.jar:1.3.0]
	at com.tngtech.archunit.core.domain.JavaCodeUnit$Parameters.<init>(JavaCodeUnit.java:317) ~[archunit-1.3.0.jar:1.3.0]
	at com.tngtech.archunit.core.domain.JavaCodeUnit.<init>(JavaCodeUnit.java:82) ~[archunit-1.3.0.jar:1.3.0]
	at com.tngtech.archunit.core.domain.JavaMethod.<init>(JavaMethod.java:44) ~[archunit-1.3.0.jar:1.3.0]
	at com.tngtech.archunit.core.domain.DomainObjectCreationContext.createJavaMethod(DomainObjectCreationContext.java:144) ~[archunit-1.3.0.jar:1.3.0]
	at com.tngtech.archunit.core.importer.DomainBuilders$JavaMethodBuilder.construct(DomainBuilders.java:373) ~[archunit-1.3.0.jar:1.3.0]
	at com.tngtech.archunit.core.importer.DomainBuilders$JavaMethodBuilder.construct(DomainBuilders.java:358) ~[archunit-1.3.0.jar:1.3.0]
	at com.tngtech.archunit.core.importer.DomainBuilders$JavaMemberBuilder.build(DomainBuilders.java:206) ~[archunit-1.3.0.jar:1.3.0]
	at com.tngtech.archunit.core.importer.DomainBuilders$JavaMemberBuilder.build(DomainBuilders.java:138) ~[archunit-1.3.0.jar:1.3.0]
	at com.tngtech.archunit.core.importer.DomainBuilders$BuilderWithBuildParameter$BuildFinisher.lambda$build$0(DomainBuilders.java:892) ~[archunit-1.3.0.jar:1.3.0]
	at java.base/java.util.stream.ReferencePipeline$3$1.accept(ReferencePipeline.java:214) ~[na:na]
	at java.base/java.util.stream.ReferencePipeline$2$1.accept(ReferencePipeline.java:197) ~[na:na]
	at java.base/java.util.HashMap$KeySpliterator.forEachRemaining(HashMap.java:1741) ~[na:na]
	at java.base/java.util.stream.AbstractPipeline.copyInto(AbstractPipeline.java:570) ~[na:na]
	at java.base/java.util.stream.AbstractPipeline.wrapAndCopyInto(AbstractPipeline.java:560) ~[na:na]
	at java.base/java.util.stream.ReduceOps$ReduceOp.evaluateSequential(ReduceOps.java:921) ~[na:na]
	at java.base/java.util.stream.AbstractPipeline.evaluate(AbstractPipeline.java:265) ~[na:na]
	at java.base/java.util.stream.ReferencePipeline.collect(ReferencePipeline.java:723) ~[na:na]
	at com.tngtech.archunit.core.importer.DomainBuilders$BuilderWithBuildParameter$BuildFinisher.build(DomainBuilders.java:892) ~[archunit-1.3.0.jar:1.3.0]
	at com.tngtech.archunit.core.importer.ClassGraphCreator.createMethods(ClassGraphCreator.java:322) ~[archunit-1.3.0.jar:1.3.0]
	at com.tngtech.archunit.core.domain.JavaClassMembers.create(JavaClassMembers.java:352) ~[archunit-1.3.0.jar:1.3.0]
	at com.tngtech.archunit.core.domain.JavaClass.completeMembers(JavaClass.java:1477) ~[archunit-1.3.0.jar:1.3.0]
	at com.tngtech.archunit.core.domain.DomainObjectCreationContext.completeMembers(DomainObjectCreationContext.java:96) ~[archunit-1.3.0.jar:1.3.0]
	at com.tngtech.archunit.core.importer.ClassGraphCreator.completeClasses(ClassGraphCreator.java:120) ~[archunit-1.3.0.jar:1.3.0]
	at com.tngtech.archunit.core.importer.ClassGraphCreator.complete(ClassGraphCreator.java:108) ~[archunit-1.3.0.jar:1.3.0]
	at com.tngtech.archunit.core.importer.ClassFileProcessor.process(ClassFileProcessor.java:75) ~[archunit-1.3.0.jar:1.3.0]
	at com.tngtech.archunit.core.importer.ClassFileImporter.importLocations(ClassFileImporter.java:325) ~[archunit-1.3.0.jar:1.3.0]
	at com.tngtech.archunit.junit.internal.ClassCache$CacheClassFileImporter.importClasses(ClassCache.java:126) ~[archunit-junit5-engine-1.3.0.jar:1.3.0]
	at com.tngtech.archunit.junit.internal.ClassCache$LazyJavaClasses.initialize(ClassCache.java:118) ~[archunit-junit5-engine-1.3.0.jar:1.3.0]
	at com.tngtech.archunit.junit.internal.ClassCache$LazyJavaClasses.get(ClassCache.java:107) ~[archunit-junit5-engine-1.3.0.jar:1.3.0]
	at com.tngtech.archunit.junit.internal.ClassCache.getClassesToAnalyzeFor(ClassCache.java:84) ~[archunit-junit5-engine-1.3.0.jar:1.3.0]
	at com.tngtech.archunit.junit.internal.ArchUnitTestDescriptor.lambda$createChildren$1(ArchUnitTestDescriptor.java:90) ~[archunit-junit5-engine-1.3.0.jar:1.3.0]
	at com.tngtech.archunit.junit.internal.ArchUnitTestDescriptor$ArchUnitRuleDescriptor.execute(ArchUnitTestDescriptor.java:167) ~[archunit-junit5-engine-1.3.0.jar:1.3.0]
	at com.tngtech.archunit.junit.internal.ArchUnitTestDescriptor$ArchUnitRuleDescriptor.execute(ArchUnitTestDescriptor.java:150) ~[archunit-junit5-engine-1.3.0.jar:1.3.0]
	at org.junit.platform.engine.support.hierarchical.NodeTestTask.lambda$executeRecursively$2(NodeTestTask.java:176) ~[junit-platform-engine-6.0.1.jar:6.0.1]
	at org.junit.platform.engine.support.hierarchical.ThrowableCollector.execute(ThrowableCollector.java:74) ~[junit-platform-engine-6.0.1.jar:6.0.1]
	at org.junit.platform.engine.support.hierarchical.NodeTestTask.lambda$executeRecursively$1(NodeTestTask.java:166) ~[junit-platform-engine-6.0.1.jar:6.0.1]
	at org.junit.platform.engine.support.hierarchical.Node.around(Node.java:138) ~[junit-platform-engine-6.0.1.jar:6.0.1]
	at org.junit.platform.engine.support.hierarchical.NodeTestTask.lambda$executeRecursively$0(NodeTestTask.java:164) ~[junit-platform-engine-6.0.1.jar:6.0.1]
	at org.junit.platform.engine.support.hierarchical.ThrowableCollector.execute(ThrowableCollector.java:74) ~[junit-platform-engine-6.0.1.jar:6.0.1]
	at org.junit.platform.engine.support.hierarchical.NodeTestTask.executeRecursively(NodeTestTask.java:163) ~[junit-platform-engine-6.0.1.jar:6.0.1]
	at org.junit.platform.engine.support.hierarchical.NodeTestTask.execute(NodeTestTask.java:116) ~[junit-platform-engine-6.0.1.jar:6.0.1]
	at java.base/java.util.ArrayList.forEach(ArrayList.java:1612) ~[na:na]
	at org.junit.platform.engine.support.hierarchical.SameThreadHierarchicalTestExecutorService.invokeAll(SameThreadHierarchicalTestExecutorService.java:42) ~[junit-platform-engine-6.0.1.jar:6.0.1]
	at org.junit.platform.engine.support.hierarchical.NodeTestTask.lambda$executeRecursively$2(NodeTestTask.java:180) ~[junit-platform-engine-6.0.1.jar:6.0.1]
	at org.junit.platform.engine.support.hierarchical.ThrowableCollector.execute(ThrowableCollector.java:74) ~[junit-platform-engine-6.0.1.jar:6.0.1]
	at org.junit.platform.engine.support.hierarchical.NodeTestTask.lambda$executeRecursively$1(NodeTestTask.java:166) ~[junit-platform-engine-6.0.1.jar:6.0.1]
	at org.junit.platform.engine.support.hierarchical.Node.around(Node.java:138) ~[junit-platform-engine-6.0.1.jar:6.0.1]
	at org.junit.platform.engine.support.hierarchical.NodeTestTask.lambda$executeRecursively$0(NodeTestTask.java:164) ~[junit-platform-engine-6.0.1.jar:6.0.1]
	at org.junit.platform.engine.support.hierarchical.ThrowableCollector.execute(ThrowableCollector.java:74) ~[junit-platform-engine-6.0.1.jar:6.0.1]
	at org.junit.platform.engine.support.hierarchical.NodeTestTask.executeRecursively(NodeTestTask.java:163) ~[junit-platform-engine-6.0.1.jar:6.0.1]
	at org.junit.platform.engine.support.hierarchical.NodeTestTask.execute(NodeTestTask.java:116) ~[junit-platform-engine-6.0.1.jar:6.0.1]
	at java.base/java.util.ArrayList.forEach(ArrayList.java:1612) ~[na:na]
	at org.junit.platform.engine.support.hierarchical.SameThreadHierarchicalTestExecutorService.invokeAll(SameThreadHierarchicalTestExecutorService.java:42) ~[junit-platform-engine-6.0.1.jar:6.0.1]
	at org.junit.platform.engine.support.hierarchical.NodeTestTask.lambda$executeRecursively$2(NodeTestTask.java:180) ~[junit-platform-engine-6.0.1.jar:6.0.1]
	at org.junit.platform.engine.support.hierarchical.ThrowableCollector.execute(ThrowableCollector.java:74) ~[junit-platform-engine-6.0.1.jar:6.0.1]
	at org.junit.platform.engine.support.hierarchical.NodeTestTask.lambda$executeRecursively$1(NodeTestTask.java:166) ~[junit-platform-engine-6.0.1.jar:6.0.1]
	at org.junit.platform.engine.support.hierarchical.Node.around(Node.java:138) ~[junit-platform-engine-6.0.1.jar:6.0.1]
	at org.junit.platform.engine.support.hierarchical.NodeTestTask.lambda$executeRecursively$0(NodeTestTask.java:164) ~[junit-platform-engine-6.0.1.jar:6.0.1]
	at org.junit.platform.engine.support.hierarchical.ThrowableCollector.execute(ThrowableCollector.java:74) ~[junit-platform-engine-6.0.1.jar:6.0.1]
	at org.junit.platform.engine.support.hierarchical.NodeTestTask.executeRecursively(NodeTestTask.java:163) ~[junit-platform-engine-6.0.1.jar:6.0.1]
	at org.junit.platform.engine.support.hierarchical.NodeTestTask.execute(NodeTestTask.java:116) ~[junit-platform-engine-6.0.1.jar:6.0.1]
	at org.junit.platform.engine.support.hierarchical.SameThreadHierarchicalTestExecutorService.submit(SameThreadHierarchicalTestExecutorService.java:36) ~[junit-platform-engine-6.0.1.jar:6.0.1]
	at org.junit.platform.engine.support.hierarchical.HierarchicalTestExecutor.execute(HierarchicalTestExecutor.java:52) ~[junit-platform-engine-6.0.1.jar:6.0.1]
	at org.junit.platform.engine.support.hierarchical.HierarchicalTestEngine.execute(HierarchicalTestEngine.java:58) ~[junit-platform-engine-6.0.1.jar:6.0.1]
	at org.junit.platform.launcher.core.EngineExecutionOrchestrator.executeEngine(EngineExecutionOrchestrator.java:246) ~[junit-platform-launcher-6.0.1.jar:6.0.1]
	at org.junit.platform.launcher.core.EngineExecutionOrchestrator.failOrExecuteEngine(EngineExecutionOrchestrator.java:218) ~[junit-platform-launcher-6.0.1.jar:6.0.1]
	at org.junit.platform.launcher.core.EngineExecutionOrchestrator.execute(EngineExecutionOrchestrator.java:179) ~[junit-platform-launcher-6.0.1.jar:6.0.1]
	at org.junit.platform.launcher.core.EngineExecutionOrchestrator.execute(EngineExecutionOrchestrator.java:108) ~[junit-platform-launcher-6.0.1.jar:6.0.1]
	at org.junit.platform.launcher.core.EngineExecutionOrchestrator.lambda$execute$0(EngineExecutionOrchestrator.java:66) ~[junit-platform-launcher-6.0.1.jar:6.0.1]
	at org.junit.platform.launcher.core.EngineExecutionOrchestrator.withInterceptedStreams(EngineExecutionOrchestrator.java:157) ~[junit-platform-launcher-6.0.1.jar:6.0.1]
	at org.junit.platform.launcher.core.EngineExecutionOrchestrator.execute(EngineExecutionOrchestrator.java:65) ~[junit-platform-launcher-6.0.1.jar:6.0.1]
	at org.junit.platform.launcher.core.DefaultLauncher.execute(DefaultLauncher.java:125) ~[junit-platform-launcher-6.0.1.jar:6.0.1]
	at org.junit.platform.launcher.core.DefaultLauncher.execute(DefaultLauncher.java:114) ~[junit-platform-launcher-6.0.1.jar:6.0.1]
	at org.junit.platform.launcher.core.DelegatingLauncher.execute(DelegatingLauncher.java:58) ~[junit-platform-launcher-6.0.1.jar:6.0.1]
	at org.junit.platform.launcher.core.InterceptingLauncher.lambda$execute$2(InterceptingLauncher.java:57) ~[junit-platform-launcher-6.0.1.jar:6.0.1]
	at org.junit.platform.launcher.core.ClasspathAlignmentCheckingLauncherInterceptor.intercept(ClasspathAlignmentCheckingLauncherInterceptor.java:25) ~[junit-platform-launcher-6.0.1.jar:6.0.1]
	at org.junit.platform.launcher.core.InterceptingLauncher.execute(InterceptingLauncher.java:56) ~[junit-platform-launcher-6.0.1.jar:6.0.1]
	at org.junit.platform.launcher.core.DelegatingLauncher.execute(DelegatingLauncher.java:58) ~[junit-platform-launcher-6.0.1.jar:6.0.1]
	at java.base/jdk.internal.reflect.DirectMethodHandleAccessor.invoke(DirectMethodHandleAccessor.java:104) ~[na:na]
	at java.base/java.lang.reflect.Method.invoke(Method.java:583) ~[na:na]
	at org.apache.maven.surefire.api.util.ReflectionUtils.invokeMethodWithArray(ReflectionUtils.java:125) ~[surefire-api-3.5.4.jar:3.5.4]
	at org.apache.maven.surefire.junitplatform.LauncherAdapter.executeWithCancellationToken(LauncherAdapter.java:68) ~[surefire-junit-platform-3.5.4.jar:3.5.4]
	at org.apache.maven.surefire.junitplatform.LauncherAdapter.execute(LauncherAdapter.java:54) ~[surefire-junit-platform-3.5.4.jar:3.5.4]
	at org.apache.maven.surefire.junitplatform.JUnitPlatformProvider.execute(JUnitPlatformProvider.java:203) ~[surefire-junit-platform-3.5.4.jar:3.5.4]
	at org.apache.maven.surefire.junitplatform.JUnitPlatformProvider.invokeAllTests(JUnitPlatformProvider.java:168) ~[surefire-junit-platform-3.5.4.jar:3.5.4]
	at org.apache.maven.surefire.junitplatform.JUnitPlatformProvider.invoke(JUnitPlatformProvider.java:136) ~[surefire-junit-platform-3.5.4.jar:3.5.4]
	at org.apache.maven.surefire.booter.ForkedBooter.runSuitesInProcess(ForkedBooter.java:385) ~[surefire-booter-3.5.4.jar:3.5.4]
	at org.apache.maven.surefire.booter.ForkedBooter.execute(ForkedBooter.java:162) ~[surefire-booter-3.5.4.jar:3.5.4]
	at org.apache.maven.surefire.booter.ForkedBooter.run(ForkedBooter.java:507) ~[surefire-booter-3.5.4.jar:3.5.4]
	at org.apache.maven.surefire.booter.ForkedBooter.main(ForkedBooter.java:495) ~[surefire-booter-3.5.4.jar:3.5.4]

2026-10-02T23:36:46.146+01:00  WARN 32244 --- [archunit-hexagonal] [           main] c.t.a.core.importer.ClassFileProcessor   : Error during import from jrt:/java.base/java/lang/reflect/Field.class, falling back to simple import

java.lang.IllegalArgumentException: Unsupported class file major version 71
	at com.tngtech.archunit.thirdparty.org.objectweb.asm.ClassReader.<init>(ClassReader.java:200) ~[archunit-1.3.0.jar:1.3.0]
	at com.tngtech.archunit.thirdparty.org.objectweb.asm.ClassReader.<init>(ClassReader.java:180) ~[archunit-1.3.0.jar:1.3.0]
	at com.tngtech.archunit.thirdparty.org.objectweb.asm.ClassReader.<init>(ClassReader.java:166) ~[archunit-1.3.0.jar:1.3.0]
	at com.tngtech.archunit.thirdparty.org.objectweb.asm.ClassReader.<init>(ClassReader.java:288) ~[archunit-1.3.0.jar:1.3.0]
	at com.tngtech.archunit.core.importer.ClassFileProcessor$UriImporterOfProcessor.tryImport(ClassFileProcessor.java:350) ~[archunit-1.3.0.jar:1.3.0]
	at com.tngtech.archunit.core.importer.resolvers.ClassResolverFromClasspath.tryResolve(ClassResolverFromClasspath.java:51) ~[archunit-1.3.0.jar:1.3.0]
	at com.tngtech.archunit.core.importer.ImportedClasses.resolve(ImportedClasses.java:80) ~[archunit-1.3.0.jar:1.3.0]
	at com.tngtech.archunit.core.importer.ImportedClasses.getOrResolve(ImportedClasses.java:67) ~[archunit-1.3.0.jar:1.3.0]
	at com.tngtech.archunit.core.importer.DomainBuilders$JavaMemberBuilder.get(DomainBuilders.java:179) ~[archunit-1.3.0.jar:1.3.0]
	at com.tngtech.archunit.core.importer.DomainBuilders$JavaCodeUnitBuilder.asJavaClasses(DomainBuilders.java:329) ~[archunit-1.3.0.jar:1.3.0]
	at com.tngtech.archunit.core.importer.DomainBuilders$JavaCodeUnitBuilder.getRawParameterTypes(DomainBuilders.java:303) ~[archunit-1.3.0.jar:1.3.0]
	at com.tngtech.archunit.core.domain.JavaCodeUnit$Parameters.<init>(JavaCodeUnit.java:317) ~[archunit-1.3.0.jar:1.3.0]
	at com.tngtech.archunit.core.domain.JavaCodeUnit.<init>(JavaCodeUnit.java:82) ~[archunit-1.3.0.jar:1.3.0]
	at com.tngtech.archunit.core.domain.JavaMethod.<init>(JavaMethod.java:44) ~[archunit-1.3.0.jar:1.3.0]
	at com.tngtech.archunit.core.domain.DomainObjectCreationContext.createJavaMethod(DomainObjectCreationContext.java:144) ~[archunit-1.3.0.jar:1.3.0]
	at com.tngtech.archunit.core.importer.DomainBuilders$JavaMethodBuilder.construct(DomainBuilders.java:373) ~[archunit-1.3.0.jar:1.3.0]
	at com.tngtech.archunit.core.importer.DomainBuilders$JavaMethodBuilder.construct(DomainBuilders.java:358) ~[archunit-1.3.0.jar:1.3.0]
	at com.tngtech.archunit.core.importer.DomainBuilders$JavaMemberBuilder.build(DomainBuilders.java:206) ~[archunit-1.3.0.jar:1.3.0]
	at com.tngtech.archunit.core.importer.DomainBuilders$JavaMemberBuilder.build(DomainBuilders.java:138) ~[archunit-1.3.0.jar:1.3.0]
	at com.tngtech.archunit.core.importer.DomainBuilders$BuilderWithBuildParameter$BuildFinisher.lambda$build$0(DomainBuilders.java:892) ~[archunit-1.3.0.jar:1.3.0]
	at java.base/java.util.stream.ReferencePipeline$3$1.accept(ReferencePipeline.java:214) ~[na:na]
	at java.base/java.util.stream.ReferencePipeline$2$1.accept(ReferencePipeline.java:197) ~[na:na]
	at java.base/java.util.HashMap$KeySpliterator.forEachRemaining(HashMap.java:1741) ~[na:na]
	at java.base/java.util.stream.AbstractPipeline.copyInto(AbstractPipeline.java:570) ~[na:na]
	at java.base/java.util.stream.AbstractPipeline.wrapAndCopyInto(AbstractPipeline.java:560) ~[na:na]
	at java.base/java.util.stream.ReduceOps$ReduceOp.evaluateSequential(ReduceOps.java:921) ~[na:na]
	at java.base/java.util.stream.AbstractPipeline.evaluate(AbstractPipeline.java:265) ~[na:na]
	at java.base/java.util.stream.ReferencePipeline.collect(ReferencePipeline.java:723) ~[na:na]
	at com.tngtech.archunit.core.importer.DomainBuilders$BuilderWithBuildParameter$BuildFinisher.build(DomainBuilders.java:892) ~[archunit-1.3.0.jar:1.3.0]
	at com.tngtech.archunit.core.importer.ClassGraphCreator.createMethods(ClassGraphCreator.java:322) ~[archunit-1.3.0.jar:1.3.0]
	at com.tngtech.archunit.core.domain.JavaClassMembers.create(JavaClassMembers.java:352) ~[archunit-1.3.0.jar:1.3.0]
	at com.tngtech.archunit.core.domain.JavaClass.completeMembers(JavaClass.java:1477) ~[archunit-1.3.0.jar:1.3.0]
	at com.tngtech.archunit.core.domain.DomainObjectCreationContext.completeMembers(DomainObjectCreationContext.java:96) ~[archunit-1.3.0.jar:1.3.0]
	at com.tngtech.archunit.core.importer.ClassGraphCreator.completeClasses(ClassGraphCreator.java:120) ~[archunit-1.3.0.jar:1.3.0]
	at com.tngtech.archunit.core.importer.ClassGraphCreator.complete(ClassGraphCreator.java:108) ~[archunit-1.3.0.jar:1.3.0]
	at com.tngtech.archunit.core.importer.ClassFileProcessor.process(ClassFileProcessor.java:75) ~[archunit-1.3.0.jar:1.3.0]
	at com.tngtech.archunit.core.importer.ClassFileImporter.importLocations(ClassFileImporter.java:325) ~[archunit-1.3.0.jar:1.3.0]
	at com.tngtech.archunit.junit.internal.ClassCache$CacheClassFileImporter.importClasses(ClassCache.java:126) ~[archunit-junit5-engine-1.3.0.jar:1.3.0]
	at com.tngtech.archunit.junit.internal.ClassCache$LazyJavaClasses.initialize(ClassCache.java:118) ~[archunit-junit5-engine-1.3.0.jar:1.3.0]
	at com.tngtech.archunit.junit.internal.ClassCache$LazyJavaClasses.get(ClassCache.java:107) ~[archunit-junit5-engine-1.3.0.jar:1.3.0]
	at com.tngtech.archunit.junit.internal.ClassCache.getClassesToAnalyzeFor(ClassCache.java:84) ~[archunit-junit5-engine-1.3.0.jar:1.3.0]
	at com.tngtech.archunit.junit.internal.ArchUnitTestDescriptor.lambda$createChildren$1(ArchUnitTestDescriptor.java:90) ~[archunit-junit5-engine-1.3.0.jar:1.3.0]
	at com.tngtech.archunit.junit.internal.ArchUnitTestDescriptor$ArchUnitRuleDescriptor.execute(ArchUnitTestDescriptor.java:167) ~[archunit-junit5-engine-1.3.0.jar:1.3.0]
	at com.tngtech.archunit.junit.internal.ArchUnitTestDescriptor$ArchUnitRuleDescriptor.execute(ArchUnitTestDescriptor.java:150) ~[archunit-junit5-engine-1.3.0.jar:1.3.0]
	at org.junit.platform.engine.support.hierarchical.NodeTestTask.lambda$executeRecursively$2(NodeTestTask.java:176) ~[junit-platform-engine-6.0.1.jar:6.0.1]
	at org.junit.platform.engine.support.hierarchical.ThrowableCollector.execute(ThrowableCollector.java:74) ~[junit-platform-engine-6.0.1.jar:6.0.1]
	at org.junit.platform.engine.support.hierarchical.NodeTestTask.lambda$executeRecursively$1(NodeTestTask.java:166) ~[junit-platform-engine-6.0.1.jar:6.0.1]
	at org.junit.platform.engine.support.hierarchical.Node.around(Node.java:138) ~[junit-platform-engine-6.0.1.jar:6.0.1]
	at org.junit.platform.engine.support.hierarchical.NodeTestTask.lambda$executeRecursively$0(NodeTestTask.java:164) ~[junit-platform-engine-6.0.1.jar:6.0.1]
	at org.junit.platform.engine.support.hierarchical.ThrowableCollector.execute(ThrowableCollector.java:74) ~[junit-platform-engine-6.0.1.jar:6.0.1]
	at org.junit.platform.engine.support.hierarchical.NodeTestTask.executeRecursively(NodeTestTask.java:163) ~[junit-platform-engine-6.0.1.jar:6.0.1]
	at org.junit.platform.engine.support.hierarchical.NodeTestTask.execute(NodeTestTask.java:116) ~[junit-platform-engine-6.0.1.jar:6.0.1]
	at java.base/java.util.ArrayList.forEach(ArrayList.java:1612) ~[na:na]
	at org.junit.platform.engine.support.hierarchical.SameThreadHierarchicalTestExecutorService.invokeAll(SameThreadHierarchicalTestExecutorService.java:42) ~[junit-platform-engine-6.0.1.jar:6.0.1]
	at org.junit.platform.engine.support.hierarchical.NodeTestTask.lambda$executeRecursively$2(NodeTestTask.java:180) ~[junit-platform-engine-6.0.1.jar:6.0.1]
	at org.junit.platform.engine.support.hierarchical.ThrowableCollector.execute(ThrowableCollector.java:74) ~[junit-platform-engine-6.0.1.jar:6.0.1]
	at org.junit.platform.engine.support.hierarchical.NodeTestTask.lambda$executeRecursively$1(NodeTestTask.java:166) ~[junit-platform-engine-6.0.1.jar:6.0.1]
	at org.junit.platform.engine.support.hierarchical.Node.around(Node.java:138) ~[junit-platform-engine-6.0.1.jar:6.0.1]
	at org.junit.platform.engine.support.hierarchical.NodeTestTask.lambda$executeRecursively$0(NodeTestTask.java:164) ~[junit-platform-engine-6.0.1.jar:6.0.1]
	at org.junit.platform.engine.support.hierarchical.ThrowableCollector.execute(ThrowableCollector.java:74) ~[junit-platform-engine-6.0.1.jar:6.0.1]
	at org.junit.platform.engine.support.hierarchical.NodeTestTask.executeRecursively(NodeTestTask.java:163) ~[junit-platform-engine-6.0.1.jar:6.0.1]
	at org.junit.platform.engine.support.hierarchical.NodeTestTask.execute(NodeTestTask.java:116) ~[junit-platform-engine-6.0.1.jar:6.0.1]
	at java.base/java.util.ArrayList.forEach(ArrayList.java:1612) ~[na:na]
	at org.junit.platform.engine.support.hierarchical.SameThreadHierarchicalTestExecutorService.invokeAll(SameThreadHierarchicalTestExecutorService.java:42) ~[junit-platform-engine-6.0.1.jar:6.0.1]
	at org.junit.platform.engine.support.hierarchical.NodeTestTask.lambda$executeRecursively$2(NodeTestTask.java:180) ~[junit-platform-engine-6.0.1.jar:6.0.1]
	at org.junit.platform.engine.support.hierarchical.ThrowableCollector.execute(ThrowableCollector.java:74) ~[junit-platform-engine-6.0.1.jar:6.0.1]
	at org.junit.platform.engine.support.hierarchical.NodeTestTask.lambda$executeRecursively$1(NodeTestTask.java:166) ~[junit-platform-engine-6.0.1.jar:6.0.1]
	at org.junit.platform.engine.support.hierarchical.Node.around(Node.java:138) ~[junit-platform-engine-6.0.1.jar:6.0.1]
	at org.junit.platform.engine.support.hierarchical.NodeTestTask.lambda$executeRecursively$0(NodeTestTask.java:164) ~[junit-platform-engine-6.0.1.jar:6.0.1]
	at org.junit.platform.engine.support.hierarchical.ThrowableCollector.execute(ThrowableCollector.java:74) ~[junit-platform-engine-6.0.1.jar:6.0.1]
	at org.junit.platform.engine.support.hierarchical.NodeTestTask.executeRecursively(NodeTestTask.java:163) ~[junit-platform-engine-6.0.1.jar:6.0.1]
	at org.junit.platform.engine.support.hierarchical.NodeTestTask.execute(NodeTestTask.java:116) ~[junit-platform-engine-6.0.1.jar:6.0.1]
	at org.junit.platform.engine.support.hierarchical.SameThreadHierarchicalTestExecutorService.submit(SameThreadHierarchicalTestExecutorService.java:36) ~[junit-platform-engine-6.0.1.jar:6.0.1]
	at org.junit.platform.engine.support.hierarchical.HierarchicalTestExecutor.execute(HierarchicalTestExecutor.java:52) ~[junit-platform-engine-6.0.1.jar:6.0.1]
	at org.junit.platform.engine.support.hierarchical.HierarchicalTestEngine.execute(HierarchicalTestEngine.java:58) ~[junit-platform-engine-6.0.1.jar:6.0.1]
	at org.junit.platform.launcher.core.EngineExecutionOrchestrator.executeEngine(EngineExecutionOrchestrator.java:246) ~[junit-platform-launcher-6.0.1.jar:6.0.1]
	at org.junit.platform.launcher.core.EngineExecutionOrchestrator.failOrExecuteEngine(EngineExecutionOrchestrator.java:218) ~[junit-platform-launcher-6.0.1.jar:6.0.1]
	at org.junit.platform.launcher.core.EngineExecutionOrchestrator.execute(EngineExecutionOrchestrator.java:179) ~[junit-platform-launcher-6.0.1.jar:6.0.1]
	at org.junit.platform.launcher.core.EngineExecutionOrchestrator.execute(EngineExecutionOrchestrator.java:108) ~[junit-platform-launcher-6.0.1.jar:6.0.1]
	at org.junit.platform.launcher.core.EngineExecutionOrchestrator.lambda$execute$0(EngineExecutionOrchestrator.java:66) ~[junit-platform-launcher-6.0.1.jar:6.0.1]
	at org.junit.platform.launcher.core.EngineExecutionOrchestrator.withInterceptedStreams(EngineExecutionOrchestrator.java:157) ~[junit-platform-launcher-6.0.1.jar:6.0.1]
	at org.junit.platform.launcher.core.EngineExecutionOrchestrator.execute(EngineExecutionOrchestrator.java:65) ~[junit-platform-launcher-6.0.1.jar:6.0.1]
	at org.junit.platform.launcher.core.DefaultLauncher.execute(DefaultLauncher.java:125) ~[junit-platform-launcher-6.0.1.jar:6.0.1]
	at org.junit.platform.launcher.core.DefaultLauncher.execute(DefaultLauncher.java:114) ~[junit-platform-launcher-6.0.1.jar:6.0.1]
	at org.junit.platform.launcher.core.DelegatingLauncher.execute(DelegatingLauncher.java:58) ~[junit-platform-launcher-6.0.1.jar:6.0.1]
	at org.junit.platform.launcher.core.InterceptingLauncher.lambda$execute$2(InterceptingLauncher.java:57) ~[junit-platform-launcher-6.0.1.jar:6.0.1]
	at org.junit.platform.launcher.core.ClasspathAlignmentCheckingLauncherInterceptor.intercept(ClasspathAlignmentCheckingLauncherInterceptor.java:25) ~[junit-platform-launcher-6.0.1.jar:6.0.1]
	at org.junit.platform.launcher.core.InterceptingLauncher.execute(InterceptingLauncher.java:56) ~[junit-platform-launcher-6.0.1.jar:6.0.1]
	at org.junit.platform.launcher.core.DelegatingLauncher.execute(DelegatingLauncher.java:58) ~[junit-platform-launcher-6.0.1.jar:6.0.1]
	at java.base/jdk.internal.reflect.DirectMethodHandleAccessor.invoke(DirectMethodHandleAccessor.java:104) ~[na:na]
	at java.base/java.lang.reflect.Method.invoke(Method.java:583) ~[na:na]
	at org.apache.maven.surefire.api.util.ReflectionUtils.invokeMethodWithArray(ReflectionUtils.java:125) ~[surefire-api-3.5.4.jar:3.5.4]
	at org.apache.maven.surefire.junitplatform.LauncherAdapter.executeWithCancellationToken(LauncherAdapter.java:68) ~[surefire-junit-platform-3.5.4.jar:3.5.4]
	at org.apache.maven.surefire.junitplatform.LauncherAdapter.execute(LauncherAdapter.java:54) ~[surefire-junit-platform-3.5.4.jar:3.5.4]
	at org.apache.maven.surefire.junitplatform.JUnitPlatformProvider.execute(JUnitPlatformProvider.java:203) ~[surefire-junit-platform-3.5.4.jar:3.5.4]
	at org.apache.maven.surefire.junitplatform.JUnitPlatformProvider.invokeAllTests(JUnitPlatformProvider.java:168) ~[surefire-junit-platform-3.5.4.jar:3.5.4]
	at org.apache.maven.surefire.junitplatform.JUnitPlatformProvider.invoke(JUnitPlatformProvider.java:136) ~[surefire-junit-platform-3.5.4.jar:3.5.4]
	at org.apache.maven.surefire.booter.ForkedBooter.runSuitesInProcess(ForkedBooter.java:385) ~[surefire-booter-3.5.4.jar:3.5.4]
	at org.apache.maven.surefire.booter.ForkedBooter.execute(ForkedBooter.java:162) ~[surefire-booter-3.5.4.jar:3.5.4]
	at org.apache.maven.surefire.booter.ForkedBooter.run(ForkedBooter.java:507) ~[surefire-booter-3.5.4.jar:3.5.4]
	at org.apache.maven.surefire.booter.ForkedBooter.main(ForkedBooter.java:495) ~[surefire-booter-3.5.4.jar:3.5.4]

2026-10-02T23:36:46.148+01:00  WARN 32244 --- [archunit-hexagonal] [           main] c.t.a.core.importer.ClassFileProcessor   : Error during import from jrt:/java.base/java/lang/ClassLoader.class, falling back to simple import

java.lang.IllegalArgumentException: Unsupported class file major version 71
	at com.tngtech.archunit.thirdparty.org.objectweb.asm.ClassReader.<init>(ClassReader.java:200) ~[archunit-1.3.0.jar:1.3.0]
	at com.tngtech.archunit.thirdparty.org.objectweb.asm.ClassReader.<init>(ClassReader.java:180) ~[archunit-1.3.0.jar:1.3.0]
	at com.tngtech.archunit.thirdparty.org.objectweb.asm.ClassReader.<init>(ClassReader.java:166) ~[archunit-1.3.0.jar:1.3.0]
	at com.tngtech.archunit.thirdparty.org.objectweb.asm.ClassReader.<init>(ClassReader.java:288) ~[archunit-1.3.0.jar:1.3.0]
	at com.tngtech.archunit.core.importer.ClassFileProcessor$UriImporterOfProcessor.tryImport(ClassFileProcessor.java:350) ~[archunit-1.3.0.jar:1.3.0]
	at com.tngtech.archunit.core.importer.resolvers.ClassResolverFromClasspath.tryResolve(ClassResolverFromClasspath.java:51) ~[archunit-1.3.0.jar:1.3.0]
	at com.tngtech.archunit.core.importer.ImportedClasses.resolve(ImportedClasses.java:80) ~[archunit-1.3.0.jar:1.3.0]
	at com.tngtech.archunit.core.importer.ImportedClasses.getOrResolve(ImportedClasses.java:67) ~[archunit-1.3.0.jar:1.3.0]
	at com.tngtech.archunit.core.importer.DomainBuilders$JavaMemberBuilder.get(DomainBuilders.java:179) ~[archunit-1.3.0.jar:1.3.0]
	at com.tngtech.archunit.core.importer.DomainBuilders$JavaCodeUnitBuilder.asJavaClasses(DomainBuilders.java:329) ~[archunit-1.3.0.jar:1.3.0]
	at com.tngtech.archunit.core.importer.DomainBuilders$JavaCodeUnitBuilder.getRawParameterTypes(DomainBuilders.java:303) ~[archunit-1.3.0.jar:1.3.0]
	at com.tngtech.archunit.core.domain.JavaCodeUnit$Parameters.<init>(JavaCodeUnit.java:317) ~[archunit-1.3.0.jar:1.3.0]
	at com.tngtech.archunit.core.domain.JavaCodeUnit.<init>(JavaCodeUnit.java:82) ~[archunit-1.3.0.jar:1.3.0]
	at com.tngtech.archunit.core.domain.JavaMethod.<init>(JavaMethod.java:44) ~[archunit-1.3.0.jar:1.3.0]
	at com.tngtech.archunit.core.domain.DomainObjectCreationContext.createJavaMethod(DomainObjectCreationContext.java:144) ~[archunit-1.3.0.jar:1.3.0]
	at com.tngtech.archunit.core.importer.DomainBuilders$JavaMethodBuilder.construct(DomainBuilders.java:373) ~[archunit-1.3.0.jar:1.3.0]
	at com.tngtech.archunit.core.importer.DomainBuilders$JavaMethodBuilder.construct(DomainBuilders.java:358) ~[archunit-1.3.0.jar:1.3.0]
	at com.tngtech.archunit.core.importer.DomainBuilders$JavaMemberBuilder.build(DomainBuilders.java:206) ~[archunit-1.3.0.jar:1.3.0]
	at com.tngtech.archunit.core.importer.DomainBuilders$JavaMemberBuilder.build(DomainBuilders.java:138) ~[archunit-1.3.0.jar:1.3.0]
	at com.tngtech.archunit.core.importer.DomainBuilders$BuilderWithBuildParameter$BuildFinisher.lambda$build$0(DomainBuilders.java:892) ~[archunit-1.3.0.jar:1.3.0]
	at java.base/java.util.stream.ReferencePipeline$3$1.accept(ReferencePipeline.java:214) ~[na:na]
	at java.base/java.util.stream.ReferencePipeline$2$1.accept(ReferencePipeline.java:197) ~[na:na]
	at java.base/java.util.HashMap$KeySpliterator.forEachRemaining(HashMap.java:1741) ~[na:na]
	at java.base/java.util.stream.AbstractPipeline.copyInto(AbstractPipeline.java:570) ~[na:na]
	at java.base/java.util.stream.AbstractPipeline.wrapAndCopyInto(AbstractPipeline.java:560) ~[na:na]
	at java.base/java.util.stream.ReduceOps$ReduceOp.evaluateSequential(ReduceOps.java:921) ~[na:na]
	at java.base/java.util.stream.AbstractPipeline.evaluate(AbstractPipeline.java:265) ~[na:na]
	at java.base/java.util.stream.ReferencePipeline.collect(ReferencePipeline.java:723) ~[na:na]
	at com.tngtech.archunit.core.importer.DomainBuilders$BuilderWithBuildParameter$BuildFinisher.build(DomainBuilders.java:892) ~[archunit-1.3.0.jar:1.3.0]
	at com.tngtech.archunit.core.importer.ClassGraphCreator.createMethods(ClassGraphCreator.java:322) ~[archunit-1.3.0.jar:1.3.0]
	at com.tngtech.archunit.core.domain.JavaClassMembers.create(JavaClassMembers.java:352) ~[archunit-1.3.0.jar:1.3.0]
	at com.tngtech.archunit.core.domain.JavaClass.completeMembers(JavaClass.java:1477) ~[archunit-1.3.0.jar:1.3.0]
	at com.tngtech.archunit.core.domain.DomainObjectCreationContext.completeMembers(DomainObjectCreationContext.java:96) ~[archunit-1.3.0.jar:1.3.0]
	at com.tngtech.archunit.core.importer.ClassGraphCreator.completeClasses(ClassGraphCreator.java:120) ~[archunit-1.3.0.jar:1.3.0]
	at com.tngtech.archunit.core.importer.ClassGraphCreator.complete(ClassGraphCreator.java:108) ~[archunit-1.3.0.jar:1.3.0]
	at com.tngtech.archunit.core.importer.ClassFileProcessor.process(ClassFileProcessor.java:75) ~[archunit-1.3.0.jar:1.3.0]
	at com.tngtech.archunit.core.importer.ClassFileImporter.importLocations(ClassFileImporter.java:325) ~[archunit-1.3.0.jar:1.3.0]
	at com.tngtech.archunit.junit.internal.ClassCache$CacheClassFileImporter.importClasses(ClassCache.java:126) ~[archunit-junit5-engine-1.3.0.jar:1.3.0]
	at com.tngtech.archunit.junit.internal.ClassCache$LazyJavaClasses.initialize(ClassCache.java:118) ~[archunit-junit5-engine-1.3.0.jar:1.3.0]
	at com.tngtech.archunit.junit.internal.ClassCache$LazyJavaClasses.get(ClassCache.java:107) ~[archunit-junit5-engine-1.3.0.jar:1.3.0]
	at com.tngtech.archunit.junit.internal.ClassCache.getClassesToAnalyzeFor(ClassCache.java:84) ~[archunit-junit5-engine-1.3.0.jar:1.3.0]
	at com.tngtech.archunit.junit.internal.ArchUnitTestDescriptor.lambda$createChildren$1(ArchUnitTestDescriptor.java:90) ~[archunit-junit5-engine-1.3.0.jar:1.3.0]
	at com.tngtech.archunit.junit.internal.ArchUnitTestDescriptor$ArchUnitRuleDescriptor.execute(ArchUnitTestDescriptor.java:167) ~[archunit-junit5-engine-1.3.0.jar:1.3.0]
	at com.tngtech.archunit.junit.internal.ArchUnitTestDescriptor$ArchUnitRuleDescriptor.execute(ArchUnitTestDescriptor.java:150) ~[archunit-junit5-engine-1.3.0.jar:1.3.0]
	at org.junit.platform.engine.support.hierarchical.NodeTestTask.lambda$executeRecursively$2(NodeTestTask.java:176) ~[junit-platform-engine-6.0.1.jar:6.0.1]
	at org.junit.platform.engine.support.hierarchical.ThrowableCollector.execute(ThrowableCollector.java:74) ~[junit-platform-engine-6.0.1.jar:6.0.1]
	at org.junit.platform.engine.support.hierarchical.NodeTestTask.lambda$executeRecursively$1(NodeTestTask.java:166) ~[junit-platform-engine-6.0.1.jar:6.0.1]
	at org.junit.platform.engine.support.hierarchical.Node.around(Node.java:138) ~[junit-platform-engine-6.0.1.jar:6.0.1]
	at org.junit.platform.engine.support.hierarchical.NodeTestTask.lambda$executeRecursively$0(NodeTestTask.java:164) ~[junit-platform-engine-6.0.1.jar:6.0.1]
	at org.junit.platform.engine.support.hierarchical.ThrowableCollector.execute(ThrowableCollector.java:74) ~[junit-platform-engine-6.0.1.jar:6.0.1]
	at org.junit.platform.engine.support.hierarchical.NodeTestTask.executeRecursively(NodeTestTask.java:163) ~[junit-platform-engine-6.0.1.jar:6.0.1]
	at org.junit.platform.engine.support.hierarchical.NodeTestTask.execute(NodeTestTask.java:116) ~[junit-platform-engine-6.0.1.jar:6.0.1]
	at java.base/java.util.ArrayList.forEach(ArrayList.java:1612) ~[na:na]
	at org.junit.platform.engine.support.hierarchical.SameThreadHierarchicalTestExecutorService.invokeAll(SameThreadHierarchicalTestExecutorService.java:42) ~[junit-platform-engine-6.0.1.jar:6.0.1]
	at org.junit.platform.engine.support.hierarchical.NodeTestTask.lambda$executeRecursively$2(NodeTestTask.java:180) ~[junit-platform-engine-6.0.1.jar:6.0.1]
	at org.junit.platform.engine.support.hierarchical.ThrowableCollector.execute(ThrowableCollector.java:74) ~[junit-platform-engine-6.0.1.jar:6.0.1]
	at org.junit.platform.engine.support.hierarchical.NodeTestTask.lambda$executeRecursively$1(NodeTestTask.java:166) ~[junit-platform-engine-6.0.1.jar:6.0.1]
	at org.junit.platform.engine.support.hierarchical.Node.around(Node.java:138) ~[junit-platform-engine-6.0.1.jar:6.0.1]
	at org.junit.platform.engine.support.hierarchical.NodeTestTask.lambda$executeRecursively$0(NodeTestTask.java:164) ~[junit-platform-engine-6.0.1.jar:6.0.1]
	at org.junit.platform.engine.support.hierarchical.ThrowableCollector.execute(ThrowableCollector.java:74) ~[junit-platform-engine-6.0.1.jar:6.0.1]
	at org.junit.platform.engine.support.hierarchical.NodeTestTask.executeRecursively(NodeTestTask.java:163) ~[junit-platform-engine-6.0.1.jar:6.0.1]
	at org.junit.platform.engine.support.hierarchical.NodeTestTask.execute(NodeTestTask.java:116) ~[junit-platform-engine-6.0.1.jar:6.0.1]
	at java.base/java.util.ArrayList.forEach(ArrayList.java:1612) ~[na:na]
	at org.junit.platform.engine.support.hierarchical.SameThreadHierarchicalTestExecutorService.invokeAll(SameThreadHierarchicalTestExecutorService.java:42) ~[junit-platform-engine-6.0.1.jar:6.0.1]
	at org.junit.platform.engine.support.hierarchical.NodeTestTask.lambda$executeRecursively$2(NodeTestTask.java:180) ~[junit-platform-engine-6.0.1.jar:6.0.1]
	at org.junit.platform.engine.support.hierarchical.ThrowableCollector.execute(ThrowableCollector.java:74) ~[junit-platform-engine-6.0.1.jar:6.0.1]
	at org.junit.platform.engine.support.hierarchical.NodeTestTask.lambda$executeRecursively$1(NodeTestTask.java:166) ~[junit-platform-engine-6.0.1.jar:6.0.1]
	at org.junit.platform.engine.support.hierarchical.Node.around(Node.java:138) ~[junit-platform-engine-6.0.1.jar:6.0.1]
	at org.junit.platform.engine.support.hierarchical.NodeTestTask.lambda$executeRecursively$0(NodeTestTask.java:164) ~[junit-platform-engine-6.0.1.jar:6.0.1]
	at org.junit.platform.engine.support.hierarchical.ThrowableCollector.execute(ThrowableCollector.java:74) ~[junit-platform-engine-6.0.1.jar:6.0.1]
	at org.junit.platform.engine.support.hierarchical.NodeTestTask.executeRecursively(NodeTestTask.java:163) ~[junit-platform-engine-6.0.1.jar:6.0.1]
	at org.junit.platform.engine.support.hierarchical.NodeTestTask.execute(NodeTestTask.java:116) ~[junit-platform-engine-6.0.1.jar:6.0.1]
	at org.junit.platform.engine.support.hierarchical.SameThreadHierarchicalTestExecutorService.submit(SameThreadHierarchicalTestExecutorService.java:36) ~[junit-platform-engine-6.0.1.jar:6.0.1]
	at org.junit.platform.engine.support.hierarchical.HierarchicalTestExecutor.execute(HierarchicalTestExecutor.java:52) ~[junit-platform-engine-6.0.1.jar:6.0.1]
	at org.junit.platform.engine.support.hierarchical.HierarchicalTestEngine.execute(HierarchicalTestEngine.java:58) ~[junit-platform-engine-6.0.1.jar:6.0.1]
	at org.junit.platform.launcher.core.EngineExecutionOrchestrator.executeEngine(EngineExecutionOrchestrator.java:246) ~[junit-platform-launcher-6.0.1.jar:6.0.1]
	at org.junit.platform.launcher.core.EngineExecutionOrchestrator.failOrExecuteEngine(EngineExecutionOrchestrator.java:218) ~[junit-platform-launcher-6.0.1.jar:6.0.1]
	at org.junit.platform.launcher.core.EngineExecutionOrchestrator.execute(EngineExecutionOrchestrator.java:179) ~[junit-platform-launcher-6.0.1.jar:6.0.1]
	at org.junit.platform.launcher.core.EngineExecutionOrchestrator.execute(EngineExecutionOrchestrator.java:108) ~[junit-platform-launcher-6.0.1.jar:6.0.1]
	at org.junit.platform.launcher.core.EngineExecutionOrchestrator.lambda$execute$0(EngineExecutionOrchestrator.java:66) ~[junit-platform-launcher-6.0.1.jar:6.0.1]
	at org.junit.platform.launcher.core.EngineExecutionOrchestrator.withInterceptedStreams(EngineExecutionOrchestrator.java:157) ~[junit-platform-launcher-6.0.1.jar:6.0.1]
	at org.junit.platform.launcher.core.EngineExecutionOrchestrator.execute(EngineExecutionOrchestrator.java:65) ~[junit-platform-launcher-6.0.1.jar:6.0.1]
	at org.junit.platform.launcher.core.DefaultLauncher.execute(DefaultLauncher.java:125) ~[junit-platform-launcher-6.0.1.jar:6.0.1]
	at org.junit.platform.launcher.core.DefaultLauncher.execute(DefaultLauncher.java:114) ~[junit-platform-launcher-6.0.1.jar:6.0.1]
	at org.junit.platform.launcher.core.DelegatingLauncher.execute(DelegatingLauncher.java:58) ~[junit-platform-launcher-6.0.1.jar:6.0.1]
	at org.junit.platform.launcher.core.InterceptingLauncher.lambda$execute$2(InterceptingLauncher.java:57) ~[junit-platform-launcher-6.0.1.jar:6.0.1]
	at org.junit.platform.launcher.core.ClasspathAlignmentCheckingLauncherInterceptor.intercept(ClasspathAlignmentCheckingLauncherInterceptor.java:25) ~[junit-platform-launcher-6.0.1.jar:6.0.1]
	at org.junit.platform.launcher.core.InterceptingLauncher.execute(InterceptingLauncher.java:56) ~[junit-platform-launcher-6.0.1.jar:6.0.1]
	at org.junit.platform.launcher.core.DelegatingLauncher.execute(DelegatingLauncher.java:58) ~[junit-platform-launcher-6.0.1.jar:6.0.1]
	at java.base/jdk.internal.reflect.DirectMethodHandleAccessor.invoke(DirectMethodHandleAccessor.java:104) ~[na:na]
	at java.base/java.lang.reflect.Method.invoke(Method.java:583) ~[na:na]
	at org.apache.maven.surefire.api.util.ReflectionUtils.invokeMethodWithArray(ReflectionUtils.java:125) ~[surefire-api-3.5.4.jar:3.5.4]
	at org.apache.maven.surefire.junitplatform.LauncherAdapter.executeWithCancellationToken(LauncherAdapter.java:68) ~[surefire-junit-platform-3.5.4.jar:3.5.4]
	at org.apache.maven.surefire.junitplatform.LauncherAdapter.execute(LauncherAdapter.java:54) ~[surefire-junit-platform-3.5.4.jar:3.5.4]
	at org.apache.maven.surefire.junitplatform.JUnitPlatformProvider.execute(JUnitPlatformProvider.java:203) ~[surefire-junit-platform-3.5.4.jar:3.5.4]
	at org.apache.maven.surefire.junitplatform.JUnitPlatformProvider.invokeAllTests(JUnitPlatformProvider.java:168) ~[surefire-junit-platform-3.5.4.jar:3.5.4]
	at org.apache.maven.surefire.junitplatform.JUnitPlatformProvider.invoke(JUnitPlatformProvider.java:136) ~[surefire-junit-platform-3.5.4.jar:3.5.4]
	at org.apache.maven.surefire.booter.ForkedBooter.runSuitesInProcess(ForkedBooter.java:385) ~[surefire-booter-3.5.4.jar:3.5.4]
	at org.apache.maven.surefire.booter.ForkedBooter.execute(ForkedBooter.java:162) ~[surefire-booter-3.5.4.jar:3.5.4]
	at org.apache.maven.surefire.booter.ForkedBooter.run(ForkedBooter.java:507) ~[surefire-booter-3.5.4.jar:3.5.4]
	at org.apache.maven.surefire.booter.ForkedBooter.main(ForkedBooter.java:495) ~[surefire-booter-3.5.4.jar:3.5.4]

2026-10-02T23:36:46.167+01:00  WARN 32244 --- [archunit-hexagonal] [           main] c.t.a.core.importer.ClassFileProcessor   : Error during import from jrt:/java.base/java/util/Map.class, falling back to simple import

java.lang.IllegalArgumentException: Unsupported class file major version 71
	at com.tngtech.archunit.thirdparty.org.objectweb.asm.ClassReader.<init>(ClassReader.java:200) ~[archunit-1.3.0.jar:1.3.0]
	at com.tngtech.archunit.thirdparty.org.objectweb.asm.ClassReader.<init>(ClassReader.java:180) ~[archunit-1.3.0.jar:1.3.0]
	at com.tngtech.archunit.thirdparty.org.objectweb.asm.ClassReader.<init>(ClassReader.java:166) ~[archunit-1.3.0.jar:1.3.0]
	at com.tngtech.archunit.thirdparty.org.objectweb.asm.ClassReader.<init>(ClassReader.java:288) ~[archunit-1.3.0.jar:1.3.0]
	at com.tngtech.archunit.core.importer.ClassFileProcessor$UriImporterOfProcessor.tryImport(ClassFileProcessor.java:350) ~[archunit-1.3.0.jar:1.3.0]
	at com.tngtech.archunit.core.importer.resolvers.ClassResolverFromClasspath.tryResolve(ClassResolverFromClasspath.java:51) ~[archunit-1.3.0.jar:1.3.0]
	at com.tngtech.archunit.core.importer.ImportedClasses.resolve(ImportedClasses.java:80) ~[archunit-1.3.0.jar:1.3.0]
	at com.tngtech.archunit.core.importer.ImportedClasses.getOrResolve(ImportedClasses.java:67) ~[archunit-1.3.0.jar:1.3.0]
	at com.tngtech.archunit.core.importer.DomainBuilders$JavaMemberBuilder.get(DomainBuilders.java:179) ~[archunit-1.3.0.jar:1.3.0]
	at com.tngtech.archunit.core.importer.DomainBuilders$JavaCodeUnitBuilder.getRawReturnType(DomainBuilders.java:289) ~[archunit-1.3.0.jar:1.3.0]
	at com.tngtech.archunit.core.domain.JavaCodeUnit$ReturnType.<init>(JavaCodeUnit.java:367) ~[archunit-1.3.0.jar:1.3.0]
	at com.tngtech.archunit.core.domain.JavaCodeUnit.<init>(JavaCodeUnit.java:81) ~[archunit-1.3.0.jar:1.3.0]
	at com.tngtech.archunit.core.domain.JavaMethod.<init>(JavaMethod.java:44) ~[archunit-1.3.0.jar:1.3.0]
	at com.tngtech.archunit.core.domain.DomainObjectCreationContext.createJavaMethod(DomainObjectCreationContext.java:144) ~[archunit-1.3.0.jar:1.3.0]
	at com.tngtech.archunit.core.importer.DomainBuilders$JavaMethodBuilder.construct(DomainBuilders.java:373) ~[archunit-1.3.0.jar:1.3.0]
	at com.tngtech.archunit.core.importer.DomainBuilders$JavaMethodBuilder.construct(DomainBuilders.java:358) ~[archunit-1.3.0.jar:1.3.0]
	at com.tngtech.archunit.core.importer.DomainBuilders$JavaMemberBuilder.build(DomainBuilders.java:206) ~[archunit-1.3.0.jar:1.3.0]
	at com.tngtech.archunit.core.importer.DomainBuilders$JavaMemberBuilder.build(DomainBuilders.java:138) ~[archunit-1.3.0.jar:1.3.0]
	at com.tngtech.archunit.core.importer.DomainBuilders$BuilderWithBuildParameter$BuildFinisher.lambda$build$0(DomainBuilders.java:892) ~[archunit-1.3.0.jar:1.3.0]
	at java.base/java.util.stream.ReferencePipeline$3$1.accept(ReferencePipeline.java:214) ~[na:na]
	at java.base/java.util.stream.ReferencePipeline$2$1.accept(ReferencePipeline.java:197) ~[na:na]
	at java.base/java.util.HashMap$KeySpliterator.forEachRemaining(HashMap.java:1741) ~[na:na]
	at java.base/java.util.stream.AbstractPipeline.copyInto(AbstractPipeline.java:570) ~[na:na]
	at java.base/java.util.stream.AbstractPipeline.wrapAndCopyInto(AbstractPipeline.java:560) ~[na:na]
	at java.base/java.util.stream.ReduceOps$ReduceOp.evaluateSequential(ReduceOps.java:921) ~[na:na]
	at java.base/java.util.stream.AbstractPipeline.evaluate(AbstractPipeline.java:265) ~[na:na]
	at java.base/java.util.stream.ReferencePipeline.collect(ReferencePipeline.java:723) ~[na:na]
	at com.tngtech.archunit.core.importer.DomainBuilders$BuilderWithBuildParameter$BuildFinisher.build(DomainBuilders.java:892) ~[archunit-1.3.0.jar:1.3.0]
	at com.tngtech.archunit.core.importer.ClassGraphCreator.createMethods(ClassGraphCreator.java:322) ~[archunit-1.3.0.jar:1.3.0]
	at com.tngtech.archunit.core.domain.JavaClassMembers.create(JavaClassMembers.java:352) ~[archunit-1.3.0.jar:1.3.0]
	at com.tngtech.archunit.core.domain.JavaClass.completeMembers(JavaClass.java:1477) ~[archunit-1.3.0.jar:1.3.0]
	at com.tngtech.archunit.core.domain.DomainObjectCreationContext.completeMembers(DomainObjectCreationContext.java:96) ~[archunit-1.3.0.jar:1.3.0]
	at com.tngtech.archunit.core.importer.ClassGraphCreator.completeClasses(ClassGraphCreator.java:120) ~[archunit-1.3.0.jar:1.3.0]
	at com.tngtech.archunit.core.importer.ClassGraphCreator.complete(ClassGraphCreator.java:108) ~[archunit-1.3.0.jar:1.3.0]
	at com.tngtech.archunit.core.importer.ClassFileProcessor.process(ClassFileProcessor.java:75) ~[archunit-1.3.0.jar:1.3.0]
	at com.tngtech.archunit.core.importer.ClassFileImporter.importLocations(ClassFileImporter.java:325) ~[archunit-1.3.0.jar:1.3.0]
	at com.tngtech.archunit.junit.internal.ClassCache$CacheClassFileImporter.importClasses(ClassCache.java:126) ~[archunit-junit5-engine-1.3.0.jar:1.3.0]
	at com.tngtech.archunit.junit.internal.ClassCache$LazyJavaClasses.initialize(ClassCache.java:118) ~[archunit-junit5-engine-1.3.0.jar:1.3.0]
	at com.tngtech.archunit.junit.internal.ClassCache$LazyJavaClasses.get(ClassCache.java:107) ~[archunit-junit5-engine-1.3.0.jar:1.3.0]
	at com.tngtech.archunit.junit.internal.ClassCache.getClassesToAnalyzeFor(ClassCache.java:84) ~[archunit-junit5-engine-1.3.0.jar:1.3.0]
	at com.tngtech.archunit.junit.internal.ArchUnitTestDescriptor.lambda$createChildren$1(ArchUnitTestDescriptor.java:90) ~[archunit-junit5-engine-1.3.0.jar:1.3.0]
	at com.tngtech.archunit.junit.internal.ArchUnitTestDescriptor$ArchUnitRuleDescriptor.execute(ArchUnitTestDescriptor.java:167) ~[archunit-junit5-engine-1.3.0.jar:1.3.0]
	at com.tngtech.archunit.junit.internal.ArchUnitTestDescriptor$ArchUnitRuleDescriptor.execute(ArchUnitTestDescriptor.java:150) ~[archunit-junit5-engine-1.3.0.jar:1.3.0]
	at org.junit.platform.engine.support.hierarchical.NodeTestTask.lambda$executeRecursively$2(NodeTestTask.java:176) ~[junit-platform-engine-6.0.1.jar:6.0.1]
	at org.junit.platform.engine.support.hierarchical.ThrowableCollector.execute(ThrowableCollector.java:74) ~[junit-platform-engine-6.0.1.jar:6.0.1]
	at org.junit.platform.engine.support.hierarchical.NodeTestTask.lambda$executeRecursively$1(NodeTestTask.java:166) ~[junit-platform-engine-6.0.1.jar:6.0.1]
	at org.junit.platform.engine.support.hierarchical.Node.around(Node.java:138) ~[junit-platform-engine-6.0.1.jar:6.0.1]
	at org.junit.platform.engine.support.hierarchical.NodeTestTask.lambda$executeRecursively$0(NodeTestTask.java:164) ~[junit-platform-engine-6.0.1.jar:6.0.1]
	at org.junit.platform.engine.support.hierarchical.ThrowableCollector.execute(ThrowableCollector.java:74) ~[junit-platform-engine-6.0.1.jar:6.0.1]
	at org.junit.platform.engine.support.hierarchical.NodeTestTask.executeRecursively(NodeTestTask.java:163) ~[junit-platform-engine-6.0.1.jar:6.0.1]
	at org.junit.platform.engine.support.hierarchical.NodeTestTask.execute(NodeTestTask.java:116) ~[junit-platform-engine-6.0.1.jar:6.0.1]
	at java.base/java.util.ArrayList.forEach(ArrayList.java:1612) ~[na:na]
	at org.junit.platform.engine.support.hierarchical.SameThreadHierarchicalTestExecutorService.invokeAll(SameThreadHierarchicalTestExecutorService.java:42) ~[junit-platform-engine-6.0.1.jar:6.0.1]
	at org.junit.platform.engine.support.hierarchical.NodeTestTask.lambda$executeRecursively$2(NodeTestTask.java:180) ~[junit-platform-engine-6.0.1.jar:6.0.1]
	at org.junit.platform.engine.support.hierarchical.ThrowableCollector.execute(ThrowableCollector.java:74) ~[junit-platform-engine-6.0.1.jar:6.0.1]
	at org.junit.platform.engine.support.hierarchical.NodeTestTask.lambda$executeRecursively$1(NodeTestTask.java:166) ~[junit-platform-engine-6.0.1.jar:6.0.1]
	at org.junit.platform.engine.support.hierarchical.Node.around(Node.java:138) ~[junit-platform-engine-6.0.1.jar:6.0.1]
	at org.junit.platform.engine.support.hierarchical.NodeTestTask.lambda$executeRecursively$0(NodeTestTask.java:164) ~[junit-platform-engine-6.0.1.jar:6.0.1]
	at org.junit.platform.engine.support.hierarchical.ThrowableCollector.execute(ThrowableCollector.java:74) ~[junit-platform-engine-6.0.1.jar:6.0.1]
	at org.junit.platform.engine.support.hierarchical.NodeTestTask.executeRecursively(NodeTestTask.java:163) ~[junit-platform-engine-6.0.1.jar:6.0.1]
	at org.junit.platform.engine.support.hierarchical.NodeTestTask.execute(NodeTestTask.java:116) ~[junit-platform-engine-6.0.1.jar:6.0.1]
	at java.base/java.util.ArrayList.forEach(ArrayList.java:1612) ~[na:na]
	at org.junit.platform.engine.support.hierarchical.SameThreadHierarchicalTestExecutorService.invokeAll(SameThreadHierarchicalTestExecutorService.java:42) ~[junit-platform-engine-6.0.1.jar:6.0.1]
	at org.junit.platform.engine.support.hierarchical.NodeTestTask.lambda$executeRecursively$2(NodeTestTask.java:180) ~[junit-platform-engine-6.0.1.jar:6.0.1]
	at org.junit.platform.engine.support.hierarchical.ThrowableCollector.execute(ThrowableCollector.java:74) ~[junit-platform-engine-6.0.1.jar:6.0.1]
	at org.junit.platform.engine.support.hierarchical.NodeTestTask.lambda$executeRecursively$1(NodeTestTask.java:166) ~[junit-platform-engine-6.0.1.jar:6.0.1]
	at org.junit.platform.engine.support.hierarchical.Node.around(Node.java:138) ~[junit-platform-engine-6.0.1.jar:6.0.1]
	at org.junit.platform.engine.support.hierarchical.NodeTestTask.lambda$executeRecursively$0(NodeTestTask.java:164) ~[junit-platform-engine-6.0.1.jar:6.0.1]
	at org.junit.platform.engine.support.hierarchical.ThrowableCollector.execute(ThrowableCollector.java:74) ~[junit-platform-engine-6.0.1.jar:6.0.1]
	at org.junit.platform.engine.support.hierarchical.NodeTestTask.executeRecursively(NodeTestTask.java:163) ~[junit-platform-engine-6.0.1.jar:6.0.1]
	at org.junit.platform.engine.support.hierarchical.NodeTestTask.execute(NodeTestTask.java:116) ~[junit-platform-engine-6.0.1.jar:6.0.1]
	at org.junit.platform.engine.support.hierarchical.SameThreadHierarchicalTestExecutorService.submit(SameThreadHierarchicalTestExecutorService.java:36) ~[junit-platform-engine-6.0.1.jar:6.0.1]
	at org.junit.platform.engine.support.hierarchical.HierarchicalTestExecutor.execute(HierarchicalTestExecutor.java:52) ~[junit-platform-engine-6.0.1.jar:6.0.1]
	at org.junit.platform.engine.support.hierarchical.HierarchicalTestEngine.execute(HierarchicalTestEngine.java:58) ~[junit-platform-engine-6.0.1.jar:6.0.1]
	at org.junit.platform.launcher.core.EngineExecutionOrchestrator.executeEngine(EngineExecutionOrchestrator.java:246) ~[junit-platform-launcher-6.0.1.jar:6.0.1]
	at org.junit.platform.launcher.core.EngineExecutionOrchestrator.failOrExecuteEngine(EngineExecutionOrchestrator.java:218) ~[junit-platform-launcher-6.0.1.jar:6.0.1]
	at org.junit.platform.launcher.core.EngineExecutionOrchestrator.execute(EngineExecutionOrchestrator.java:179) ~[junit-platform-launcher-6.0.1.jar:6.0.1]
	at org.junit.platform.launcher.core.EngineExecutionOrchestrator.execute(EngineExecutionOrchestrator.java:108) ~[junit-platform-launcher-6.0.1.jar:6.0.1]
	at org.junit.platform.launcher.core.EngineExecutionOrchestrator.lambda$execute$0(EngineExecutionOrchestrator.java:66) ~[junit-platform-launcher-6.0.1.jar:6.0.1]
	at org.junit.platform.launcher.core.EngineExecutionOrchestrator.withInterceptedStreams(EngineExecutionOrchestrator.java:157) ~[junit-platform-launcher-6.0.1.jar:6.0.1]
	at org.junit.platform.launcher.core.EngineExecutionOrchestrator.execute(EngineExecutionOrchestrator.java:65) ~[junit-platform-launcher-6.0.1.jar:6.0.1]
	at org.junit.platform.launcher.core.DefaultLauncher.execute(DefaultLauncher.java:125) ~[junit-platform-launcher-6.0.1.jar:6.0.1]
	at org.junit.platform.launcher.core.DefaultLauncher.execute(DefaultLauncher.java:114) ~[junit-platform-launcher-6.0.1.jar:6.0.1]
	at org.junit.platform.launcher.core.DelegatingLauncher.execute(DelegatingLauncher.java:58) ~[junit-platform-launcher-6.0.1.jar:6.0.1]
	at org.junit.platform.launcher.core.InterceptingLauncher.lambda$execute$2(InterceptingLauncher.java:57) ~[junit-platform-launcher-6.0.1.jar:6.0.1]
	at org.junit.platform.launcher.core.ClasspathAlignmentCheckingLauncherInterceptor.intercept(ClasspathAlignmentCheckingLauncherInterceptor.java:25) ~[junit-platform-launcher-6.0.1.jar:6.0.1]
	at org.junit.platform.launcher.core.InterceptingLauncher.execute(InterceptingLauncher.java:56) ~[junit-platform-launcher-6.0.1.jar:6.0.1]
	at org.junit.platform.launcher.core.DelegatingLauncher.execute(DelegatingLauncher.java:58) ~[junit-platform-launcher-6.0.1.jar:6.0.1]
	at java.base/jdk.internal.reflect.DirectMethodHandleAccessor.invoke(DirectMethodHandleAccessor.java:104) ~[na:na]
	at java.base/java.lang.reflect.Method.invoke(Method.java:583) ~[na:na]
	at org.apache.maven.surefire.api.util.ReflectionUtils.invokeMethodWithArray(ReflectionUtils.java:125) ~[surefire-api-3.5.4.jar:3.5.4]
	at org.apache.maven.surefire.junitplatform.LauncherAdapter.executeWithCancellationToken(LauncherAdapter.java:68) ~[surefire-junit-platform-3.5.4.jar:3.5.4]
	at org.apache.maven.surefire.junitplatform.LauncherAdapter.execute(LauncherAdapter.java:54) ~[surefire-junit-platform-3.5.4.jar:3.5.4]
	at org.apache.maven.surefire.junitplatform.JUnitPlatformProvider.execute(JUnitPlatformProvider.java:203) ~[surefire-junit-platform-3.5.4.jar:3.5.4]
	at org.apache.maven.surefire.junitplatform.JUnitPlatformProvider.invokeAllTests(JUnitPlatformProvider.java:168) ~[surefire-junit-platform-3.5.4.jar:3.5.4]
	at org.apache.maven.surefire.junitplatform.JUnitPlatformProvider.invoke(JUnitPlatformProvider.java:136) ~[surefire-junit-platform-3.5.4.jar:3.5.4]
	at org.apache.maven.surefire.booter.ForkedBooter.runSuitesInProcess(ForkedBooter.java:385) ~[surefire-booter-3.5.4.jar:3.5.4]
	at org.apache.maven.surefire.booter.ForkedBooter.execute(ForkedBooter.java:162) ~[surefire-booter-3.5.4.jar:3.5.4]
	at org.apache.maven.surefire.booter.ForkedBooter.run(ForkedBooter.java:507) ~[surefire-booter-3.5.4.jar:3.5.4]
	at org.apache.maven.surefire.booter.ForkedBooter.main(ForkedBooter.java:495) ~[surefire-booter-3.5.4.jar:3.5.4]

2026-10-02T23:36:46.171+01:00  WARN 32244 --- [archunit-hexagonal] [           main] c.t.a.core.importer.ClassFileProcessor   : Error during import from jrt:/java.base/java/util/Set.class, falling back to simple import

java.lang.IllegalArgumentException: Unsupported class file major version 71
	at com.tngtech.archunit.thirdparty.org.objectweb.asm.ClassReader.<init>(ClassReader.java:200) ~[archunit-1.3.0.jar:1.3.0]
	at com.tngtech.archunit.thirdparty.org.objectweb.asm.ClassReader.<init>(ClassReader.java:180) ~[archunit-1.3.0.jar:1.3.0]
	at com.tngtech.archunit.thirdparty.org.objectweb.asm.ClassReader.<init>(ClassReader.java:166) ~[archunit-1.3.0.jar:1.3.0]
	at com.tngtech.archunit.thirdparty.org.objectweb.asm.ClassReader.<init>(ClassReader.java:288) ~[archunit-1.3.0.jar:1.3.0]
	at com.tngtech.archunit.core.importer.ClassFileProcessor$UriImporterOfProcessor.tryImport(ClassFileProcessor.java:350) ~[archunit-1.3.0.jar:1.3.0]
	at com.tngtech.archunit.core.importer.resolvers.ClassResolverFromClasspath.tryResolve(ClassResolverFromClasspath.java:51) ~[archunit-1.3.0.jar:1.3.0]
	at com.tngtech.archunit.core.importer.ImportedClasses.resolve(ImportedClasses.java:80) ~[archunit-1.3.0.jar:1.3.0]
	at com.tngtech.archunit.core.importer.ImportedClasses.getOrResolve(ImportedClasses.java:67) ~[archunit-1.3.0.jar:1.3.0]
	at com.tngtech.archunit.core.importer.DomainBuilders$JavaMemberBuilder.get(DomainBuilders.java:179) ~[archunit-1.3.0.jar:1.3.0]
	at com.tngtech.archunit.core.importer.DomainBuilders$JavaCodeUnitBuilder.getRawReturnType(DomainBuilders.java:289) ~[archunit-1.3.0.jar:1.3.0]
	at com.tngtech.archunit.core.domain.JavaCodeUnit$ReturnType.<init>(JavaCodeUnit.java:367) ~[archunit-1.3.0.jar:1.3.0]
	at com.tngtech.archunit.core.domain.JavaCodeUnit.<init>(JavaCodeUnit.java:81) ~[archunit-1.3.0.jar:1.3.0]
	at com.tngtech.archunit.core.domain.JavaMethod.<init>(JavaMethod.java:44) ~[archunit-1.3.0.jar:1.3.0]
	at com.tngtech.archunit.core.domain.DomainObjectCreationContext.createJavaMethod(DomainObjectCreationContext.java:144) ~[archunit-1.3.0.jar:1.3.0]
	at com.tngtech.archunit.core.importer.DomainBuilders$JavaMethodBuilder.construct(DomainBuilders.java:373) ~[archunit-1.3.0.jar:1.3.0]
	at com.tngtech.archunit.core.importer.DomainBuilders$JavaMethodBuilder.construct(DomainBuilders.java:358) ~[archunit-1.3.0.jar:1.3.0]
	at com.tngtech.archunit.core.importer.DomainBuilders$JavaMemberBuilder.build(DomainBuilders.java:206) ~[archunit-1.3.0.jar:1.3.0]
	at com.tngtech.archunit.core.importer.DomainBuilders$JavaMemberBuilder.build(DomainBuilders.java:138) ~[archunit-1.3.0.jar:1.3.0]
	at com.tngtech.archunit.core.importer.DomainBuilders$BuilderWithBuildParameter$BuildFinisher.lambda$build$0(DomainBuilders.java:892) ~[archunit-1.3.0.jar:1.3.0]
	at java.base/java.util.stream.ReferencePipeline$3$1.accept(ReferencePipeline.java:214) ~[na:na]
	at java.base/java.util.stream.ReferencePipeline$2$1.accept(ReferencePipeline.java:197) ~[na:na]
	at java.base/java.util.HashMap$KeySpliterator.forEachRemaining(HashMap.java:1741) ~[na:na]
	at java.base/java.util.stream.AbstractPipeline.copyInto(AbstractPipeline.java:570) ~[na:na]
	at java.base/java.util.stream.AbstractPipeline.wrapAndCopyInto(AbstractPipeline.java:560) ~[na:na]
	at java.base/java.util.stream.ReduceOps$ReduceOp.evaluateSequential(ReduceOps.java:921) ~[na:na]
	at java.base/java.util.stream.AbstractPipeline.evaluate(AbstractPipeline.java:265) ~[na:na]
	at java.base/java.util.stream.ReferencePipeline.collect(ReferencePipeline.java:723) ~[na:na]
	at com.tngtech.archunit.core.importer.DomainBuilders$BuilderWithBuildParameter$BuildFinisher.build(DomainBuilders.java:892) ~[archunit-1.3.0.jar:1.3.0]
	at com.tngtech.archunit.core.importer.ClassGraphCreator.createMethods(ClassGraphCreator.java:322) ~[archunit-1.3.0.jar:1.3.0]
	at com.tngtech.archunit.core.domain.JavaClassMembers.create(JavaClassMembers.java:352) ~[archunit-1.3.0.jar:1.3.0]
	at com.tngtech.archunit.core.domain.JavaClass.completeMembers(JavaClass.java:1477) ~[archunit-1.3.0.jar:1.3.0]
	at com.tngtech.archunit.core.domain.DomainObjectCreationContext.completeMembers(DomainObjectCreationContext.java:96) ~[archunit-1.3.0.jar:1.3.0]
	at com.tngtech.archunit.core.importer.ClassGraphCreator.completeClasses(ClassGraphCreator.java:120) ~[archunit-1.3.0.jar:1.3.0]
	at com.tngtech.archunit.core.importer.ClassGraphCreator.complete(ClassGraphCreator.java:108) ~[archunit-1.3.0.jar:1.3.0]
	at com.tngtech.archunit.core.importer.ClassFileProcessor.process(ClassFileProcessor.java:75) ~[archunit-1.3.0.jar:1.3.0]
	at com.tngtech.archunit.core.importer.ClassFileImporter.importLocations(ClassFileImporter.java:325) ~[archunit-1.3.0.jar:1.3.0]
	at com.tngtech.archunit.junit.internal.ClassCache$CacheClassFileImporter.importClasses(ClassCache.java:126) ~[archunit-junit5-engine-1.3.0.jar:1.3.0]
	at com.tngtech.archunit.junit.internal.ClassCache$LazyJavaClasses.initialize(ClassCache.java:118) ~[archunit-junit5-engine-1.3.0.jar:1.3.0]
	at com.tngtech.archunit.junit.internal.ClassCache$LazyJavaClasses.get(ClassCache.java:107) ~[archunit-junit5-engine-1.3.0.jar:1.3.0]
	at com.tngtech.archunit.junit.internal.ClassCache.getClassesToAnalyzeFor(ClassCache.java:84) ~[archunit-junit5-engine-1.3.0.jar:1.3.0]
	at com.tngtech.archunit.junit.internal.ArchUnitTestDescriptor.lambda$createChildren$1(ArchUnitTestDescriptor.java:90) ~[archunit-junit5-engine-1.3.0.jar:1.3.0]
	at com.tngtech.archunit.junit.internal.ArchUnitTestDescriptor$ArchUnitRuleDescriptor.execute(ArchUnitTestDescriptor.java:167) ~[archunit-junit5-engine-1.3.0.jar:1.3.0]
	at com.tngtech.archunit.junit.internal.ArchUnitTestDescriptor$ArchUnitRuleDescriptor.execute(ArchUnitTestDescriptor.java:150) ~[archunit-junit5-engine-1.3.0.jar:1.3.0]
	at org.junit.platform.engine.support.hierarchical.NodeTestTask.lambda$executeRecursively$2(NodeTestTask.java:176) ~[junit-platform-engine-6.0.1.jar:6.0.1]
	at org.junit.platform.engine.support.hierarchical.ThrowableCollector.execute(ThrowableCollector.java:74) ~[junit-platform-engine-6.0.1.jar:6.0.1]
	at org.junit.platform.engine.support.hierarchical.NodeTestTask.lambda$executeRecursively$1(NodeTestTask.java:166) ~[junit-platform-engine-6.0.1.jar:6.0.1]
	at org.junit.platform.engine.support.hierarchical.Node.around(Node.java:138) ~[junit-platform-engine-6.0.1.jar:6.0.1]
	at org.junit.platform.engine.support.hierarchical.NodeTestTask.lambda$executeRecursively$0(NodeTestTask.java:164) ~[junit-platform-engine-6.0.1.jar:6.0.1]
	at org.junit.platform.engine.support.hierarchical.ThrowableCollector.execute(ThrowableCollector.java:74) ~[junit-platform-engine-6.0.1.jar:6.0.1]
	at org.junit.platform.engine.support.hierarchical.NodeTestTask.executeRecursively(NodeTestTask.java:163) ~[junit-platform-engine-6.0.1.jar:6.0.1]
	at org.junit.platform.engine.support.hierarchical.NodeTestTask.execute(NodeTestTask.java:116) ~[junit-platform-engine-6.0.1.jar:6.0.1]
	at java.base/java.util.ArrayList.forEach(ArrayList.java:1612) ~[na:na]
	at org.junit.platform.engine.support.hierarchical.SameThreadHierarchicalTestExecutorService.invokeAll(SameThreadHierarchicalTestExecutorService.java:42) ~[junit-platform-engine-6.0.1.jar:6.0.1]
	at org.junit.platform.engine.support.hierarchical.NodeTestTask.lambda$executeRecursively$2(NodeTestTask.java:180) ~[junit-platform-engine-6.0.1.jar:6.0.1]
	at org.junit.platform.engine.support.hierarchical.ThrowableCollector.execute(ThrowableCollector.java:74) ~[junit-platform-engine-6.0.1.jar:6.0.1]
	at org.junit.platform.engine.support.hierarchical.NodeTestTask.lambda$executeRecursively$1(NodeTestTask.java:166) ~[junit-platform-engine-6.0.1.jar:6.0.1]
	at org.junit.platform.engine.support.hierarchical.Node.around(Node.java:138) ~[junit-platform-engine-6.0.1.jar:6.0.1]
	at org.junit.platform.engine.support.hierarchical.NodeTestTask.lambda$executeRecursively$0(NodeTestTask.java:164) ~[junit-platform-engine-6.0.1.jar:6.0.1]
	at org.junit.platform.engine.support.hierarchical.ThrowableCollector.execute(ThrowableCollector.java:74) ~[junit-platform-engine-6.0.1.jar:6.0.1]
	at org.junit.platform.engine.support.hierarchical.NodeTestTask.executeRecursively(NodeTestTask.java:163) ~[junit-platform-engine-6.0.1.jar:6.0.1]
	at org.junit.platform.engine.support.hierarchical.NodeTestTask.execute(NodeTestTask.java:116) ~[junit-platform-engine-6.0.1.jar:6.0.1]
	at java.base/java.util.ArrayList.forEach(ArrayList.java:1612) ~[na:na]
	at org.junit.platform.engine.support.hierarchical.SameThreadHierarchicalTestExecutorService.invokeAll(SameThreadHierarchicalTestExecutorService.java:42) ~[junit-platform-engine-6.0.1.jar:6.0.1]
	at org.junit.platform.engine.support.hierarchical.NodeTestTask.lambda$executeRecursively$2(NodeTestTask.java:180) ~[junit-platform-engine-6.0.1.jar:6.0.1]
	at org.junit.platform.engine.support.hierarchical.ThrowableCollector.execute(ThrowableCollector.java:74) ~[junit-platform-engine-6.0.1.jar:6.0.1]
	at org.junit.platform.engine.support.hierarchical.NodeTestTask.lambda$executeRecursively$1(NodeTestTask.java:166) ~[junit-platform-engine-6.0.1.jar:6.0.1]
	at org.junit.platform.engine.support.hierarchical.Node.around(Node.java:138) ~[junit-platform-engine-6.0.1.jar:6.0.1]
	at org.junit.platform.engine.support.hierarchical.NodeTestTask.lambda$executeRecursively$0(NodeTestTask.java:164) ~[junit-platform-engine-6.0.1.jar:6.0.1]
	at org.junit.platform.engine.support.hierarchical.ThrowableCollector.execute(ThrowableCollector.java:74) ~[junit-platform-engine-6.0.1.jar:6.0.1]
	at org.junit.platform.engine.support.hierarchical.NodeTestTask.executeRecursively(NodeTestTask.java:163) ~[junit-platform-engine-6.0.1.jar:6.0.1]
	at org.junit.platform.engine.support.hierarchical.NodeTestTask.execute(NodeTestTask.java:116) ~[junit-platform-engine-6.0.1.jar:6.0.1]
	at org.junit.platform.engine.support.hierarchical.SameThreadHierarchicalTestExecutorService.submit(SameThreadHierarchicalTestExecutorService.java:36) ~[junit-platform-engine-6.0.1.jar:6.0.1]
	at org.junit.platform.engine.support.hierarchical.HierarchicalTestExecutor.execute(HierarchicalTestExecutor.java:52) ~[junit-platform-engine-6.0.1.jar:6.0.1]
	at org.junit.platform.engine.support.hierarchical.HierarchicalTestEngine.execute(HierarchicalTestEngine.java:58) ~[junit-platform-engine-6.0.1.jar:6.0.1]
	at org.junit.platform.launcher.core.EngineExecutionOrchestrator.executeEngine(EngineExecutionOrchestrator.java:246) ~[junit-platform-launcher-6.0.1.jar:6.0.1]
	at org.junit.platform.launcher.core.EngineExecutionOrchestrator.failOrExecuteEngine(EngineExecutionOrchestrator.java:218) ~[junit-platform-launcher-6.0.1.jar:6.0.1]
	at org.junit.platform.launcher.core.EngineExecutionOrchestrator.execute(EngineExecutionOrchestrator.java:179) ~[junit-platform-launcher-6.0.1.jar:6.0.1]
	at org.junit.platform.launcher.core.EngineExecutionOrchestrator.execute(EngineExecutionOrchestrator.java:108) ~[junit-platform-launcher-6.0.1.jar:6.0.1]
	at org.junit.platform.launcher.core.EngineExecutionOrchestrator.lambda$execute$0(EngineExecutionOrchestrator.java:66) ~[junit-platform-launcher-6.0.1.jar:6.0.1]
	at org.junit.platform.launcher.core.EngineExecutionOrchestrator.withInterceptedStreams(EngineExecutionOrchestrator.java:157) ~[junit-platform-launcher-6.0.1.jar:6.0.1]
	at org.junit.platform.launcher.core.EngineExecutionOrchestrator.execute(EngineExecutionOrchestrator.java:65) ~[junit-platform-launcher-6.0.1.jar:6.0.1]
	at org.junit.platform.launcher.core.DefaultLauncher.execute(DefaultLauncher.java:125) ~[junit-platform-launcher-6.0.1.jar:6.0.1]
	at org.junit.platform.launcher.core.DefaultLauncher.execute(DefaultLauncher.java:114) ~[junit-platform-launcher-6.0.1.jar:6.0.1]
	at org.junit.platform.launcher.core.DelegatingLauncher.execute(DelegatingLauncher.java:58) ~[junit-platform-launcher-6.0.1.jar:6.0.1]
	at org.junit.platform.launcher.core.InterceptingLauncher.lambda$execute$2(InterceptingLauncher.java:57) ~[junit-platform-launcher-6.0.1.jar:6.0.1]
	at org.junit.platform.launcher.core.ClasspathAlignmentCheckingLauncherInterceptor.intercept(ClasspathAlignmentCheckingLauncherInterceptor.java:25) ~[junit-platform-launcher-6.0.1.jar:6.0.1]
	at org.junit.platform.launcher.core.InterceptingLauncher.execute(InterceptingLauncher.java:56) ~[junit-platform-launcher-6.0.1.jar:6.0.1]
	at org.junit.platform.launcher.core.DelegatingLauncher.execute(DelegatingLauncher.java:58) ~[junit-platform-launcher-6.0.1.jar:6.0.1]
	at java.base/jdk.internal.reflect.DirectMethodHandleAccessor.invoke(DirectMethodHandleAccessor.java:104) ~[na:na]
	at java.base/java.lang.reflect.Method.invoke(Method.java:583) ~[na:na]
	at org.apache.maven.surefire.api.util.ReflectionUtils.invokeMethodWithArray(ReflectionUtils.java:125) ~[surefire-api-3.5.4.jar:3.5.4]
	at org.apache.maven.surefire.junitplatform.LauncherAdapter.executeWithCancellationToken(LauncherAdapter.java:68) ~[surefire-junit-platform-3.5.4.jar:3.5.4]
	at org.apache.maven.surefire.junitplatform.LauncherAdapter.execute(LauncherAdapter.java:54) ~[surefire-junit-platform-3.5.4.jar:3.5.4]
	at org.apache.maven.surefire.junitplatform.JUnitPlatformProvider.execute(JUnitPlatformProvider.java:203) ~[surefire-junit-platform-3.5.4.jar:3.5.4]
	at org.apache.maven.surefire.junitplatform.JUnitPlatformProvider.invokeAllTests(JUnitPlatformProvider.java:168) ~[surefire-junit-platform-3.5.4.jar:3.5.4]
	at org.apache.maven.surefire.junitplatform.JUnitPlatformProvider.invoke(JUnitPlatformProvider.java:136) ~[surefire-junit-platform-3.5.4.jar:3.5.4]
	at org.apache.maven.surefire.booter.ForkedBooter.runSuitesInProcess(ForkedBooter.java:385) ~[surefire-booter-3.5.4.jar:3.5.4]
	at org.apache.maven.surefire.booter.ForkedBooter.execute(ForkedBooter.java:162) ~[surefire-booter-3.5.4.jar:3.5.4]
	at org.apache.maven.surefire.booter.ForkedBooter.run(ForkedBooter.java:507) ~[surefire-booter-3.5.4.jar:3.5.4]
	at org.apache.maven.surefire.booter.ForkedBooter.main(ForkedBooter.java:495) ~[surefire-booter-3.5.4.jar:3.5.4]

2026-10-02T23:36:46.181+01:00  WARN 32244 --- [archunit-hexagonal] [           main] c.t.a.core.importer.ClassFileProcessor   : Error during import from jrt:/java.base/java/lang/ThreadLocal.class, falling back to simple import

java.lang.IllegalArgumentException: Unsupported class file major version 71
	at com.tngtech.archunit.thirdparty.org.objectweb.asm.ClassReader.<init>(ClassReader.java:200) ~[archunit-1.3.0.jar:1.3.0]
	at com.tngtech.archunit.thirdparty.org.objectweb.asm.ClassReader.<init>(ClassReader.java:180) ~[archunit-1.3.0.jar:1.3.0]
	at com.tngtech.archunit.thirdparty.org.objectweb.asm.ClassReader.<init>(ClassReader.java:166) ~[archunit-1.3.0.jar:1.3.0]
	at com.tngtech.archunit.thirdparty.org.objectweb.asm.ClassReader.<init>(ClassReader.java:288) ~[archunit-1.3.0.jar:1.3.0]
	at com.tngtech.archunit.core.importer.ClassFileProcessor$UriImporterOfProcessor.tryImport(ClassFileProcessor.java:350) ~[archunit-1.3.0.jar:1.3.0]
	at com.tngtech.archunit.core.importer.resolvers.ClassResolverFromClasspath.tryResolve(ClassResolverFromClasspath.java:51) ~[archunit-1.3.0.jar:1.3.0]
	at com.tngtech.archunit.core.importer.ImportedClasses.resolve(ImportedClasses.java:80) ~[archunit-1.3.0.jar:1.3.0]
	at com.tngtech.archunit.core.importer.ImportedClasses.getOrResolve(ImportedClasses.java:67) ~[archunit-1.3.0.jar:1.3.0]
	at com.tngtech.archunit.core.importer.DomainBuilders$JavaParameterizedTypeBuilder.build(DomainBuilders.java:845) ~[archunit-1.3.0.jar:1.3.0]
	at com.tngtech.archunit.core.importer.SignatureTypeArgumentProcessor$NewJavaTypeCreationProcess.finish(SignatureTypeArgumentProcessor.java:170) ~[archunit-1.3.0.jar:1.3.0]
	at com.tngtech.archunit.core.importer.SignatureTypeArgumentProcessor$NewJavaTypeCreationProcess.finish(SignatureTypeArgumentProcessor.java:155) ~[archunit-1.3.0.jar:1.3.0]
	at com.tngtech.archunit.core.importer.DomainBuilders$JavaFieldBuilder.getType(DomainBuilders.java:226) ~[archunit-1.3.0.jar:1.3.0]
	at com.tngtech.archunit.core.domain.JavaField.<init>(JavaField.java:40) ~[archunit-1.3.0.jar:1.3.0]
	at com.tngtech.archunit.core.domain.DomainObjectCreationContext.createJavaField(DomainObjectCreationContext.java:108) ~[archunit-1.3.0.jar:1.3.0]
	at com.tngtech.archunit.core.importer.DomainBuilders$JavaFieldBuilder.construct(DomainBuilders.java:236) ~[archunit-1.3.0.jar:1.3.0]
	at com.tngtech.archunit.core.importer.DomainBuilders$JavaFieldBuilder.construct(DomainBuilders.java:210) ~[archunit-1.3.0.jar:1.3.0]
	at com.tngtech.archunit.core.importer.DomainBuilders$JavaMemberBuilder.build(DomainBuilders.java:206) ~[archunit-1.3.0.jar:1.3.0]
	at com.tngtech.archunit.core.importer.DomainBuilders$JavaMemberBuilder.build(DomainBuilders.java:138) ~[archunit-1.3.0.jar:1.3.0]
	at com.tngtech.archunit.core.importer.DomainBuilders$BuilderWithBuildParameter$BuildFinisher.lambda$build$0(DomainBuilders.java:892) ~[archunit-1.3.0.jar:1.3.0]
	at java.base/java.util.stream.ReferencePipeline$3$1.accept(ReferencePipeline.java:214) ~[na:na]
	at java.base/java.util.HashMap$KeySpliterator.forEachRemaining(HashMap.java:1741) ~[na:na]
	at java.base/java.util.stream.AbstractPipeline.copyInto(AbstractPipeline.java:570) ~[na:na]
	at java.base/java.util.stream.AbstractPipeline.wrapAndCopyInto(AbstractPipeline.java:560) ~[na:na]
	at java.base/java.util.stream.ReduceOps$ReduceOp.evaluateSequential(ReduceOps.java:921) ~[na:na]
	at java.base/java.util.stream.AbstractPipeline.evaluate(AbstractPipeline.java:265) ~[na:na]
	at java.base/java.util.stream.ReferencePipeline.collect(ReferencePipeline.java:723) ~[na:na]
	at com.tngtech.archunit.core.importer.DomainBuilders$BuilderWithBuildParameter$BuildFinisher.build(DomainBuilders.java:892) ~[archunit-1.3.0.jar:1.3.0]
	at com.tngtech.archunit.core.importer.DomainBuilders$BuilderWithBuildParameter$BuildFinisher.build(DomainBuilders.java:882) ~[archunit-1.3.0.jar:1.3.0]
	at com.tngtech.archunit.core.importer.ClassGraphCreator.createFields(ClassGraphCreator.java:309) ~[archunit-1.3.0.jar:1.3.0]
	at com.tngtech.archunit.core.domain.JavaClassMembers.create(JavaClassMembers.java:351) ~[archunit-1.3.0.jar:1.3.0]
	at com.tngtech.archunit.core.domain.JavaClass.completeMembers(JavaClass.java:1477) ~[archunit-1.3.0.jar:1.3.0]
	at com.tngtech.archunit.core.domain.DomainObjectCreationContext.completeMembers(DomainObjectCreationContext.java:96) ~[archunit-1.3.0.jar:1.3.0]
	at com.tngtech.archunit.core.importer.ClassGraphCreator.completeClasses(ClassGraphCreator.java:120) ~[archunit-1.3.0.jar:1.3.0]
	at com.tngtech.archunit.core.importer.ClassGraphCreator.complete(ClassGraphCreator.java:108) ~[archunit-1.3.0.jar:1.3.0]
	at com.tngtech.archunit.core.importer.ClassFileProcessor.process(ClassFileProcessor.java:75) ~[archunit-1.3.0.jar:1.3.0]
	at com.tngtech.archunit.core.importer.ClassFileImporter.importLocations(ClassFileImporter.java:325) ~[archunit-1.3.0.jar:1.3.0]
	at com.tngtech.archunit.junit.internal.ClassCache$CacheClassFileImporter.importClasses(ClassCache.java:126) ~[archunit-junit5-engine-1.3.0.jar:1.3.0]
	at com.tngtech.archunit.junit.internal.ClassCache$LazyJavaClasses.initialize(ClassCache.java:118) ~[archunit-junit5-engine-1.3.0.jar:1.3.0]
	at com.tngtech.archunit.junit.internal.ClassCache$LazyJavaClasses.get(ClassCache.java:107) ~[archunit-junit5-engine-1.3.0.jar:1.3.0]
	at com.tngtech.archunit.junit.internal.ClassCache.getClassesToAnalyzeFor(ClassCache.java:84) ~[archunit-junit5-engine-1.3.0.jar:1.3.0]
	at com.tngtech.archunit.junit.internal.ArchUnitTestDescriptor.lambda$createChildren$1(ArchUnitTestDescriptor.java:90) ~[archunit-junit5-engine-1.3.0.jar:1.3.0]
	at com.tngtech.archunit.junit.internal.ArchUnitTestDescriptor$ArchUnitRuleDescriptor.execute(ArchUnitTestDescriptor.java:167) ~[archunit-junit5-engine-1.3.0.jar:1.3.0]
	at com.tngtech.archunit.junit.internal.ArchUnitTestDescriptor$ArchUnitRuleDescriptor.execute(ArchUnitTestDescriptor.java:150) ~[archunit-junit5-engine-1.3.0.jar:1.3.0]
	at org.junit.platform.engine.support.hierarchical.NodeTestTask.lambda$executeRecursively$2(NodeTestTask.java:176) ~[junit-platform-engine-6.0.1.jar:6.0.1]
	at org.junit.platform.engine.support.hierarchical.ThrowableCollector.execute(ThrowableCollector.java:74) ~[junit-platform-engine-6.0.1.jar:6.0.1]
	at org.junit.platform.engine.support.hierarchical.NodeTestTask.lambda$executeRecursively$1(NodeTestTask.java:166) ~[junit-platform-engine-6.0.1.jar:6.0.1]
	at org.junit.platform.engine.support.hierarchical.Node.around(Node.java:138) ~[junit-platform-engine-6.0.1.jar:6.0.1]
	at org.junit.platform.engine.support.hierarchical.NodeTestTask.lambda$executeRecursively$0(NodeTestTask.java:164) ~[junit-platform-engine-6.0.1.jar:6.0.1]
	at org.junit.platform.engine.support.hierarchical.ThrowableCollector.execute(ThrowableCollector.java:74) ~[junit-platform-engine-6.0.1.jar:6.0.1]
	at org.junit.platform.engine.support.hierarchical.NodeTestTask.executeRecursively(NodeTestTask.java:163) ~[junit-platform-engine-6.0.1.jar:6.0.1]
	at org.junit.platform.engine.support.hierarchical.NodeTestTask.execute(NodeTestTask.java:116) ~[junit-platform-engine-6.0.1.jar:6.0.1]
	at java.base/java.util.ArrayList.forEach(ArrayList.java:1612) ~[na:na]
	at org.junit.platform.engine.support.hierarchical.SameThreadHierarchicalTestExecutorService.invokeAll(SameThreadHierarchicalTestExecutorService.java:42) ~[junit-platform-engine-6.0.1.jar:6.0.1]
	at org.junit.platform.engine.support.hierarchical.NodeTestTask.lambda$executeRecursively$2(NodeTestTask.java:180) ~[junit-platform-engine-6.0.1.jar:6.0.1]
	at org.junit.platform.engine.support.hierarchical.ThrowableCollector.execute(ThrowableCollector.java:74) ~[junit-platform-engine-6.0.1.jar:6.0.1]
	at org.junit.platform.engine.support.hierarchical.NodeTestTask.lambda$executeRecursively$1(NodeTestTask.java:166) ~[junit-platform-engine-6.0.1.jar:6.0.1]
	at org.junit.platform.engine.support.hierarchical.Node.around(Node.java:138) ~[junit-platform-engine-6.0.1.jar:6.0.1]
	at org.junit.platform.engine.support.hierarchical.NodeTestTask.lambda$executeRecursively$0(NodeTestTask.java:164) ~[junit-platform-engine-6.0.1.jar:6.0.1]
	at org.junit.platform.engine.support.hierarchical.ThrowableCollector.execute(ThrowableCollector.java:74) ~[junit-platform-engine-6.0.1.jar:6.0.1]
	at org.junit.platform.engine.support.hierarchical.NodeTestTask.executeRecursively(NodeTestTask.java:163) ~[junit-platform-engine-6.0.1.jar:6.0.1]
	at org.junit.platform.engine.support.hierarchical.NodeTestTask.execute(NodeTestTask.java:116) ~[junit-platform-engine-6.0.1.jar:6.0.1]
	at java.base/java.util.ArrayList.forEach(ArrayList.java:1612) ~[na:na]
	at org.junit.platform.engine.support.hierarchical.SameThreadHierarchicalTestExecutorService.invokeAll(SameThreadHierarchicalTestExecutorService.java:42) ~[junit-platform-engine-6.0.1.jar:6.0.1]
	at org.junit.platform.engine.support.hierarchical.NodeTestTask.lambda$executeRecursively$2(NodeTestTask.java:180) ~[junit-platform-engine-6.0.1.jar:6.0.1]
	at org.junit.platform.engine.support.hierarchical.ThrowableCollector.execute(ThrowableCollector.java:74) ~[junit-platform-engine-6.0.1.jar:6.0.1]
	at org.junit.platform.engine.support.hierarchical.NodeTestTask.lambda$executeRecursively$1(NodeTestTask.java:166) ~[junit-platform-engine-6.0.1.jar:6.0.1]
	at org.junit.platform.engine.support.hierarchical.Node.around(Node.java:138) ~[junit-platform-engine-6.0.1.jar:6.0.1]
	at org.junit.platform.engine.support.hierarchical.NodeTestTask.lambda$executeRecursively$0(NodeTestTask.java:164) ~[junit-platform-engine-6.0.1.jar:6.0.1]
	at org.junit.platform.engine.support.hierarchical.ThrowableCollector.execute(ThrowableCollector.java:74) ~[junit-platform-engine-6.0.1.jar:6.0.1]
	at org.junit.platform.engine.support.hierarchical.NodeTestTask.executeRecursively(NodeTestTask.java:163) ~[junit-platform-engine-6.0.1.jar:6.0.1]
	at org.junit.platform.engine.support.hierarchical.NodeTestTask.execute(NodeTestTask.java:116) ~[junit-platform-engine-6.0.1.jar:6.0.1]
	at org.junit.platform.engine.support.hierarchical.SameThreadHierarchicalTestExecutorService.submit(SameThreadHierarchicalTestExecutorService.java:36) ~[junit-platform-engine-6.0.1.jar:6.0.1]
	at org.junit.platform.engine.support.hierarchical.HierarchicalTestExecutor.execute(HierarchicalTestExecutor.java:52) ~[junit-platform-engine-6.0.1.jar:6.0.1]
	at org.junit.platform.engine.support.hierarchical.HierarchicalTestEngine.execute(HierarchicalTestEngine.java:58) ~[junit-platform-engine-6.0.1.jar:6.0.1]
	at org.junit.platform.launcher.core.EngineExecutionOrchestrator.executeEngine(EngineExecutionOrchestrator.java:246) ~[junit-platform-launcher-6.0.1.jar:6.0.1]
	at org.junit.platform.launcher.core.EngineExecutionOrchestrator.failOrExecuteEngine(EngineExecutionOrchestrator.java:218) ~[junit-platform-launcher-6.0.1.jar:6.0.1]
	at org.junit.platform.launcher.core.EngineExecutionOrchestrator.execute(EngineExecutionOrchestrator.java:179) ~[junit-platform-launcher-6.0.1.jar:6.0.1]
	at org.junit.platform.launcher.core.EngineExecutionOrchestrator.execute(EngineExecutionOrchestrator.java:108) ~[junit-platform-launcher-6.0.1.jar:6.0.1]
	at org.junit.platform.launcher.core.EngineExecutionOrchestrator.lambda$execute$0(EngineExecutionOrchestrator.java:66) ~[junit-platform-launcher-6.0.1.jar:6.0.1]
	at org.junit.platform.launcher.core.EngineExecutionOrchestrator.withInterceptedStreams(EngineExecutionOrchestrator.java:157) ~[junit-platform-launcher-6.0.1.jar:6.0.1]
	at org.junit.platform.launcher.core.EngineExecutionOrchestrator.execute(EngineExecutionOrchestrator.java:65) ~[junit-platform-launcher-6.0.1.jar:6.0.1]
	at org.junit.platform.launcher.core.DefaultLauncher.execute(DefaultLauncher.java:125) ~[junit-platform-launcher-6.0.1.jar:6.0.1]
	at org.junit.platform.launcher.core.DefaultLauncher.execute(DefaultLauncher.java:114) ~[junit-platform-launcher-6.0.1.jar:6.0.1]
	at org.junit.platform.launcher.core.DelegatingLauncher.execute(DelegatingLauncher.java:58) ~[junit-platform-launcher-6.0.1.jar:6.0.1]
	at org.junit.platform.launcher.core.InterceptingLauncher.lambda$execute$2(InterceptingLauncher.java:57) ~[junit-platform-launcher-6.0.1.jar:6.0.1]
	at org.junit.platform.launcher.core.ClasspathAlignmentCheckingLauncherInterceptor.intercept(ClasspathAlignmentCheckingLauncherInterceptor.java:25) ~[junit-platform-launcher-6.0.1.jar:6.0.1]
	at org.junit.platform.launcher.core.InterceptingLauncher.execute(InterceptingLauncher.java:56) ~[junit-platform-launcher-6.0.1.jar:6.0.1]
	at org.junit.platform.launcher.core.DelegatingLauncher.execute(DelegatingLauncher.java:58) ~[junit-platform-launcher-6.0.1.jar:6.0.1]
	at java.base/jdk.internal.reflect.DirectMethodHandleAccessor.invoke(DirectMethodHandleAccessor.java:104) ~[na:na]
	at java.base/java.lang.reflect.Method.invoke(Method.java:583) ~[na:na]
	at org.apache.maven.surefire.api.util.ReflectionUtils.invokeMethodWithArray(ReflectionUtils.java:125) ~[surefire-api-3.5.4.jar:3.5.4]
	at org.apache.maven.surefire.junitplatform.LauncherAdapter.executeWithCancellationToken(LauncherAdapter.java:68) ~[surefire-junit-platform-3.5.4.jar:3.5.4]
	at org.apache.maven.surefire.junitplatform.LauncherAdapter.execute(LauncherAdapter.java:54) ~[surefire-junit-platform-3.5.4.jar:3.5.4]
	at org.apache.maven.surefire.junitplatform.JUnitPlatformProvider.execute(JUnitPlatformProvider.java:203) ~[surefire-junit-platform-3.5.4.jar:3.5.4]
	at org.apache.maven.surefire.junitplatform.JUnitPlatformProvider.invokeAllTests(JUnitPlatformProvider.java:168) ~[surefire-junit-platform-3.5.4.jar:3.5.4]
	at org.apache.maven.surefire.junitplatform.JUnitPlatformProvider.invoke(JUnitPlatformProvider.java:136) ~[surefire-junit-platform-3.5.4.jar:3.5.4]
	at org.apache.maven.surefire.booter.ForkedBooter.runSuitesInProcess(ForkedBooter.java:385) ~[surefire-booter-3.5.4.jar:3.5.4]
	at org.apache.maven.surefire.booter.ForkedBooter.execute(ForkedBooter.java:162) ~[surefire-booter-3.5.4.jar:3.5.4]
	at org.apache.maven.surefire.booter.ForkedBooter.run(ForkedBooter.java:507) ~[surefire-booter-3.5.4.jar:3.5.4]
	at org.apache.maven.surefire.booter.ForkedBooter.main(ForkedBooter.java:495) ~[surefire-booter-3.5.4.jar:3.5.4]

2026-10-02T23:36:46.182+01:00  WARN 32244 --- [archunit-hexagonal] [           main] c.t.a.core.importer.ClassFileProcessor   : Error during import from jrt:/java.base/java/util/List.class, falling back to simple import

java.lang.IllegalArgumentException: Unsupported class file major version 71
	at com.tngtech.archunit.thirdparty.org.objectweb.asm.ClassReader.<init>(ClassReader.java:200) ~[archunit-1.3.0.jar:1.3.0]
	at com.tngtech.archunit.thirdparty.org.objectweb.asm.ClassReader.<init>(ClassReader.java:180) ~[archunit-1.3.0.jar:1.3.0]
	at com.tngtech.archunit.thirdparty.org.objectweb.asm.ClassReader.<init>(ClassReader.java:166) ~[archunit-1.3.0.jar:1.3.0]
	at com.tngtech.archunit.thirdparty.org.objectweb.asm.ClassReader.<init>(ClassReader.java:288) ~[archunit-1.3.0.jar:1.3.0]
	at com.tngtech.archunit.core.importer.ClassFileProcessor$UriImporterOfProcessor.tryImport(ClassFileProcessor.java:350) ~[archunit-1.3.0.jar:1.3.0]
	at com.tngtech.archunit.core.importer.resolvers.ClassResolverFromClasspath.tryResolve(ClassResolverFromClasspath.java:51) ~[archunit-1.3.0.jar:1.3.0]
	at com.tngtech.archunit.core.importer.ImportedClasses.resolve(ImportedClasses.java:80) ~[archunit-1.3.0.jar:1.3.0]
	at com.tngtech.archunit.core.importer.ImportedClasses.getOrResolve(ImportedClasses.java:67) ~[archunit-1.3.0.jar:1.3.0]
	at com.tngtech.archunit.core.importer.DomainBuilders$JavaParameterizedTypeBuilder.build(DomainBuilders.java:845) ~[archunit-1.3.0.jar:1.3.0]
	at com.tngtech.archunit.core.importer.SignatureTypeArgumentProcessor$NewJavaTypeCreationProcess.finish(SignatureTypeArgumentProcessor.java:170) ~[archunit-1.3.0.jar:1.3.0]
	at com.tngtech.archunit.core.importer.SignatureTypeArgumentProcessor$NewJavaTypeCreationProcess.finish(SignatureTypeArgumentProcessor.java:155) ~[archunit-1.3.0.jar:1.3.0]
	at com.tngtech.archunit.core.importer.DomainBuilders$JavaFieldBuilder.getType(DomainBuilders.java:226) ~[archunit-1.3.0.jar:1.3.0]
	at com.tngtech.archunit.core.domain.JavaField.<init>(JavaField.java:40) ~[archunit-1.3.0.jar:1.3.0]
	at com.tngtech.archunit.core.domain.DomainObjectCreationContext.createJavaField(DomainObjectCreationContext.java:108) ~[archunit-1.3.0.jar:1.3.0]
	at com.tngtech.archunit.core.importer.DomainBuilders$JavaFieldBuilder.construct(DomainBuilders.java:236) ~[archunit-1.3.0.jar:1.3.0]
	at com.tngtech.archunit.core.importer.DomainBuilders$JavaFieldBuilder.construct(DomainBuilders.java:210) ~[archunit-1.3.0.jar:1.3.0]
	at com.tngtech.archunit.core.importer.DomainBuilders$JavaMemberBuilder.build(DomainBuilders.java:206) ~[archunit-1.3.0.jar:1.3.0]
	at com.tngtech.archunit.core.importer.DomainBuilders$JavaMemberBuilder.build(DomainBuilders.java:138) ~[archunit-1.3.0.jar:1.3.0]
	at com.tngtech.archunit.core.importer.DomainBuilders$BuilderWithBuildParameter$BuildFinisher.lambda$build$0(DomainBuilders.java:892) ~[archunit-1.3.0.jar:1.3.0]
	at java.base/java.util.stream.ReferencePipeline$3$1.accept(ReferencePipeline.java:214) ~[na:na]
	at java.base/java.util.HashMap$KeySpliterator.forEachRemaining(HashMap.java:1741) ~[na:na]
	at java.base/java.util.stream.AbstractPipeline.copyInto(AbstractPipeline.java:570) ~[na:na]
	at java.base/java.util.stream.AbstractPipeline.wrapAndCopyInto(AbstractPipeline.java:560) ~[na:na]
	at java.base/java.util.stream.ReduceOps$ReduceOp.evaluateSequential(ReduceOps.java:921) ~[na:na]
	at java.base/java.util.stream.AbstractPipeline.evaluate(AbstractPipeline.java:265) ~[na:na]
	at java.base/java.util.stream.ReferencePipeline.collect(ReferencePipeline.java:723) ~[na:na]
	at com.tngtech.archunit.core.importer.DomainBuilders$BuilderWithBuildParameter$BuildFinisher.build(DomainBuilders.java:892) ~[archunit-1.3.0.jar:1.3.0]
	at com.tngtech.archunit.core.importer.DomainBuilders$BuilderWithBuildParameter$BuildFinisher.build(DomainBuilders.java:882) ~[archunit-1.3.0.jar:1.3.0]
	at com.tngtech.archunit.core.importer.ClassGraphCreator.createFields(ClassGraphCreator.java:309) ~[archunit-1.3.0.jar:1.3.0]
	at com.tngtech.archunit.core.domain.JavaClassMembers.create(JavaClassMembers.java:351) ~[archunit-1.3.0.jar:1.3.0]
	at com.tngtech.archunit.core.domain.JavaClass.completeMembers(JavaClass.java:1477) ~[archunit-1.3.0.jar:1.3.0]
	at com.tngtech.archunit.core.domain.DomainObjectCreationContext.completeMembers(DomainObjectCreationContext.java:96) ~[archunit-1.3.0.jar:1.3.0]
	at com.tngtech.archunit.core.importer.ClassGraphCreator.completeClasses(ClassGraphCreator.java:120) ~[archunit-1.3.0.jar:1.3.0]
	at com.tngtech.archunit.core.importer.ClassGraphCreator.complete(ClassGraphCreator.java:108) ~[archunit-1.3.0.jar:1.3.0]
	at com.tngtech.archunit.core.importer.ClassFileProcessor.process(ClassFileProcessor.java:75) ~[archunit-1.3.0.jar:1.3.0]
	at com.tngtech.archunit.core.importer.ClassFileImporter.importLocations(ClassFileImporter.java:325) ~[archunit-1.3.0.jar:1.3.0]
	at com.tngtech.archunit.junit.internal.ClassCache$CacheClassFileImporter.importClasses(ClassCache.java:126) ~[archunit-junit5-engine-1.3.0.jar:1.3.0]
	at com.tngtech.archunit.junit.internal.ClassCache$LazyJavaClasses.initialize(ClassCache.java:118) ~[archunit-junit5-engine-1.3.0.jar:1.3.0]
	at com.tngtech.archunit.junit.internal.ClassCache$LazyJavaClasses.get(ClassCache.java:107) ~[archunit-junit5-engine-1.3.0.jar:1.3.0]
	at com.tngtech.archunit.junit.internal.ClassCache.getClassesToAnalyzeFor(ClassCache.java:84) ~[archunit-junit5-engine-1.3.0.jar:1.3.0]
	at com.tngtech.archunit.junit.internal.ArchUnitTestDescriptor.lambda$createChildren$1(ArchUnitTestDescriptor.java:90) ~[archunit-junit5-engine-1.3.0.jar:1.3.0]
	at com.tngtech.archunit.junit.internal.ArchUnitTestDescriptor$ArchUnitRuleDescriptor.execute(ArchUnitTestDescriptor.java:167) ~[archunit-junit5-engine-1.3.0.jar:1.3.0]
	at com.tngtech.archunit.junit.internal.ArchUnitTestDescriptor$ArchUnitRuleDescriptor.execute(ArchUnitTestDescriptor.java:150) ~[archunit-junit5-engine-1.3.0.jar:1.3.0]
	at org.junit.platform.engine.support.hierarchical.NodeTestTask.lambda$executeRecursively$2(NodeTestTask.java:176) ~[junit-platform-engine-6.0.1.jar:6.0.1]
	at org.junit.platform.engine.support.hierarchical.ThrowableCollector.execute(ThrowableCollector.java:74) ~[junit-platform-engine-6.0.1.jar:6.0.1]
	at org.junit.platform.engine.support.hierarchical.NodeTestTask.lambda$executeRecursively$1(NodeTestTask.java:166) ~[junit-platform-engine-6.0.1.jar:6.0.1]
	at org.junit.platform.engine.support.hierarchical.Node.around(Node.java:138) ~[junit-platform-engine-6.0.1.jar:6.0.1]
	at org.junit.platform.engine.support.hierarchical.NodeTestTask.lambda$executeRecursively$0(NodeTestTask.java:164) ~[junit-platform-engine-6.0.1.jar:6.0.1]
	at org.junit.platform.engine.support.hierarchical.ThrowableCollector.execute(ThrowableCollector.java:74) ~[junit-platform-engine-6.0.1.jar:6.0.1]
	at org.junit.platform.engine.support.hierarchical.NodeTestTask.executeRecursively(NodeTestTask.java:163) ~[junit-platform-engine-6.0.1.jar:6.0.1]
	at org.junit.platform.engine.support.hierarchical.NodeTestTask.execute(NodeTestTask.java:116) ~[junit-platform-engine-6.0.1.jar:6.0.1]
	at java.base/java.util.ArrayList.forEach(ArrayList.java:1612) ~[na:na]
	at org.junit.platform.engine.support.hierarchical.SameThreadHierarchicalTestExecutorService.invokeAll(SameThreadHierarchicalTestExecutorService.java:42) ~[junit-platform-engine-6.0.1.jar:6.0.1]
	at org.junit.platform.engine.support.hierarchical.NodeTestTask.lambda$executeRecursively$2(NodeTestTask.java:180) ~[junit-platform-engine-6.0.1.jar:6.0.1]
	at org.junit.platform.engine.support.hierarchical.ThrowableCollector.execute(ThrowableCollector.java:74) ~[junit-platform-engine-6.0.1.jar:6.0.1]
	at org.junit.platform.engine.support.hierarchical.NodeTestTask.lambda$executeRecursively$1(NodeTestTask.java:166) ~[junit-platform-engine-6.0.1.jar:6.0.1]
	at org.junit.platform.engine.support.hierarchical.Node.around(Node.java:138) ~[junit-platform-engine-6.0.1.jar:6.0.1]
	at org.junit.platform.engine.support.hierarchical.NodeTestTask.lambda$executeRecursively$0(NodeTestTask.java:164) ~[junit-platform-engine-6.0.1.jar:6.0.1]
	at org.junit.platform.engine.support.hierarchical.ThrowableCollector.execute(ThrowableCollector.java:74) ~[junit-platform-engine-6.0.1.jar:6.0.1]
	at org.junit.platform.engine.support.hierarchical.NodeTestTask.executeRecursively(NodeTestTask.java:163) ~[junit-platform-engine-6.0.1.jar:6.0.1]
	at org.junit.platform.engine.support.hierarchical.NodeTestTask.execute(NodeTestTask.java:116) ~[junit-platform-engine-6.0.1.jar:6.0.1]
	at java.base/java.util.ArrayList.forEach(ArrayList.java:1612) ~[na:na]
	at org.junit.platform.engine.support.hierarchical.SameThreadHierarchicalTestExecutorService.invokeAll(SameThreadHierarchicalTestExecutorService.java:42) ~[junit-platform-engine-6.0.1.jar:6.0.1]
	at org.junit.platform.engine.support.hierarchical.NodeTestTask.lambda$executeRecursively$2(NodeTestTask.java:180) ~[junit-platform-engine-6.0.1.jar:6.0.1]
	at org.junit.platform.engine.support.hierarchical.ThrowableCollector.execute(ThrowableCollector.java:74) ~[junit-platform-engine-6.0.1.jar:6.0.1]
	at org.junit.platform.engine.support.hierarchical.NodeTestTask.lambda$executeRecursively$1(NodeTestTask.java:166) ~[junit-platform-engine-6.0.1.jar:6.0.1]
	at org.junit.platform.engine.support.hierarchical.Node.around(Node.java:138) ~[junit-platform-engine-6.0.1.jar:6.0.1]
	at org.junit.platform.engine.support.hierarchical.NodeTestTask.lambda$executeRecursively$0(NodeTestTask.java:164) ~[junit-platform-engine-6.0.1.jar:6.0.1]
	at org.junit.platform.engine.support.hierarchical.ThrowableCollector.execute(ThrowableCollector.java:74) ~[junit-platform-engine-6.0.1.jar:6.0.1]
	at org.junit.platform.engine.support.hierarchical.NodeTestTask.executeRecursively(NodeTestTask.java:163) ~[junit-platform-engine-6.0.1.jar:6.0.1]
	at org.junit.platform.engine.support.hierarchical.NodeTestTask.execute(NodeTestTask.java:116) ~[junit-platform-engine-6.0.1.jar:6.0.1]
	at org.junit.platform.engine.support.hierarchical.SameThreadHierarchicalTestExecutorService.submit(SameThreadHierarchicalTestExecutorService.java:36) ~[junit-platform-engine-6.0.1.jar:6.0.1]
	at org.junit.platform.engine.support.hierarchical.HierarchicalTestExecutor.execute(HierarchicalTestExecutor.java:52) ~[junit-platform-engine-6.0.1.jar:6.0.1]
	at org.junit.platform.engine.support.hierarchical.HierarchicalTestEngine.execute(HierarchicalTestEngine.java:58) ~[junit-platform-engine-6.0.1.jar:6.0.1]
	at org.junit.platform.launcher.core.EngineExecutionOrchestrator.executeEngine(EngineExecutionOrchestrator.java:246) ~[junit-platform-launcher-6.0.1.jar:6.0.1]
	at org.junit.platform.launcher.core.EngineExecutionOrchestrator.failOrExecuteEngine(EngineExecutionOrchestrator.java:218) ~[junit-platform-launcher-6.0.1.jar:6.0.1]
	at org.junit.platform.launcher.core.EngineExecutionOrchestrator.execute(EngineExecutionOrchestrator.java:179) ~[junit-platform-launcher-6.0.1.jar:6.0.1]
	at org.junit.platform.launcher.core.EngineExecutionOrchestrator.execute(EngineExecutionOrchestrator.java:108) ~[junit-platform-launcher-6.0.1.jar:6.0.1]
	at org.junit.platform.launcher.core.EngineExecutionOrchestrator.lambda$execute$0(EngineExecutionOrchestrator.java:66) ~[junit-platform-launcher-6.0.1.jar:6.0.1]
	at org.junit.platform.launcher.core.EngineExecutionOrchestrator.withInterceptedStreams(EngineExecutionOrchestrator.java:157) ~[junit-platform-launcher-6.0.1.jar:6.0.1]
	at org.junit.platform.launcher.core.EngineExecutionOrchestrator.execute(EngineExecutionOrchestrator.java:65) ~[junit-platform-launcher-6.0.1.jar:6.0.1]
	at org.junit.platform.launcher.core.DefaultLauncher.execute(DefaultLauncher.java:125) ~[junit-platform-launcher-6.0.1.jar:6.0.1]
	at org.junit.platform.launcher.core.DefaultLauncher.execute(DefaultLauncher.java:114) ~[junit-platform-launcher-6.0.1.jar:6.0.1]
	at org.junit.platform.launcher.core.DelegatingLauncher.execute(DelegatingLauncher.java:58) ~[junit-platform-launcher-6.0.1.jar:6.0.1]
	at org.junit.platform.launcher.core.InterceptingLauncher.lambda$execute$2(InterceptingLauncher.java:57) ~[junit-platform-launcher-6.0.1.jar:6.0.1]
	at org.junit.platform.launcher.core.ClasspathAlignmentCheckingLauncherInterceptor.intercept(ClasspathAlignmentCheckingLauncherInterceptor.java:25) ~[junit-platform-launcher-6.0.1.jar:6.0.1]
	at org.junit.platform.launcher.core.InterceptingLauncher.execute(InterceptingLauncher.java:56) ~[junit-platform-launcher-6.0.1.jar:6.0.1]
	at org.junit.platform.launcher.core.DelegatingLauncher.execute(DelegatingLauncher.java:58) ~[junit-platform-launcher-6.0.1.jar:6.0.1]
	at java.base/jdk.internal.reflect.DirectMethodHandleAccessor.invoke(DirectMethodHandleAccessor.java:104) ~[na:na]
	at java.base/java.lang.reflect.Method.invoke(Method.java:583) ~[na:na]
	at org.apache.maven.surefire.api.util.ReflectionUtils.invokeMethodWithArray(ReflectionUtils.java:125) ~[surefire-api-3.5.4.jar:3.5.4]
	at org.apache.maven.surefire.junitplatform.LauncherAdapter.executeWithCancellationToken(LauncherAdapter.java:68) ~[surefire-junit-platform-3.5.4.jar:3.5.4]
	at org.apache.maven.surefire.junitplatform.LauncherAdapter.execute(LauncherAdapter.java:54) ~[surefire-junit-platform-3.5.4.jar:3.5.4]
	at org.apache.maven.surefire.junitplatform.JUnitPlatformProvider.execute(JUnitPlatformProvider.java:203) ~[surefire-junit-platform-3.5.4.jar:3.5.4]
	at org.apache.maven.surefire.junitplatform.JUnitPlatformProvider.invokeAllTests(JUnitPlatformProvider.java:168) ~[surefire-junit-platform-3.5.4.jar:3.5.4]
	at org.apache.maven.surefire.junitplatform.JUnitPlatformProvider.invoke(JUnitPlatformProvider.java:136) ~[surefire-junit-platform-3.5.4.jar:3.5.4]
	at org.apache.maven.surefire.booter.ForkedBooter.runSuitesInProcess(ForkedBooter.java:385) ~[surefire-booter-3.5.4.jar:3.5.4]
	at org.apache.maven.surefire.booter.ForkedBooter.execute(ForkedBooter.java:162) ~[surefire-booter-3.5.4.jar:3.5.4]
	at org.apache.maven.surefire.booter.ForkedBooter.run(ForkedBooter.java:507) ~[surefire-booter-3.5.4.jar:3.5.4]
	at org.apache.maven.surefire.booter.ForkedBooter.main(ForkedBooter.java:495) ~[surefire-booter-3.5.4.jar:3.5.4]

2026-10-02T23:36:46.185+01:00  WARN 32244 --- [archunit-hexagonal] [           main] c.t.a.core.importer.ClassFileProcessor   : Error during import from jrt:/java.base/java/lang/Throwable.class, falling back to simple import

java.lang.IllegalArgumentException: Unsupported class file major version 71
	at com.tngtech.archunit.thirdparty.org.objectweb.asm.ClassReader.<init>(ClassReader.java:200) ~[archunit-1.3.0.jar:1.3.0]
	at com.tngtech.archunit.thirdparty.org.objectweb.asm.ClassReader.<init>(ClassReader.java:180) ~[archunit-1.3.0.jar:1.3.0]
	at com.tngtech.archunit.thirdparty.org.objectweb.asm.ClassReader.<init>(ClassReader.java:166) ~[archunit-1.3.0.jar:1.3.0]
	at com.tngtech.archunit.thirdparty.org.objectweb.asm.ClassReader.<init>(ClassReader.java:288) ~[archunit-1.3.0.jar:1.3.0]
	at com.tngtech.archunit.core.importer.ClassFileProcessor$UriImporterOfProcessor.tryImport(ClassFileProcessor.java:350) ~[archunit-1.3.0.jar:1.3.0]
	at com.tngtech.archunit.core.importer.resolvers.ClassResolverFromClasspath.tryResolve(ClassResolverFromClasspath.java:51) ~[archunit-1.3.0.jar:1.3.0]
	at com.tngtech.archunit.core.importer.ImportedClasses.resolve(ImportedClasses.java:80) ~[archunit-1.3.0.jar:1.3.0]
	at com.tngtech.archunit.core.importer.ImportedClasses.getOrResolve(ImportedClasses.java:67) ~[archunit-1.3.0.jar:1.3.0]
	at com.tngtech.archunit.core.importer.DomainBuilders$JavaMemberBuilder.get(DomainBuilders.java:179) ~[archunit-1.3.0.jar:1.3.0]
	at com.tngtech.archunit.core.importer.DomainBuilders$JavaCodeUnitBuilder.asJavaClasses(DomainBuilders.java:329) ~[archunit-1.3.0.jar:1.3.0]
	at com.tngtech.archunit.core.importer.DomainBuilders$JavaCodeUnitBuilder.getRawParameterTypes(DomainBuilders.java:303) ~[archunit-1.3.0.jar:1.3.0]
	at com.tngtech.archunit.core.domain.JavaCodeUnit$Parameters.<init>(JavaCodeUnit.java:317) ~[archunit-1.3.0.jar:1.3.0]
	at com.tngtech.archunit.core.domain.JavaCodeUnit.<init>(JavaCodeUnit.java:82) ~[archunit-1.3.0.jar:1.3.0]
	at com.tngtech.archunit.core.domain.JavaMethod.<init>(JavaMethod.java:44) ~[archunit-1.3.0.jar:1.3.0]
	at com.tngtech.archunit.core.domain.DomainObjectCreationContext.createJavaMethod(DomainObjectCreationContext.java:144) ~[archunit-1.3.0.jar:1.3.0]
	at com.tngtech.archunit.core.importer.DomainBuilders$JavaMethodBuilder.construct(DomainBuilders.java:373) ~[archunit-1.3.0.jar:1.3.0]
	at com.tngtech.archunit.core.importer.DomainBuilders$JavaMethodBuilder.construct(DomainBuilders.java:358) ~[archunit-1.3.0.jar:1.3.0]
	at com.tngtech.archunit.core.importer.DomainBuilders$JavaMemberBuilder.build(DomainBuilders.java:206) ~[archunit-1.3.0.jar:1.3.0]
	at com.tngtech.archunit.core.importer.DomainBuilders$JavaMemberBuilder.build(DomainBuilders.java:138) ~[archunit-1.3.0.jar:1.3.0]
	at com.tngtech.archunit.core.importer.DomainBuilders$BuilderWithBuildParameter$BuildFinisher.lambda$build$0(DomainBuilders.java:892) ~[archunit-1.3.0.jar:1.3.0]
	at java.base/java.util.stream.ReferencePipeline$3$1.accept(ReferencePipeline.java:214) ~[na:na]
	at java.base/java.util.stream.ReferencePipeline$2$1.accept(ReferencePipeline.java:197) ~[na:na]
	at java.base/java.util.HashMap$KeySpliterator.forEachRemaining(HashMap.java:1741) ~[na:na]
	at java.base/java.util.stream.AbstractPipeline.copyInto(AbstractPipeline.java:570) ~[na:na]
	at java.base/java.util.stream.AbstractPipeline.wrapAndCopyInto(AbstractPipeline.java:560) ~[na:na]
	at java.base/java.util.stream.ReduceOps$ReduceOp.evaluateSequential(ReduceOps.java:921) ~[na:na]
	at java.base/java.util.stream.AbstractPipeline.evaluate(AbstractPipeline.java:265) ~[na:na]
	at java.base/java.util.stream.ReferencePipeline.collect(ReferencePipeline.java:723) ~[na:na]
	at com.tngtech.archunit.core.importer.DomainBuilders$BuilderWithBuildParameter$BuildFinisher.build(DomainBuilders.java:892) ~[archunit-1.3.0.jar:1.3.0]
	at com.tngtech.archunit.core.importer.ClassGraphCreator.createMethods(ClassGraphCreator.java:322) ~[archunit-1.3.0.jar:1.3.0]
	at com.tngtech.archunit.core.domain.JavaClassMembers.create(JavaClassMembers.java:352) ~[archunit-1.3.0.jar:1.3.0]
	at com.tngtech.archunit.core.domain.JavaClass.completeMembers(JavaClass.java:1477) ~[archunit-1.3.0.jar:1.3.0]
	at com.tngtech.archunit.core.domain.DomainObjectCreationContext.completeMembers(DomainObjectCreationContext.java:96) ~[archunit-1.3.0.jar:1.3.0]
	at com.tngtech.archunit.core.importer.ClassGraphCreator.completeClasses(ClassGraphCreator.java:120) ~[archunit-1.3.0.jar:1.3.0]
	at com.tngtech.archunit.core.importer.ClassGraphCreator.complete(ClassGraphCreator.java:108) ~[archunit-1.3.0.jar:1.3.0]
	at com.tngtech.archunit.core.importer.ClassFileProcessor.process(ClassFileProcessor.java:75) ~[archunit-1.3.0.jar:1.3.0]
	at com.tngtech.archunit.core.importer.ClassFileImporter.importLocations(ClassFileImporter.java:325) ~[archunit-1.3.0.jar:1.3.0]
	at com.tngtech.archunit.junit.internal.ClassCache$CacheClassFileImporter.importClasses(ClassCache.java:126) ~[archunit-junit5-engine-1.3.0.jar:1.3.0]
	at com.tngtech.archunit.junit.internal.ClassCache$LazyJavaClasses.initialize(ClassCache.java:118) ~[archunit-junit5-engine-1.3.0.jar:1.3.0]
	at com.tngtech.archunit.junit.internal.ClassCache$LazyJavaClasses.get(ClassCache.java:107) ~[archunit-junit5-engine-1.3.0.jar:1.3.0]
	at com.tngtech.archunit.junit.internal.ClassCache.getClassesToAnalyzeFor(ClassCache.java:84) ~[archunit-junit5-engine-1.3.0.jar:1.3.0]
	at com.tngtech.archunit.junit.internal.ArchUnitTestDescriptor.lambda$createChildren$1(ArchUnitTestDescriptor.java:90) ~[archunit-junit5-engine-1.3.0.jar:1.3.0]
	at com.tngtech.archunit.junit.internal.ArchUnitTestDescriptor$ArchUnitRuleDescriptor.execute(ArchUnitTestDescriptor.java:167) ~[archunit-junit5-engine-1.3.0.jar:1.3.0]
	at com.tngtech.archunit.junit.internal.ArchUnitTestDescriptor$ArchUnitRuleDescriptor.execute(ArchUnitTestDescriptor.java:150) ~[archunit-junit5-engine-1.3.0.jar:1.3.0]
	at org.junit.platform.engine.support.hierarchical.NodeTestTask.lambda$executeRecursively$2(NodeTestTask.java:176) ~[junit-platform-engine-6.0.1.jar:6.0.1]
	at org.junit.platform.engine.support.hierarchical.ThrowableCollector.execute(ThrowableCollector.java:74) ~[junit-platform-engine-6.0.1.jar:6.0.1]
	at org.junit.platform.engine.support.hierarchical.NodeTestTask.lambda$executeRecursively$1(NodeTestTask.java:166) ~[junit-platform-engine-6.0.1.jar:6.0.1]
	at org.junit.platform.engine.support.hierarchical.Node.around(Node.java:138) ~[junit-platform-engine-6.0.1.jar:6.0.1]
	at org.junit.platform.engine.support.hierarchical.NodeTestTask.lambda$executeRecursively$0(NodeTestTask.java:164) ~[junit-platform-engine-6.0.1.jar:6.0.1]
	at org.junit.platform.engine.support.hierarchical.ThrowableCollector.execute(ThrowableCollector.java:74) ~[junit-platform-engine-6.0.1.jar:6.0.1]
	at org.junit.platform.engine.support.hierarchical.NodeTestTask.executeRecursively(NodeTestTask.java:163) ~[junit-platform-engine-6.0.1.jar:6.0.1]
	at org.junit.platform.engine.support.hierarchical.NodeTestTask.execute(NodeTestTask.java:116) ~[junit-platform-engine-6.0.1.jar:6.0.1]
	at java.base/java.util.ArrayList.forEach(ArrayList.java:1612) ~[na:na]
	at org.junit.platform.engine.support.hierarchical.SameThreadHierarchicalTestExecutorService.invokeAll(SameThreadHierarchicalTestExecutorService.java:42) ~[junit-platform-engine-6.0.1.jar:6.0.1]
	at org.junit.platform.engine.support.hierarchical.NodeTestTask.lambda$executeRecursively$2(NodeTestTask.java:180) ~[junit-platform-engine-6.0.1.jar:6.0.1]
	at org.junit.platform.engine.support.hierarchical.ThrowableCollector.execute(ThrowableCollector.java:74) ~[junit-platform-engine-6.0.1.jar:6.0.1]
	at org.junit.platform.engine.support.hierarchical.NodeTestTask.lambda$executeRecursively$1(NodeTestTask.java:166) ~[junit-platform-engine-6.0.1.jar:6.0.1]
	at org.junit.platform.engine.support.hierarchical.Node.around(Node.java:138) ~[junit-platform-engine-6.0.1.jar:6.0.1]
	at org.junit.platform.engine.support.hierarchical.NodeTestTask.lambda$executeRecursively$0(NodeTestTask.java:164) ~[junit-platform-engine-6.0.1.jar:6.0.1]
	at org.junit.platform.engine.support.hierarchical.ThrowableCollector.execute(ThrowableCollector.java:74) ~[junit-platform-engine-6.0.1.jar:6.0.1]
	at org.junit.platform.engine.support.hierarchical.NodeTestTask.executeRecursively(NodeTestTask.java:163) ~[junit-platform-engine-6.0.1.jar:6.0.1]
	at org.junit.platform.engine.support.hierarchical.NodeTestTask.execute(NodeTestTask.java:116) ~[junit-platform-engine-6.0.1.jar:6.0.1]
	at java.base/java.util.ArrayList.forEach(ArrayList.java:1612) ~[na:na]
	at org.junit.platform.engine.support.hierarchical.SameThreadHierarchicalTestExecutorService.invokeAll(SameThreadHierarchicalTestExecutorService.java:42) ~[junit-platform-engine-6.0.1.jar:6.0.1]
	at org.junit.platform.engine.support.hierarchical.NodeTestTask.lambda$executeRecursively$2(NodeTestTask.java:180) ~[junit-platform-engine-6.0.1.jar:6.0.1]
	at org.junit.platform.engine.support.hierarchical.ThrowableCollector.execute(ThrowableCollector.java:74) ~[junit-platform-engine-6.0.1.jar:6.0.1]
	at org.junit.platform.engine.support.hierarchical.NodeTestTask.lambda$executeRecursively$1(NodeTestTask.java:166) ~[junit-platform-engine-6.0.1.jar:6.0.1]
	at org.junit.platform.engine.support.hierarchical.Node.around(Node.java:138) ~[junit-platform-engine-6.0.1.jar:6.0.1]
	at org.junit.platform.engine.support.hierarchical.NodeTestTask.lambda$executeRecursively$0(NodeTestTask.java:164) ~[junit-platform-engine-6.0.1.jar:6.0.1]
	at org.junit.platform.engine.support.hierarchical.ThrowableCollector.execute(ThrowableCollector.java:74) ~[junit-platform-engine-6.0.1.jar:6.0.1]
	at org.junit.platform.engine.support.hierarchical.NodeTestTask.executeRecursively(NodeTestTask.java:163) ~[junit-platform-engine-6.0.1.jar:6.0.1]
	at org.junit.platform.engine.support.hierarchical.NodeTestTask.execute(NodeTestTask.java:116) ~[junit-platform-engine-6.0.1.jar:6.0.1]
	at org.junit.platform.engine.support.hierarchical.SameThreadHierarchicalTestExecutorService.submit(SameThreadHierarchicalTestExecutorService.java:36) ~[junit-platform-engine-6.0.1.jar:6.0.1]
	at org.junit.platform.engine.support.hierarchical.HierarchicalTestExecutor.execute(HierarchicalTestExecutor.java:52) ~[junit-platform-engine-6.0.1.jar:6.0.1]
	at org.junit.platform.engine.support.hierarchical.HierarchicalTestEngine.execute(HierarchicalTestEngine.java:58) ~[junit-platform-engine-6.0.1.jar:6.0.1]
	at org.junit.platform.launcher.core.EngineExecutionOrchestrator.executeEngine(EngineExecutionOrchestrator.java:246) ~[junit-platform-launcher-6.0.1.jar:6.0.1]
	at org.junit.platform.launcher.core.EngineExecutionOrchestrator.failOrExecuteEngine(EngineExecutionOrchestrator.java:218) ~[junit-platform-launcher-6.0.1.jar:6.0.1]
	at org.junit.platform.launcher.core.EngineExecutionOrchestrator.execute(EngineExecutionOrchestrator.java:179) ~[junit-platform-launcher-6.0.1.jar:6.0.1]
	at org.junit.platform.launcher.core.EngineExecutionOrchestrator.execute(EngineExecutionOrchestrator.java:108) ~[junit-platform-launcher-6.0.1.jar:6.0.1]
	at org.junit.platform.launcher.core.EngineExecutionOrchestrator.lambda$execute$0(EngineExecutionOrchestrator.java:66) ~[junit-platform-launcher-6.0.1.jar:6.0.1]
	at org.junit.platform.launcher.core.EngineExecutionOrchestrator.withInterceptedStreams(EngineExecutionOrchestrator.java:157) ~[junit-platform-launcher-6.0.1.jar:6.0.1]
	at org.junit.platform.launcher.core.EngineExecutionOrchestrator.execute(EngineExecutionOrchestrator.java:65) ~[junit-platform-launcher-6.0.1.jar:6.0.1]
	at org.junit.platform.launcher.core.DefaultLauncher.execute(DefaultLauncher.java:125) ~[junit-platform-launcher-6.0.1.jar:6.0.1]
	at org.junit.platform.launcher.core.DefaultLauncher.execute(DefaultLauncher.java:114) ~[junit-platform-launcher-6.0.1.jar:6.0.1]
	at org.junit.platform.launcher.core.DelegatingLauncher.execute(DelegatingLauncher.java:58) ~[junit-platform-launcher-6.0.1.jar:6.0.1]
	at org.junit.platform.launcher.core.InterceptingLauncher.lambda$execute$2(InterceptingLauncher.java:57) ~[junit-platform-launcher-6.0.1.jar:6.0.1]
	at org.junit.platform.launcher.core.ClasspathAlignmentCheckingLauncherInterceptor.intercept(ClasspathAlignmentCheckingLauncherInterceptor.java:25) ~[junit-platform-launcher-6.0.1.jar:6.0.1]
	at org.junit.platform.launcher.core.InterceptingLauncher.execute(InterceptingLauncher.java:56) ~[junit-platform-launcher-6.0.1.jar:6.0.1]
	at org.junit.platform.launcher.core.DelegatingLauncher.execute(DelegatingLauncher.java:58) ~[junit-platform-launcher-6.0.1.jar:6.0.1]
	at java.base/jdk.internal.reflect.DirectMethodHandleAccessor.invoke(DirectMethodHandleAccessor.java:104) ~[na:na]
	at java.base/java.lang.reflect.Method.invoke(Method.java:583) ~[na:na]
	at org.apache.maven.surefire.api.util.ReflectionUtils.invokeMethodWithArray(ReflectionUtils.java:125) ~[surefire-api-3.5.4.jar:3.5.4]
	at org.apache.maven.surefire.junitplatform.LauncherAdapter.executeWithCancellationToken(LauncherAdapter.java:68) ~[surefire-junit-platform-3.5.4.jar:3.5.4]
	at org.apache.maven.surefire.junitplatform.LauncherAdapter.execute(LauncherAdapter.java:54) ~[surefire-junit-platform-3.5.4.jar:3.5.4]
	at org.apache.maven.surefire.junitplatform.JUnitPlatformProvider.execute(JUnitPlatformProvider.java:203) ~[surefire-junit-platform-3.5.4.jar:3.5.4]
	at org.apache.maven.surefire.junitplatform.JUnitPlatformProvider.invokeAllTests(JUnitPlatformProvider.java:168) ~[surefire-junit-platform-3.5.4.jar:3.5.4]
	at org.apache.maven.surefire.junitplatform.JUnitPlatformProvider.invoke(JUnitPlatformProvider.java:136) ~[surefire-junit-platform-3.5.4.jar:3.5.4]
	at org.apache.maven.surefire.booter.ForkedBooter.runSuitesInProcess(ForkedBooter.java:385) ~[surefire-booter-3.5.4.jar:3.5.4]
	at org.apache.maven.surefire.booter.ForkedBooter.execute(ForkedBooter.java:162) ~[surefire-booter-3.5.4.jar:3.5.4]
	at org.apache.maven.surefire.booter.ForkedBooter.run(ForkedBooter.java:507) ~[surefire-booter-3.5.4.jar:3.5.4]
	at org.apache.maven.surefire.booter.ForkedBooter.main(ForkedBooter.java:495) ~[surefire-booter-3.5.4.jar:3.5.4]

2026-10-02T23:36:46.195+01:00  WARN 32244 --- [archunit-hexagonal] [           main] c.t.a.core.importer.ClassFileProcessor   : Error during import from jrt:/java.base/java/util/Collection.class, falling back to simple import

java.lang.IllegalArgumentException: Unsupported class file major version 71
	at com.tngtech.archunit.thirdparty.org.objectweb.asm.ClassReader.<init>(ClassReader.java:200) ~[archunit-1.3.0.jar:1.3.0]
	at com.tngtech.archunit.thirdparty.org.objectweb.asm.ClassReader.<init>(ClassReader.java:180) ~[archunit-1.3.0.jar:1.3.0]
	at com.tngtech.archunit.thirdparty.org.objectweb.asm.ClassReader.<init>(ClassReader.java:166) ~[archunit-1.3.0.jar:1.3.0]
	at com.tngtech.archunit.thirdparty.org.objectweb.asm.ClassReader.<init>(ClassReader.java:288) ~[archunit-1.3.0.jar:1.3.0]
	at com.tngtech.archunit.core.importer.ClassFileProcessor$UriImporterOfProcessor.tryImport(ClassFileProcessor.java:350) ~[archunit-1.3.0.jar:1.3.0]
	at com.tngtech.archunit.core.importer.resolvers.ClassResolverFromClasspath.tryResolve(ClassResolverFromClasspath.java:51) ~[archunit-1.3.0.jar:1.3.0]
	at com.tngtech.archunit.core.importer.ImportedClasses.resolve(ImportedClasses.java:80) ~[archunit-1.3.0.jar:1.3.0]
	at com.tngtech.archunit.core.importer.ImportedClasses.getOrResolve(ImportedClasses.java:67) ~[archunit-1.3.0.jar:1.3.0]
	at com.tngtech.archunit.core.importer.DomainBuilders$JavaMemberBuilder.get(DomainBuilders.java:179) ~[archunit-1.3.0.jar:1.3.0]
	at com.tngtech.archunit.core.importer.DomainBuilders$JavaCodeUnitBuilder.asJavaClasses(DomainBuilders.java:329) ~[archunit-1.3.0.jar:1.3.0]
	at com.tngtech.archunit.core.importer.DomainBuilders$JavaCodeUnitBuilder.getRawParameterTypes(DomainBuilders.java:303) ~[archunit-1.3.0.jar:1.3.0]
	at com.tngtech.archunit.core.domain.JavaCodeUnit$Parameters.<init>(JavaCodeUnit.java:317) ~[archunit-1.3.0.jar:1.3.0]
	at com.tngtech.archunit.core.domain.JavaCodeUnit.<init>(JavaCodeUnit.java:82) ~[archunit-1.3.0.jar:1.3.0]
	at com.tngtech.archunit.core.domain.JavaMethod.<init>(JavaMethod.java:44) ~[archunit-1.3.0.jar:1.3.0]
	at com.tngtech.archunit.core.domain.DomainObjectCreationContext.createJavaMethod(DomainObjectCreationContext.java:144) ~[archunit-1.3.0.jar:1.3.0]
	at com.tngtech.archunit.core.importer.DomainBuilders$JavaMethodBuilder.construct(DomainBuilders.java:373) ~[archunit-1.3.0.jar:1.3.0]
	at com.tngtech.archunit.core.importer.DomainBuilders$JavaMethodBuilder.construct(DomainBuilders.java:358) ~[archunit-1.3.0.jar:1.3.0]
	at com.tngtech.archunit.core.importer.DomainBuilders$JavaMemberBuilder.build(DomainBuilders.java:206) ~[archunit-1.3.0.jar:1.3.0]
	at com.tngtech.archunit.core.importer.DomainBuilders$JavaMemberBuilder.build(DomainBuilders.java:138) ~[archunit-1.3.0.jar:1.3.0]
	at com.tngtech.archunit.core.importer.DomainBuilders$BuilderWithBuildParameter$BuildFinisher.lambda$build$0(DomainBuilders.java:892) ~[archunit-1.3.0.jar:1.3.0]
	at java.base/java.util.stream.ReferencePipeline$3$1.accept(ReferencePipeline.java:214) ~[na:na]
	at java.base/java.util.stream.ReferencePipeline$2$1.accept(ReferencePipeline.java:197) ~[na:na]
	at java.base/java.util.HashMap$KeySpliterator.forEachRemaining(HashMap.java:1741) ~[na:na]
	at java.base/java.util.stream.AbstractPipeline.copyInto(AbstractPipeline.java:570) ~[na:na]
	at java.base/java.util.stream.AbstractPipeline.wrapAndCopyInto(AbstractPipeline.java:560) ~[na:na]
	at java.base/java.util.stream.ReduceOps$ReduceOp.evaluateSequential(ReduceOps.java:921) ~[na:na]
	at java.base/java.util.stream.AbstractPipeline.evaluate(AbstractPipeline.java:265) ~[na:na]
	at java.base/java.util.stream.ReferencePipeline.collect(ReferencePipeline.java:723) ~[na:na]
	at com.tngtech.archunit.core.importer.DomainBuilders$BuilderWithBuildParameter$BuildFinisher.build(DomainBuilders.java:892) ~[archunit-1.3.0.jar:1.3.0]
	at com.tngtech.archunit.core.importer.ClassGraphCreator.createMethods(ClassGraphCreator.java:322) ~[archunit-1.3.0.jar:1.3.0]
	at com.tngtech.archunit.core.domain.JavaClassMembers.create(JavaClassMembers.java:352) ~[archunit-1.3.0.jar:1.3.0]
	at com.tngtech.archunit.core.domain.JavaClass.completeMembers(JavaClass.java:1477) ~[archunit-1.3.0.jar:1.3.0]
	at com.tngtech.archunit.core.domain.DomainObjectCreationContext.completeMembers(DomainObjectCreationContext.java:96) ~[archunit-1.3.0.jar:1.3.0]
	at com.tngtech.archunit.core.importer.ClassGraphCreator.completeClasses(ClassGraphCreator.java:120) ~[archunit-1.3.0.jar:1.3.0]
	at com.tngtech.archunit.core.importer.ClassGraphCreator.complete(ClassGraphCreator.java:108) ~[archunit-1.3.0.jar:1.3.0]
	at com.tngtech.archunit.core.importer.ClassFileProcessor.process(ClassFileProcessor.java:75) ~[archunit-1.3.0.jar:1.3.0]
	at com.tngtech.archunit.core.importer.ClassFileImporter.importLocations(ClassFileImporter.java:325) ~[archunit-1.3.0.jar:1.3.0]
	at com.tngtech.archunit.junit.internal.ClassCache$CacheClassFileImporter.importClasses(ClassCache.java:126) ~[archunit-junit5-engine-1.3.0.jar:1.3.0]
	at com.tngtech.archunit.junit.internal.ClassCache$LazyJavaClasses.initialize(ClassCache.java:118) ~[archunit-junit5-engine-1.3.0.jar:1.3.0]
	at com.tngtech.archunit.junit.internal.ClassCache$LazyJavaClasses.get(ClassCache.java:107) ~[archunit-junit5-engine-1.3.0.jar:1.3.0]
	at com.tngtech.archunit.junit.internal.ClassCache.getClassesToAnalyzeFor(ClassCache.java:84) ~[archunit-junit5-engine-1.3.0.jar:1.3.0]
	at com.tngtech.archunit.junit.internal.ArchUnitTestDescriptor.lambda$createChildren$1(ArchUnitTestDescriptor.java:90) ~[archunit-junit5-engine-1.3.0.jar:1.3.0]
	at com.tngtech.archunit.junit.internal.ArchUnitTestDescriptor$ArchUnitRuleDescriptor.execute(ArchUnitTestDescriptor.java:167) ~[archunit-junit5-engine-1.3.0.jar:1.3.0]
	at com.tngtech.archunit.junit.internal.ArchUnitTestDescriptor$ArchUnitRuleDescriptor.execute(ArchUnitTestDescriptor.java:150) ~[archunit-junit5-engine-1.3.0.jar:1.3.0]
	at org.junit.platform.engine.support.hierarchical.NodeTestTask.lambda$executeRecursively$2(NodeTestTask.java:176) ~[junit-platform-engine-6.0.1.jar:6.0.1]
	at org.junit.platform.engine.support.hierarchical.ThrowableCollector.execute(ThrowableCollector.java:74) ~[junit-platform-engine-6.0.1.jar:6.0.1]
	at org.junit.platform.engine.support.hierarchical.NodeTestTask.lambda$executeRecursively$1(NodeTestTask.java:166) ~[junit-platform-engine-6.0.1.jar:6.0.1]
	at org.junit.platform.engine.support.hierarchical.Node.around(Node.java:138) ~[junit-platform-engine-6.0.1.jar:6.0.1]
	at org.junit.platform.engine.support.hierarchical.NodeTestTask.lambda$executeRecursively$0(NodeTestTask.java:164) ~[junit-platform-engine-6.0.1.jar:6.0.1]
	at org.junit.platform.engine.support.hierarchical.ThrowableCollector.execute(ThrowableCollector.java:74) ~[junit-platform-engine-6.0.1.jar:6.0.1]
	at org.junit.platform.engine.support.hierarchical.NodeTestTask.executeRecursively(NodeTestTask.java:163) ~[junit-platform-engine-6.0.1.jar:6.0.1]
	at org.junit.platform.engine.support.hierarchical.NodeTestTask.execute(NodeTestTask.java:116) ~[junit-platform-engine-6.0.1.jar:6.0.1]
	at java.base/java.util.ArrayList.forEach(ArrayList.java:1612) ~[na:na]
	at org.junit.platform.engine.support.hierarchical.SameThreadHierarchicalTestExecutorService.invokeAll(SameThreadHierarchicalTestExecutorService.java:42) ~[junit-platform-engine-6.0.1.jar:6.0.1]
	at org.junit.platform.engine.support.hierarchical.NodeTestTask.lambda$executeRecursively$2(NodeTestTask.java:180) ~[junit-platform-engine-6.0.1.jar:6.0.1]
	at org.junit.platform.engine.support.hierarchical.ThrowableCollector.execute(ThrowableCollector.java:74) ~[junit-platform-engine-6.0.1.jar:6.0.1]
	at org.junit.platform.engine.support.hierarchical.NodeTestTask.lambda$executeRecursively$1(NodeTestTask.java:166) ~[junit-platform-engine-6.0.1.jar:6.0.1]
	at org.junit.platform.engine.support.hierarchical.Node.around(Node.java:138) ~[junit-platform-engine-6.0.1.jar:6.0.1]
	at org.junit.platform.engine.support.hierarchical.NodeTestTask.lambda$executeRecursively$0(NodeTestTask.java:164) ~[junit-platform-engine-6.0.1.jar:6.0.1]
	at org.junit.platform.engine.support.hierarchical.ThrowableCollector.execute(ThrowableCollector.java:74) ~[junit-platform-engine-6.0.1.jar:6.0.1]
	at org.junit.platform.engine.support.hierarchical.NodeTestTask.executeRecursively(NodeTestTask.java:163) ~[junit-platform-engine-6.0.1.jar:6.0.1]
	at org.junit.platform.engine.support.hierarchical.NodeTestTask.execute(NodeTestTask.java:116) ~[junit-platform-engine-6.0.1.jar:6.0.1]
	at java.base/java.util.ArrayList.forEach(ArrayList.java:1612) ~[na:na]
	at org.junit.platform.engine.support.hierarchical.SameThreadHierarchicalTestExecutorService.invokeAll(SameThreadHierarchicalTestExecutorService.java:42) ~[junit-platform-engine-6.0.1.jar:6.0.1]
	at org.junit.platform.engine.support.hierarchical.NodeTestTask.lambda$executeRecursively$2(NodeTestTask.java:180) ~[junit-platform-engine-6.0.1.jar:6.0.1]
	at org.junit.platform.engine.support.hierarchical.ThrowableCollector.execute(ThrowableCollector.java:74) ~[junit-platform-engine-6.0.1.jar:6.0.1]
	at org.junit.platform.engine.support.hierarchical.NodeTestTask.lambda$executeRecursively$1(NodeTestTask.java:166) ~[junit-platform-engine-6.0.1.jar:6.0.1]
	at org.junit.platform.engine.support.hierarchical.Node.around(Node.java:138) ~[junit-platform-engine-6.0.1.jar:6.0.1]
	at org.junit.platform.engine.support.hierarchical.NodeTestTask.lambda$executeRecursively$0(NodeTestTask.java:164) ~[junit-platform-engine-6.0.1.jar:6.0.1]
	at org.junit.platform.engine.support.hierarchical.ThrowableCollector.execute(ThrowableCollector.java:74) ~[junit-platform-engine-6.0.1.jar:6.0.1]
	at org.junit.platform.engine.support.hierarchical.NodeTestTask.executeRecursively(NodeTestTask.java:163) ~[junit-platform-engine-6.0.1.jar:6.0.1]
	at org.junit.platform.engine.support.hierarchical.NodeTestTask.execute(NodeTestTask.java:116) ~[junit-platform-engine-6.0.1.jar:6.0.1]
	at org.junit.platform.engine.support.hierarchical.SameThreadHierarchicalTestExecutorService.submit(SameThreadHierarchicalTestExecutorService.java:36) ~[junit-platform-engine-6.0.1.jar:6.0.1]
	at org.junit.platform.engine.support.hierarchical.HierarchicalTestExecutor.execute(HierarchicalTestExecutor.java:52) ~[junit-platform-engine-6.0.1.jar:6.0.1]
	at org.junit.platform.engine.support.hierarchical.HierarchicalTestEngine.execute(HierarchicalTestEngine.java:58) ~[junit-platform-engine-6.0.1.jar:6.0.1]
	at org.junit.platform.launcher.core.EngineExecutionOrchestrator.executeEngine(EngineExecutionOrchestrator.java:246) ~[junit-platform-launcher-6.0.1.jar:6.0.1]
	at org.junit.platform.launcher.core.EngineExecutionOrchestrator.failOrExecuteEngine(EngineExecutionOrchestrator.java:218) ~[junit-platform-launcher-6.0.1.jar:6.0.1]
	at org.junit.platform.launcher.core.EngineExecutionOrchestrator.execute(EngineExecutionOrchestrator.java:179) ~[junit-platform-launcher-6.0.1.jar:6.0.1]
	at org.junit.platform.launcher.core.EngineExecutionOrchestrator.execute(EngineExecutionOrchestrator.java:108) ~[junit-platform-launcher-6.0.1.jar:6.0.1]
	at org.junit.platform.launcher.core.EngineExecutionOrchestrator.lambda$execute$0(EngineExecutionOrchestrator.java:66) ~[junit-platform-launcher-6.0.1.jar:6.0.1]
	at org.junit.platform.launcher.core.EngineExecutionOrchestrator.withInterceptedStreams(EngineExecutionOrchestrator.java:157) ~[junit-platform-launcher-6.0.1.jar:6.0.1]
	at org.junit.platform.launcher.core.EngineExecutionOrchestrator.execute(EngineExecutionOrchestrator.java:65) ~[junit-platform-launcher-6.0.1.jar:6.0.1]
	at org.junit.platform.launcher.core.DefaultLauncher.execute(DefaultLauncher.java:125) ~[junit-platform-launcher-6.0.1.jar:6.0.1]
	at org.junit.platform.launcher.core.DefaultLauncher.execute(DefaultLauncher.java:114) ~[junit-platform-launcher-6.0.1.jar:6.0.1]
	at org.junit.platform.launcher.core.DelegatingLauncher.execute(DelegatingLauncher.java:58) ~[junit-platform-launcher-6.0.1.jar:6.0.1]
	at org.junit.platform.launcher.core.InterceptingLauncher.lambda$execute$2(InterceptingLauncher.java:57) ~[junit-platform-launcher-6.0.1.jar:6.0.1]
	at org.junit.platform.launcher.core.ClasspathAlignmentCheckingLauncherInterceptor.intercept(ClasspathAlignmentCheckingLauncherInterceptor.java:25) ~[junit-platform-launcher-6.0.1.jar:6.0.1]
	at org.junit.platform.launcher.core.InterceptingLauncher.execute(InterceptingLauncher.java:56) ~[junit-platform-launcher-6.0.1.jar:6.0.1]
	at org.junit.platform.launcher.core.DelegatingLauncher.execute(DelegatingLauncher.java:58) ~[junit-platform-launcher-6.0.1.jar:6.0.1]
	at java.base/jdk.internal.reflect.DirectMethodHandleAccessor.invoke(DirectMethodHandleAccessor.java:104) ~[na:na]
	at java.base/java.lang.reflect.Method.invoke(Method.java:583) ~[na:na]
	at org.apache.maven.surefire.api.util.ReflectionUtils.invokeMethodWithArray(ReflectionUtils.java:125) ~[surefire-api-3.5.4.jar:3.5.4]
	at org.apache.maven.surefire.junitplatform.LauncherAdapter.executeWithCancellationToken(LauncherAdapter.java:68) ~[surefire-junit-platform-3.5.4.jar:3.5.4]
	at org.apache.maven.surefire.junitplatform.LauncherAdapter.execute(LauncherAdapter.java:54) ~[surefire-junit-platform-3.5.4.jar:3.5.4]
	at org.apache.maven.surefire.junitplatform.JUnitPlatformProvider.execute(JUnitPlatformProvider.java:203) ~[surefire-junit-platform-3.5.4.jar:3.5.4]
	at org.apache.maven.surefire.junitplatform.JUnitPlatformProvider.invokeAllTests(JUnitPlatformProvider.java:168) ~[surefire-junit-platform-3.5.4.jar:3.5.4]
	at org.apache.maven.surefire.junitplatform.JUnitPlatformProvider.invoke(JUnitPlatformProvider.java:136) ~[surefire-junit-platform-3.5.4.jar:3.5.4]
	at org.apache.maven.surefire.booter.ForkedBooter.runSuitesInProcess(ForkedBooter.java:385) ~[surefire-booter-3.5.4.jar:3.5.4]
	at org.apache.maven.surefire.booter.ForkedBooter.execute(ForkedBooter.java:162) ~[surefire-booter-3.5.4.jar:3.5.4]
	at org.apache.maven.surefire.booter.ForkedBooter.run(ForkedBooter.java:507) ~[surefire-booter-3.5.4.jar:3.5.4]
	at org.apache.maven.surefire.booter.ForkedBooter.main(ForkedBooter.java:495) ~[surefire-booter-3.5.4.jar:3.5.4]

2026-10-02T23:36:46.202+01:00  WARN 32244 --- [archunit-hexagonal] [           main] c.t.a.core.importer.ClassFileProcessor   : Error during import from jrt:/java.base/java/lang/Exception.class, falling back to simple import

java.lang.IllegalArgumentException: Unsupported class file major version 71
	at com.tngtech.archunit.thirdparty.org.objectweb.asm.ClassReader.<init>(ClassReader.java:200) ~[archunit-1.3.0.jar:1.3.0]
	at com.tngtech.archunit.thirdparty.org.objectweb.asm.ClassReader.<init>(ClassReader.java:180) ~[archunit-1.3.0.jar:1.3.0]
	at com.tngtech.archunit.thirdparty.org.objectweb.asm.ClassReader.<init>(ClassReader.java:166) ~[archunit-1.3.0.jar:1.3.0]
	at com.tngtech.archunit.thirdparty.org.objectweb.asm.ClassReader.<init>(ClassReader.java:288) ~[archunit-1.3.0.jar:1.3.0]
	at com.tngtech.archunit.core.importer.ClassFileProcessor$UriImporterOfProcessor.tryImport(ClassFileProcessor.java:350) ~[archunit-1.3.0.jar:1.3.0]
	at com.tngtech.archunit.core.importer.resolvers.ClassResolverFromClasspath.tryResolve(ClassResolverFromClasspath.java:51) ~[archunit-1.3.0.jar:1.3.0]
	at com.tngtech.archunit.core.importer.ImportedClasses.resolve(ImportedClasses.java:80) ~[archunit-1.3.0.jar:1.3.0]
	at com.tngtech.archunit.core.importer.ImportedClasses.getOrResolve(ImportedClasses.java:67) ~[archunit-1.3.0.jar:1.3.0]
	at com.tngtech.archunit.core.importer.DomainBuilders$JavaMemberBuilder.get(DomainBuilders.java:179) ~[archunit-1.3.0.jar:1.3.0]
	at com.tngtech.archunit.core.importer.DomainBuilders$JavaCodeUnitBuilder.asJavaClasses(DomainBuilders.java:329) ~[archunit-1.3.0.jar:1.3.0]
	at com.tngtech.archunit.core.importer.DomainBuilders$JavaCodeUnitBuilder.getThrowsClause(DomainBuilders.java:323) ~[archunit-1.3.0.jar:1.3.0]
	at com.tngtech.archunit.core.domain.JavaMethod.<init>(JavaMethod.java:45) ~[archunit-1.3.0.jar:1.3.0]
	at com.tngtech.archunit.core.domain.DomainObjectCreationContext.createJavaMethod(DomainObjectCreationContext.java:144) ~[archunit-1.3.0.jar:1.3.0]
	at com.tngtech.archunit.core.importer.DomainBuilders$JavaMethodBuilder.construct(DomainBuilders.java:373) ~[archunit-1.3.0.jar:1.3.0]
	at com.tngtech.archunit.core.importer.DomainBuilders$JavaMethodBuilder.construct(DomainBuilders.java:358) ~[archunit-1.3.0.jar:1.3.0]
	at com.tngtech.archunit.core.importer.DomainBuilders$JavaMemberBuilder.build(DomainBuilders.java:206) ~[archunit-1.3.0.jar:1.3.0]
	at com.tngtech.archunit.core.importer.DomainBuilders$JavaMemberBuilder.build(DomainBuilders.java:138) ~[archunit-1.3.0.jar:1.3.0]
	at com.tngtech.archunit.core.importer.DomainBuilders$BuilderWithBuildParameter$BuildFinisher.lambda$build$0(DomainBuilders.java:892) ~[archunit-1.3.0.jar:1.3.0]
	at java.base/java.util.stream.ReferencePipeline$3$1.accept(ReferencePipeline.java:214) ~[na:na]
	at java.base/java.util.stream.ReferencePipeline$2$1.accept(ReferencePipeline.java:197) ~[na:na]
	at java.base/java.util.HashMap$KeySpliterator.forEachRemaining(HashMap.java:1741) ~[na:na]
	at java.base/java.util.stream.AbstractPipeline.copyInto(AbstractPipeline.java:570) ~[na:na]
	at java.base/java.util.stream.AbstractPipeline.wrapAndCopyInto(AbstractPipeline.java:560) ~[na:na]
	at java.base/java.util.stream.ReduceOps$ReduceOp.evaluateSequential(ReduceOps.java:921) ~[na:na]
	at java.base/java.util.stream.AbstractPipeline.evaluate(AbstractPipeline.java:265) ~[na:na]
	at java.base/java.util.stream.ReferencePipeline.collect(ReferencePipeline.java:723) ~[na:na]
	at com.tngtech.archunit.core.importer.DomainBuilders$BuilderWithBuildParameter$BuildFinisher.build(DomainBuilders.java:892) ~[archunit-1.3.0.jar:1.3.0]
	at com.tngtech.archunit.core.importer.ClassGraphCreator.createMethods(ClassGraphCreator.java:322) ~[archunit-1.3.0.jar:1.3.0]
	at com.tngtech.archunit.core.domain.JavaClassMembers.create(JavaClassMembers.java:352) ~[archunit-1.3.0.jar:1.3.0]
	at com.tngtech.archunit.core.domain.JavaClass.completeMembers(JavaClass.java:1477) ~[archunit-1.3.0.jar:1.3.0]
	at com.tngtech.archunit.core.domain.DomainObjectCreationContext.completeMembers(DomainObjectCreationContext.java:96) ~[archunit-1.3.0.jar:1.3.0]
	at com.tngtech.archunit.core.importer.ClassGraphCreator.completeClasses(ClassGraphCreator.java:120) ~[archunit-1.3.0.jar:1.3.0]
	at com.tngtech.archunit.core.importer.ClassGraphCreator.complete(ClassGraphCreator.java:108) ~[archunit-1.3.0.jar:1.3.0]
	at com.tngtech.archunit.core.importer.ClassFileProcessor.process(ClassFileProcessor.java:75) ~[archunit-1.3.0.jar:1.3.0]
	at com.tngtech.archunit.core.importer.ClassFileImporter.importLocations(ClassFileImporter.java:325) ~[archunit-1.3.0.jar:1.3.0]
	at com.tngtech.archunit.junit.internal.ClassCache$CacheClassFileImporter.importClasses(ClassCache.java:126) ~[archunit-junit5-engine-1.3.0.jar:1.3.0]
	at com.tngtech.archunit.junit.internal.ClassCache$LazyJavaClasses.initialize(ClassCache.java:118) ~[archunit-junit5-engine-1.3.0.jar:1.3.0]
	at com.tngtech.archunit.junit.internal.ClassCache$LazyJavaClasses.get(ClassCache.java:107) ~[archunit-junit5-engine-1.3.0.jar:1.3.0]
	at com.tngtech.archunit.junit.internal.ClassCache.getClassesToAnalyzeFor(ClassCache.java:84) ~[archunit-junit5-engine-1.3.0.jar:1.3.0]
	at com.tngtech.archunit.junit.internal.ArchUnitTestDescriptor.lambda$createChildren$1(ArchUnitTestDescriptor.java:90) ~[archunit-junit5-engine-1.3.0.jar:1.3.0]
	at com.tngtech.archunit.junit.internal.ArchUnitTestDescriptor$ArchUnitRuleDescriptor.execute(ArchUnitTestDescriptor.java:167) ~[archunit-junit5-engine-1.3.0.jar:1.3.0]
	at com.tngtech.archunit.junit.internal.ArchUnitTestDescriptor$ArchUnitRuleDescriptor.execute(ArchUnitTestDescriptor.java:150) ~[archunit-junit5-engine-1.3.0.jar:1.3.0]
	at org.junit.platform.engine.support.hierarchical.NodeTestTask.lambda$executeRecursively$2(NodeTestTask.java:176) ~[junit-platform-engine-6.0.1.jar:6.0.1]
	at org.junit.platform.engine.support.hierarchical.ThrowableCollector.execute(ThrowableCollector.java:74) ~[junit-platform-engine-6.0.1.jar:6.0.1]
	at org.junit.platform.engine.support.hierarchical.NodeTestTask.lambda$executeRecursively$1(NodeTestTask.java:166) ~[junit-platform-engine-6.0.1.jar:6.0.1]
	at org.junit.platform.engine.support.hierarchical.Node.around(Node.java:138) ~[junit-platform-engine-6.0.1.jar:6.0.1]
	at org.junit.platform.engine.support.hierarchical.NodeTestTask.lambda$executeRecursively$0(NodeTestTask.java:164) ~[junit-platform-engine-6.0.1.jar:6.0.1]
	at org.junit.platform.engine.support.hierarchical.ThrowableCollector.execute(ThrowableCollector.java:74) ~[junit-platform-engine-6.0.1.jar:6.0.1]
	at org.junit.platform.engine.support.hierarchical.NodeTestTask.executeRecursively(NodeTestTask.java:163) ~[junit-platform-engine-6.0.1.jar:6.0.1]
	at org.junit.platform.engine.support.hierarchical.NodeTestTask.execute(NodeTestTask.java:116) ~[junit-platform-engine-6.0.1.jar:6.0.1]
	at java.base/java.util.ArrayList.forEach(ArrayList.java:1612) ~[na:na]
	at org.junit.platform.engine.support.hierarchical.SameThreadHierarchicalTestExecutorService.invokeAll(SameThreadHierarchicalTestExecutorService.java:42) ~[junit-platform-engine-6.0.1.jar:6.0.1]
	at org.junit.platform.engine.support.hierarchical.NodeTestTask.lambda$executeRecursively$2(NodeTestTask.java:180) ~[junit-platform-engine-6.0.1.jar:6.0.1]
	at org.junit.platform.engine.support.hierarchical.ThrowableCollector.execute(ThrowableCollector.java:74) ~[junit-platform-engine-6.0.1.jar:6.0.1]
	at org.junit.platform.engine.support.hierarchical.NodeTestTask.lambda$executeRecursively$1(NodeTestTask.java:166) ~[junit-platform-engine-6.0.1.jar:6.0.1]
	at org.junit.platform.engine.support.hierarchical.Node.around(Node.java:138) ~[junit-platform-engine-6.0.1.jar:6.0.1]
	at org.junit.platform.engine.support.hierarchical.NodeTestTask.lambda$executeRecursively$0(NodeTestTask.java:164) ~[junit-platform-engine-6.0.1.jar:6.0.1]
	at org.junit.platform.engine.support.hierarchical.ThrowableCollector.execute(ThrowableCollector.java:74) ~[junit-platform-engine-6.0.1.jar:6.0.1]
	at org.junit.platform.engine.support.hierarchical.NodeTestTask.executeRecursively(NodeTestTask.java:163) ~[junit-platform-engine-6.0.1.jar:6.0.1]
	at org.junit.platform.engine.support.hierarchical.NodeTestTask.execute(NodeTestTask.java:116) ~[junit-platform-engine-6.0.1.jar:6.0.1]
	at java.base/java.util.ArrayList.forEach(ArrayList.java:1612) ~[na:na]
	at org.junit.platform.engine.support.hierarchical.SameThreadHierarchicalTestExecutorService.invokeAll(SameThreadHierarchicalTestExecutorService.java:42) ~[junit-platform-engine-6.0.1.jar:6.0.1]
	at org.junit.platform.engine.support.hierarchical.NodeTestTask.lambda$executeRecursively$2(NodeTestTask.java:180) ~[junit-platform-engine-6.0.1.jar:6.0.1]
	at org.junit.platform.engine.support.hierarchical.ThrowableCollector.execute(ThrowableCollector.java:74) ~[junit-platform-engine-6.0.1.jar:6.0.1]
	at org.junit.platform.engine.support.hierarchical.NodeTestTask.lambda$executeRecursively$1(NodeTestTask.java:166) ~[junit-platform-engine-6.0.1.jar:6.0.1]
	at org.junit.platform.engine.support.hierarchical.Node.around(Node.java:138) ~[junit-platform-engine-6.0.1.jar:6.0.1]
	at org.junit.platform.engine.support.hierarchical.NodeTestTask.lambda$executeRecursively$0(NodeTestTask.java:164) ~[junit-platform-engine-6.0.1.jar:6.0.1]
	at org.junit.platform.engine.support.hierarchical.ThrowableCollector.execute(ThrowableCollector.java:74) ~[junit-platform-engine-6.0.1.jar:6.0.1]
	at org.junit.platform.engine.support.hierarchical.NodeTestTask.executeRecursively(NodeTestTask.java:163) ~[junit-platform-engine-6.0.1.jar:6.0.1]
	at org.junit.platform.engine.support.hierarchical.NodeTestTask.execute(NodeTestTask.java:116) ~[junit-platform-engine-6.0.1.jar:6.0.1]
	at org.junit.platform.engine.support.hierarchical.SameThreadHierarchicalTestExecutorService.submit(SameThreadHierarchicalTestExecutorService.java:36) ~[junit-platform-engine-6.0.1.jar:6.0.1]
	at org.junit.platform.engine.support.hierarchical.HierarchicalTestExecutor.execute(HierarchicalTestExecutor.java:52) ~[junit-platform-engine-6.0.1.jar:6.0.1]
	at org.junit.platform.engine.support.hierarchical.HierarchicalTestEngine.execute(HierarchicalTestEngine.java:58) ~[junit-platform-engine-6.0.1.jar:6.0.1]
	at org.junit.platform.launcher.core.EngineExecutionOrchestrator.executeEngine(EngineExecutionOrchestrator.java:246) ~[junit-platform-launcher-6.0.1.jar:6.0.1]
	at org.junit.platform.launcher.core.EngineExecutionOrchestrator.failOrExecuteEngine(EngineExecutionOrchestrator.java:218) ~[junit-platform-launcher-6.0.1.jar:6.0.1]
	at org.junit.platform.launcher.core.EngineExecutionOrchestrator.execute(EngineExecutionOrchestrator.java:179) ~[junit-platform-launcher-6.0.1.jar:6.0.1]
	at org.junit.platform.launcher.core.EngineExecutionOrchestrator.execute(EngineExecutionOrchestrator.java:108) ~[junit-platform-launcher-6.0.1.jar:6.0.1]
	at org.junit.platform.launcher.core.EngineExecutionOrchestrator.lambda$execute$0(EngineExecutionOrchestrator.java:66) ~[junit-platform-launcher-6.0.1.jar:6.0.1]
	at org.junit.platform.launcher.core.EngineExecutionOrchestrator.withInterceptedStreams(EngineExecutionOrchestrator.java:157) ~[junit-platform-launcher-6.0.1.jar:6.0.1]
	at org.junit.platform.launcher.core.EngineExecutionOrchestrator.execute(EngineExecutionOrchestrator.java:65) ~[junit-platform-launcher-6.0.1.jar:6.0.1]
	at org.junit.platform.launcher.core.DefaultLauncher.execute(DefaultLauncher.java:125) ~[junit-platform-launcher-6.0.1.jar:6.0.1]
	at org.junit.platform.launcher.core.DefaultLauncher.execute(DefaultLauncher.java:114) ~[junit-platform-launcher-6.0.1.jar:6.0.1]
	at org.junit.platform.launcher.core.DelegatingLauncher.execute(DelegatingLauncher.java:58) ~[junit-platform-launcher-6.0.1.jar:6.0.1]
	at org.junit.platform.launcher.core.InterceptingLauncher.lambda$execute$2(InterceptingLauncher.java:57) ~[junit-platform-launcher-6.0.1.jar:6.0.1]
	at org.junit.platform.launcher.core.ClasspathAlignmentCheckingLauncherInterceptor.intercept(ClasspathAlignmentCheckingLauncherInterceptor.java:25) ~[junit-platform-launcher-6.0.1.jar:6.0.1]
	at org.junit.platform.launcher.core.InterceptingLauncher.execute(InterceptingLauncher.java:56) ~[junit-platform-launcher-6.0.1.jar:6.0.1]
	at org.junit.platform.launcher.core.DelegatingLauncher.execute(DelegatingLauncher.java:58) ~[junit-platform-launcher-6.0.1.jar:6.0.1]
	at java.base/jdk.internal.reflect.DirectMethodHandleAccessor.invoke(DirectMethodHandleAccessor.java:104) ~[na:na]
	at java.base/java.lang.reflect.Method.invoke(Method.java:583) ~[na:na]
	at org.apache.maven.surefire.api.util.ReflectionUtils.invokeMethodWithArray(ReflectionUtils.java:125) ~[surefire-api-3.5.4.jar:3.5.4]
	at org.apache.maven.surefire.junitplatform.LauncherAdapter.executeWithCancellationToken(LauncherAdapter.java:68) ~[surefire-junit-platform-3.5.4.jar:3.5.4]
	at org.apache.maven.surefire.junitplatform.LauncherAdapter.execute(LauncherAdapter.java:54) ~[surefire-junit-platform-3.5.4.jar:3.5.4]
	at org.apache.maven.surefire.junitplatform.JUnitPlatformProvider.execute(JUnitPlatformProvider.java:203) ~[surefire-junit-platform-3.5.4.jar:3.5.4]
	at org.apache.maven.surefire.junitplatform.JUnitPlatformProvider.invokeAllTests(JUnitPlatformProvider.java:168) ~[surefire-junit-platform-3.5.4.jar:3.5.4]
	at org.apache.maven.surefire.junitplatform.JUnitPlatformProvider.invoke(JUnitPlatformProvider.java:136) ~[surefire-junit-platform-3.5.4.jar:3.5.4]
	at org.apache.maven.surefire.booter.ForkedBooter.runSuitesInProcess(ForkedBooter.java:385) ~[surefire-booter-3.5.4.jar:3.5.4]
	at org.apache.maven.surefire.booter.ForkedBooter.execute(ForkedBooter.java:162) ~[surefire-booter-3.5.4.jar:3.5.4]
	at org.apache.maven.surefire.booter.ForkedBooter.run(ForkedBooter.java:507) ~[surefire-booter-3.5.4.jar:3.5.4]
	at org.apache.maven.surefire.booter.ForkedBooter.main(ForkedBooter.java:495) ~[surefire-booter-3.5.4.jar:3.5.4]

2026-10-02T23:36:46.206+01:00  WARN 32244 --- [archunit-hexagonal] [           main] c.t.a.core.importer.ClassFileProcessor   : Error during import from jrt:/java.base/java/lang/RuntimeException.class, falling back to simple import

java.lang.IllegalArgumentException: Unsupported class file major version 71
	at com.tngtech.archunit.thirdparty.org.objectweb.asm.ClassReader.<init>(ClassReader.java:200) ~[archunit-1.3.0.jar:1.3.0]
	at com.tngtech.archunit.thirdparty.org.objectweb.asm.ClassReader.<init>(ClassReader.java:180) ~[archunit-1.3.0.jar:1.3.0]
	at com.tngtech.archunit.thirdparty.org.objectweb.asm.ClassReader.<init>(ClassReader.java:166) ~[archunit-1.3.0.jar:1.3.0]
	at com.tngtech.archunit.thirdparty.org.objectweb.asm.ClassReader.<init>(ClassReader.java:288) ~[archunit-1.3.0.jar:1.3.0]
	at com.tngtech.archunit.core.importer.ClassFileProcessor$UriImporterOfProcessor.tryImport(ClassFileProcessor.java:350) ~[archunit-1.3.0.jar:1.3.0]
	at com.tngtech.archunit.core.importer.resolvers.ClassResolverFromClasspath.tryResolve(ClassResolverFromClasspath.java:51) ~[archunit-1.3.0.jar:1.3.0]
	at com.tngtech.archunit.core.importer.ImportedClasses.resolve(ImportedClasses.java:80) ~[archunit-1.3.0.jar:1.3.0]
	at com.tngtech.archunit.core.importer.ImportedClasses.getOrResolve(ImportedClasses.java:67) ~[archunit-1.3.0.jar:1.3.0]
	at com.tngtech.archunit.core.importer.DomainBuilders$JavaMemberBuilder.get(DomainBuilders.java:179) ~[archunit-1.3.0.jar:1.3.0]
	at com.tngtech.archunit.core.importer.DomainBuilders$JavaCodeUnitBuilder.getRawReturnType(DomainBuilders.java:289) ~[archunit-1.3.0.jar:1.3.0]
	at com.tngtech.archunit.core.domain.JavaCodeUnit$ReturnType.<init>(JavaCodeUnit.java:367) ~[archunit-1.3.0.jar:1.3.0]
	at com.tngtech.archunit.core.domain.JavaCodeUnit.<init>(JavaCodeUnit.java:81) ~[archunit-1.3.0.jar:1.3.0]
	at com.tngtech.archunit.core.domain.JavaMethod.<init>(JavaMethod.java:44) ~[archunit-1.3.0.jar:1.3.0]
	at com.tngtech.archunit.core.domain.DomainObjectCreationContext.createJavaMethod(DomainObjectCreationContext.java:144) ~[archunit-1.3.0.jar:1.3.0]
	at com.tngtech.archunit.core.importer.DomainBuilders$JavaMethodBuilder.construct(DomainBuilders.java:373) ~[archunit-1.3.0.jar:1.3.0]
	at com.tngtech.archunit.core.importer.DomainBuilders$JavaMethodBuilder.construct(DomainBuilders.java:358) ~[archunit-1.3.0.jar:1.3.0]
	at com.tngtech.archunit.core.importer.DomainBuilders$JavaMemberBuilder.build(DomainBuilders.java:206) ~[archunit-1.3.0.jar:1.3.0]
	at com.tngtech.archunit.core.importer.DomainBuilders$JavaMemberBuilder.build(DomainBuilders.java:138) ~[archunit-1.3.0.jar:1.3.0]
	at com.tngtech.archunit.core.importer.DomainBuilders$BuilderWithBuildParameter$BuildFinisher.lambda$build$0(DomainBuilders.java:892) ~[archunit-1.3.0.jar:1.3.0]
	at java.base/java.util.stream.ReferencePipeline$3$1.accept(ReferencePipeline.java:214) ~[na:na]
	at java.base/java.util.stream.ReferencePipeline$2$1.accept(ReferencePipeline.java:197) ~[na:na]
	at java.base/java.util.HashMap$KeySpliterator.forEachRemaining(HashMap.java:1741) ~[na:na]
	at java.base/java.util.stream.AbstractPipeline.copyInto(AbstractPipeline.java:570) ~[na:na]
	at java.base/java.util.stream.AbstractPipeline.wrapAndCopyInto(AbstractPipeline.java:560) ~[na:na]
	at java.base/java.util.stream.ReduceOps$ReduceOp.evaluateSequential(ReduceOps.java:921) ~[na:na]
	at java.base/java.util.stream.AbstractPipeline.evaluate(AbstractPipeline.java:265) ~[na:na]
	at java.base/java.util.stream.ReferencePipeline.collect(ReferencePipeline.java:723) ~[na:na]
	at com.tngtech.archunit.core.importer.DomainBuilders$BuilderWithBuildParameter$BuildFinisher.build(DomainBuilders.java:892) ~[archunit-1.3.0.jar:1.3.0]
	at com.tngtech.archunit.core.importer.ClassGraphCreator.createMethods(ClassGraphCreator.java:322) ~[archunit-1.3.0.jar:1.3.0]
	at com.tngtech.archunit.core.domain.JavaClassMembers.create(JavaClassMembers.java:352) ~[archunit-1.3.0.jar:1.3.0]
	at com.tngtech.archunit.core.domain.JavaClass.completeMembers(JavaClass.java:1477) ~[archunit-1.3.0.jar:1.3.0]
	at com.tngtech.archunit.core.domain.DomainObjectCreationContext.completeMembers(DomainObjectCreationContext.java:96) ~[archunit-1.3.0.jar:1.3.0]
	at com.tngtech.archunit.core.importer.ClassGraphCreator.completeClasses(ClassGraphCreator.java:120) ~[archunit-1.3.0.jar:1.3.0]
	at com.tngtech.archunit.core.importer.ClassGraphCreator.complete(ClassGraphCreator.java:108) ~[archunit-1.3.0.jar:1.3.0]
	at com.tngtech.archunit.core.importer.ClassFileProcessor.process(ClassFileProcessor.java:75) ~[archunit-1.3.0.jar:1.3.0]
	at com.tngtech.archunit.core.importer.ClassFileImporter.importLocations(ClassFileImporter.java:325) ~[archunit-1.3.0.jar:1.3.0]
	at com.tngtech.archunit.junit.internal.ClassCache$CacheClassFileImporter.importClasses(ClassCache.java:126) ~[archunit-junit5-engine-1.3.0.jar:1.3.0]
	at com.tngtech.archunit.junit.internal.ClassCache$LazyJavaClasses.initialize(ClassCache.java:118) ~[archunit-junit5-engine-1.3.0.jar:1.3.0]
	at com.tngtech.archunit.junit.internal.ClassCache$LazyJavaClasses.get(ClassCache.java:107) ~[archunit-junit5-engine-1.3.0.jar:1.3.0]
	at com.tngtech.archunit.junit.internal.ClassCache.getClassesToAnalyzeFor(ClassCache.java:84) ~[archunit-junit5-engine-1.3.0.jar:1.3.0]
	at com.tngtech.archunit.junit.internal.ArchUnitTestDescriptor.lambda$createChildren$1(ArchUnitTestDescriptor.java:90) ~[archunit-junit5-engine-1.3.0.jar:1.3.0]
	at com.tngtech.archunit.junit.internal.ArchUnitTestDescriptor$ArchUnitRuleDescriptor.execute(ArchUnitTestDescriptor.java:167) ~[archunit-junit5-engine-1.3.0.jar:1.3.0]
	at com.tngtech.archunit.junit.internal.ArchUnitTestDescriptor$ArchUnitRuleDescriptor.execute(ArchUnitTestDescriptor.java:150) ~[archunit-junit5-engine-1.3.0.jar:1.3.0]
	at org.junit.platform.engine.support.hierarchical.NodeTestTask.lambda$executeRecursively$2(NodeTestTask.java:176) ~[junit-platform-engine-6.0.1.jar:6.0.1]
	at org.junit.platform.engine.support.hierarchical.ThrowableCollector.execute(ThrowableCollector.java:74) ~[junit-platform-engine-6.0.1.jar:6.0.1]
	at org.junit.platform.engine.support.hierarchical.NodeTestTask.lambda$executeRecursively$1(NodeTestTask.java:166) ~[junit-platform-engine-6.0.1.jar:6.0.1]
	at org.junit.platform.engine.support.hierarchical.Node.around(Node.java:138) ~[junit-platform-engine-6.0.1.jar:6.0.1]
	at org.junit.platform.engine.support.hierarchical.NodeTestTask.lambda$executeRecursively$0(NodeTestTask.java:164) ~[junit-platform-engine-6.0.1.jar:6.0.1]
	at org.junit.platform.engine.support.hierarchical.ThrowableCollector.execute(ThrowableCollector.java:74) ~[junit-platform-engine-6.0.1.jar:6.0.1]
	at org.junit.platform.engine.support.hierarchical.NodeTestTask.executeRecursively(NodeTestTask.java:163) ~[junit-platform-engine-6.0.1.jar:6.0.1]
	at org.junit.platform.engine.support.hierarchical.NodeTestTask.execute(NodeTestTask.java:116) ~[junit-platform-engine-6.0.1.jar:6.0.1]
	at java.base/java.util.ArrayList.forEach(ArrayList.java:1612) ~[na:na]
	at org.junit.platform.engine.support.hierarchical.SameThreadHierarchicalTestExecutorService.invokeAll(SameThreadHierarchicalTestExecutorService.java:42) ~[junit-platform-engine-6.0.1.jar:6.0.1]
	at org.junit.platform.engine.support.hierarchical.NodeTestTask.lambda$executeRecursively$2(NodeTestTask.java:180) ~[junit-platform-engine-6.0.1.jar:6.0.1]
	at org.junit.platform.engine.support.hierarchical.ThrowableCollector.execute(ThrowableCollector.java:74) ~[junit-platform-engine-6.0.1.jar:6.0.1]
	at org.junit.platform.engine.support.hierarchical.NodeTestTask.lambda$executeRecursively$1(NodeTestTask.java:166) ~[junit-platform-engine-6.0.1.jar:6.0.1]
	at org.junit.platform.engine.support.hierarchical.Node.around(Node.java:138) ~[junit-platform-engine-6.0.1.jar:6.0.1]
	at org.junit.platform.engine.support.hierarchical.NodeTestTask.lambda$executeRecursively$0(NodeTestTask.java:164) ~[junit-platform-engine-6.0.1.jar:6.0.1]
	at org.junit.platform.engine.support.hierarchical.ThrowableCollector.execute(ThrowableCollector.java:74) ~[junit-platform-engine-6.0.1.jar:6.0.1]
	at org.junit.platform.engine.support.hierarchical.NodeTestTask.executeRecursively(NodeTestTask.java:163) ~[junit-platform-engine-6.0.1.jar:6.0.1]
	at org.junit.platform.engine.support.hierarchical.NodeTestTask.execute(NodeTestTask.java:116) ~[junit-platform-engine-6.0.1.jar:6.0.1]
	at java.base/java.util.ArrayList.forEach(ArrayList.java:1612) ~[na:na]
	at org.junit.platform.engine.support.hierarchical.SameThreadHierarchicalTestExecutorService.invokeAll(SameThreadHierarchicalTestExecutorService.java:42) ~[junit-platform-engine-6.0.1.jar:6.0.1]
	at org.junit.platform.engine.support.hierarchical.NodeTestTask.lambda$executeRecursively$2(NodeTestTask.java:180) ~[junit-platform-engine-6.0.1.jar:6.0.1]
	at org.junit.platform.engine.support.hierarchical.ThrowableCollector.execute(ThrowableCollector.java:74) ~[junit-platform-engine-6.0.1.jar:6.0.1]
	at org.junit.platform.engine.support.hierarchical.NodeTestTask.lambda$executeRecursively$1(NodeTestTask.java:166) ~[junit-platform-engine-6.0.1.jar:6.0.1]
	at org.junit.platform.engine.support.hierarchical.Node.around(Node.java:138) ~[junit-platform-engine-6.0.1.jar:6.0.1]
	at org.junit.platform.engine.support.hierarchical.NodeTestTask.lambda$executeRecursively$0(NodeTestTask.java:164) ~[junit-platform-engine-6.0.1.jar:6.0.1]
	at org.junit.platform.engine.support.hierarchical.ThrowableCollector.execute(ThrowableCollector.java:74) ~[junit-platform-engine-6.0.1.jar:6.0.1]
	at org.junit.platform.engine.support.hierarchical.NodeTestTask.executeRecursively(NodeTestTask.java:163) ~[junit-platform-engine-6.0.1.jar:6.0.1]
	at org.junit.platform.engine.support.hierarchical.NodeTestTask.execute(NodeTestTask.java:116) ~[junit-platform-engine-6.0.1.jar:6.0.1]
	at org.junit.platform.engine.support.hierarchical.SameThreadHierarchicalTestExecutorService.submit(SameThreadHierarchicalTestExecutorService.java:36) ~[junit-platform-engine-6.0.1.jar:6.0.1]
	at org.junit.platform.engine.support.hierarchical.HierarchicalTestExecutor.execute(HierarchicalTestExecutor.java:52) ~[junit-platform-engine-6.0.1.jar:6.0.1]
	at org.junit.platform.engine.support.hierarchical.HierarchicalTestEngine.execute(HierarchicalTestEngine.java:58) ~[junit-platform-engine-6.0.1.jar:6.0.1]
	at org.junit.platform.launcher.core.EngineExecutionOrchestrator.executeEngine(EngineExecutionOrchestrator.java:246) ~[junit-platform-launcher-6.0.1.jar:6.0.1]
	at org.junit.platform.launcher.core.EngineExecutionOrchestrator.failOrExecuteEngine(EngineExecutionOrchestrator.java:218) ~[junit-platform-launcher-6.0.1.jar:6.0.1]
	at org.junit.platform.launcher.core.EngineExecutionOrchestrator.execute(EngineExecutionOrchestrator.java:179) ~[junit-platform-launcher-6.0.1.jar:6.0.1]
	at org.junit.platform.launcher.core.EngineExecutionOrchestrator.execute(EngineExecutionOrchestrator.java:108) ~[junit-platform-launcher-6.0.1.jar:6.0.1]
	at org.junit.platform.launcher.core.EngineExecutionOrchestrator.lambda$execute$0(EngineExecutionOrchestrator.java:66) ~[junit-platform-launcher-6.0.1.jar:6.0.1]
	at org.junit.platform.launcher.core.EngineExecutionOrchestrator.withInterceptedStreams(EngineExecutionOrchestrator.java:157) ~[junit-platform-launcher-6.0.1.jar:6.0.1]
	at org.junit.platform.launcher.core.EngineExecutionOrchestrator.execute(EngineExecutionOrchestrator.java:65) ~[junit-platform-launcher-6.0.1.jar:6.0.1]
	at org.junit.platform.launcher.core.DefaultLauncher.execute(DefaultLauncher.java:125) ~[junit-platform-launcher-6.0.1.jar:6.0.1]
	at org.junit.platform.launcher.core.DefaultLauncher.execute(DefaultLauncher.java:114) ~[junit-platform-launcher-6.0.1.jar:6.0.1]
	at org.junit.platform.launcher.core.DelegatingLauncher.execute(DelegatingLauncher.java:58) ~[junit-platform-launcher-6.0.1.jar:6.0.1]
	at org.junit.platform.launcher.core.InterceptingLauncher.lambda$execute$2(InterceptingLauncher.java:57) ~[junit-platform-launcher-6.0.1.jar:6.0.1]
	at org.junit.platform.launcher.core.ClasspathAlignmentCheckingLauncherInterceptor.intercept(ClasspathAlignmentCheckingLauncherInterceptor.java:25) ~[junit-platform-launcher-6.0.1.jar:6.0.1]
	at org.junit.platform.launcher.core.InterceptingLauncher.execute(InterceptingLauncher.java:56) ~[junit-platform-launcher-6.0.1.jar:6.0.1]
	at org.junit.platform.launcher.core.DelegatingLauncher.execute(DelegatingLauncher.java:58) ~[junit-platform-launcher-6.0.1.jar:6.0.1]
	at java.base/jdk.internal.reflect.DirectMethodHandleAccessor.invoke(DirectMethodHandleAccessor.java:104) ~[na:na]
	at java.base/java.lang.reflect.Method.invoke(Method.java:583) ~[na:na]
	at org.apache.maven.surefire.api.util.ReflectionUtils.invokeMethodWithArray(ReflectionUtils.java:125) ~[surefire-api-3.5.4.jar:3.5.4]
	at org.apache.maven.surefire.junitplatform.LauncherAdapter.executeWithCancellationToken(LauncherAdapter.java:68) ~[surefire-junit-platform-3.5.4.jar:3.5.4]
	at org.apache.maven.surefire.junitplatform.LauncherAdapter.execute(LauncherAdapter.java:54) ~[surefire-junit-platform-3.5.4.jar:3.5.4]
	at org.apache.maven.surefire.junitplatform.JUnitPlatformProvider.execute(JUnitPlatformProvider.java:203) ~[surefire-junit-platform-3.5.4.jar:3.5.4]
	at org.apache.maven.surefire.junitplatform.JUnitPlatformProvider.invokeAllTests(JUnitPlatformProvider.java:168) ~[surefire-junit-platform-3.5.4.jar:3.5.4]
	at org.apache.maven.surefire.junitplatform.JUnitPlatformProvider.invoke(JUnitPlatformProvider.java:136) ~[surefire-junit-platform-3.5.4.jar:3.5.4]
	at org.apache.maven.surefire.booter.ForkedBooter.runSuitesInProcess(ForkedBooter.java:385) ~[surefire-booter-3.5.4.jar:3.5.4]
	at org.apache.maven.surefire.booter.ForkedBooter.execute(ForkedBooter.java:162) ~[surefire-booter-3.5.4.jar:3.5.4]
	at org.apache.maven.surefire.booter.ForkedBooter.run(ForkedBooter.java:507) ~[surefire-booter-3.5.4.jar:3.5.4]
	at org.apache.maven.surefire.booter.ForkedBooter.main(ForkedBooter.java:495) ~[surefire-booter-3.5.4.jar:3.5.4]

2026-10-02T23:36:46.215+01:00  WARN 32244 --- [archunit-hexagonal] [           main] c.t.a.core.importer.ClassFileProcessor   : Error during import from jrt:/java.base/java/lang/Runnable.class, falling back to simple import

java.lang.IllegalArgumentException: Unsupported class file major version 71
	at com.tngtech.archunit.thirdparty.org.objectweb.asm.ClassReader.<init>(ClassReader.java:200) ~[archunit-1.3.0.jar:1.3.0]
	at com.tngtech.archunit.thirdparty.org.objectweb.asm.ClassReader.<init>(ClassReader.java:180) ~[archunit-1.3.0.jar:1.3.0]
	at com.tngtech.archunit.thirdparty.org.objectweb.asm.ClassReader.<init>(ClassReader.java:166) ~[archunit-1.3.0.jar:1.3.0]
	at com.tngtech.archunit.thirdparty.org.objectweb.asm.ClassReader.<init>(ClassReader.java:288) ~[archunit-1.3.0.jar:1.3.0]
	at com.tngtech.archunit.core.importer.ClassFileProcessor$UriImporterOfProcessor.tryImport(ClassFileProcessor.java:350) ~[archunit-1.3.0.jar:1.3.0]
	at com.tngtech.archunit.core.importer.resolvers.ClassResolverFromClasspath.tryResolve(ClassResolverFromClasspath.java:51) ~[archunit-1.3.0.jar:1.3.0]
	at com.tngtech.archunit.core.importer.ImportedClasses.resolve(ImportedClasses.java:80) ~[archunit-1.3.0.jar:1.3.0]
	at com.tngtech.archunit.core.importer.ImportedClasses.getOrResolve(ImportedClasses.java:67) ~[archunit-1.3.0.jar:1.3.0]
	at com.tngtech.archunit.core.importer.DomainBuilders$JavaMemberBuilder.get(DomainBuilders.java:179) ~[archunit-1.3.0.jar:1.3.0]
	at com.tngtech.archunit.core.importer.DomainBuilders$JavaCodeUnitBuilder.asJavaClasses(DomainBuilders.java:329) ~[archunit-1.3.0.jar:1.3.0]
	at com.tngtech.archunit.core.importer.DomainBuilders$JavaCodeUnitBuilder.getRawParameterTypes(DomainBuilders.java:303) ~[archunit-1.3.0.jar:1.3.0]
	at com.tngtech.archunit.core.domain.JavaCodeUnit$Parameters.<init>(JavaCodeUnit.java:317) ~[archunit-1.3.0.jar:1.3.0]
	at com.tngtech.archunit.core.domain.JavaCodeUnit.<init>(JavaCodeUnit.java:82) ~[archunit-1.3.0.jar:1.3.0]
	at com.tngtech.archunit.core.domain.JavaMethod.<init>(JavaMethod.java:44) ~[archunit-1.3.0.jar:1.3.0]
	at com.tngtech.archunit.core.domain.DomainObjectCreationContext.createJavaMethod(DomainObjectCreationContext.java:144) ~[archunit-1.3.0.jar:1.3.0]
	at com.tngtech.archunit.core.importer.DomainBuilders$JavaMethodBuilder.construct(DomainBuilders.java:373) ~[archunit-1.3.0.jar:1.3.0]
	at com.tngtech.archunit.core.importer.DomainBuilders$JavaMethodBuilder.construct(DomainBuilders.java:358) ~[archunit-1.3.0.jar:1.3.0]
	at com.tngtech.archunit.core.importer.DomainBuilders$JavaMemberBuilder.build(DomainBuilders.java:206) ~[archunit-1.3.0.jar:1.3.0]
	at com.tngtech.archunit.core.importer.DomainBuilders$JavaMemberBuilder.build(DomainBuilders.java:138) ~[archunit-1.3.0.jar:1.3.0]
	at com.tngtech.archunit.core.importer.DomainBuilders$BuilderWithBuildParameter$BuildFinisher.lambda$build$0(DomainBuilders.java:892) ~[archunit-1.3.0.jar:1.3.0]
	at java.base/java.util.stream.ReferencePipeline$3$1.accept(ReferencePipeline.java:214) ~[na:na]
	at java.base/java.util.stream.ReferencePipeline$2$1.accept(ReferencePipeline.java:197) ~[na:na]
	at java.base/java.util.HashMap$KeySpliterator.forEachRemaining(HashMap.java:1741) ~[na:na]
	at java.base/java.util.stream.AbstractPipeline.copyInto(AbstractPipeline.java:570) ~[na:na]
	at java.base/java.util.stream.AbstractPipeline.wrapAndCopyInto(AbstractPipeline.java:560) ~[na:na]
	at java.base/java.util.stream.ReduceOps$ReduceOp.evaluateSequential(ReduceOps.java:921) ~[na:na]
	at java.base/java.util.stream.AbstractPipeline.evaluate(AbstractPipeline.java:265) ~[na:na]
	at java.base/java.util.stream.ReferencePipeline.collect(ReferencePipeline.java:723) ~[na:na]
	at com.tngtech.archunit.core.importer.DomainBuilders$BuilderWithBuildParameter$BuildFinisher.build(DomainBuilders.java:892) ~[archunit-1.3.0.jar:1.3.0]
	at com.tngtech.archunit.core.importer.ClassGraphCreator.createMethods(ClassGraphCreator.java:322) ~[archunit-1.3.0.jar:1.3.0]
	at com.tngtech.archunit.core.domain.JavaClassMembers.create(JavaClassMembers.java:352) ~[archunit-1.3.0.jar:1.3.0]
	at com.tngtech.archunit.core.domain.JavaClass.completeMembers(JavaClass.java:1477) ~[archunit-1.3.0.jar:1.3.0]
	at com.tngtech.archunit.core.domain.DomainObjectCreationContext.completeMembers(DomainObjectCreationContext.java:96) ~[archunit-1.3.0.jar:1.3.0]
	at com.tngtech.archunit.core.importer.ClassGraphCreator.completeClasses(ClassGraphCreator.java:120) ~[archunit-1.3.0.jar:1.3.0]
	at com.tngtech.archunit.core.importer.ClassGraphCreator.complete(ClassGraphCreator.java:108) ~[archunit-1.3.0.jar:1.3.0]
	at com.tngtech.archunit.core.importer.ClassFileProcessor.process(ClassFileProcessor.java:75) ~[archunit-1.3.0.jar:1.3.0]
	at com.tngtech.archunit.core.importer.ClassFileImporter.importLocations(ClassFileImporter.java:325) ~[archunit-1.3.0.jar:1.3.0]
	at com.tngtech.archunit.junit.internal.ClassCache$CacheClassFileImporter.importClasses(ClassCache.java:126) ~[archunit-junit5-engine-1.3.0.jar:1.3.0]
	at com.tngtech.archunit.junit.internal.ClassCache$LazyJavaClasses.initialize(ClassCache.java:118) ~[archunit-junit5-engine-1.3.0.jar:1.3.0]
	at com.tngtech.archunit.junit.internal.ClassCache$LazyJavaClasses.get(ClassCache.java:107) ~[archunit-junit5-engine-1.3.0.jar:1.3.0]
	at com.tngtech.archunit.junit.internal.ClassCache.getClassesToAnalyzeFor(ClassCache.java:84) ~[archunit-junit5-engine-1.3.0.jar:1.3.0]
	at com.tngtech.archunit.junit.internal.ArchUnitTestDescriptor.lambda$createChildren$1(ArchUnitTestDescriptor.java:90) ~[archunit-junit5-engine-1.3.0.jar:1.3.0]
	at com.tngtech.archunit.junit.internal.ArchUnitTestDescriptor$ArchUnitRuleDescriptor.execute(ArchUnitTestDescriptor.java:167) ~[archunit-junit5-engine-1.3.0.jar:1.3.0]
	at com.tngtech.archunit.junit.internal.ArchUnitTestDescriptor$ArchUnitRuleDescriptor.execute(ArchUnitTestDescriptor.java:150) ~[archunit-junit5-engine-1.3.0.jar:1.3.0]
	at org.junit.platform.engine.support.hierarchical.NodeTestTask.lambda$executeRecursively$2(NodeTestTask.java:176) ~[junit-platform-engine-6.0.1.jar:6.0.1]
	at org.junit.platform.engine.support.hierarchical.ThrowableCollector.execute(ThrowableCollector.java:74) ~[junit-platform-engine-6.0.1.jar:6.0.1]
	at org.junit.platform.engine.support.hierarchical.NodeTestTask.lambda$executeRecursively$1(NodeTestTask.java:166) ~[junit-platform-engine-6.0.1.jar:6.0.1]
	at org.junit.platform.engine.support.hierarchical.Node.around(Node.java:138) ~[junit-platform-engine-6.0.1.jar:6.0.1]
	at org.junit.platform.engine.support.hierarchical.NodeTestTask.lambda$executeRecursively$0(NodeTestTask.java:164) ~[junit-platform-engine-6.0.1.jar:6.0.1]
	at org.junit.platform.engine.support.hierarchical.ThrowableCollector.execute(ThrowableCollector.java:74) ~[junit-platform-engine-6.0.1.jar:6.0.1]
	at org.junit.platform.engine.support.hierarchical.NodeTestTask.executeRecursively(NodeTestTask.java:163) ~[junit-platform-engine-6.0.1.jar:6.0.1]
	at org.junit.platform.engine.support.hierarchical.NodeTestTask.execute(NodeTestTask.java:116) ~[junit-platform-engine-6.0.1.jar:6.0.1]
	at java.base/java.util.ArrayList.forEach(ArrayList.java:1612) ~[na:na]
	at org.junit.platform.engine.support.hierarchical.SameThreadHierarchicalTestExecutorService.invokeAll(SameThreadHierarchicalTestExecutorService.java:42) ~[junit-platform-engine-6.0.1.jar:6.0.1]
	at org.junit.platform.engine.support.hierarchical.NodeTestTask.lambda$executeRecursively$2(NodeTestTask.java:180) ~[junit-platform-engine-6.0.1.jar:6.0.1]
	at org.junit.platform.engine.support.hierarchical.ThrowableCollector.execute(ThrowableCollector.java:74) ~[junit-platform-engine-6.0.1.jar:6.0.1]
	at org.junit.platform.engine.support.hierarchical.NodeTestTask.lambda$executeRecursively$1(NodeTestTask.java:166) ~[junit-platform-engine-6.0.1.jar:6.0.1]
	at org.junit.platform.engine.support.hierarchical.Node.around(Node.java:138) ~[junit-platform-engine-6.0.1.jar:6.0.1]
	at org.junit.platform.engine.support.hierarchical.NodeTestTask.lambda$executeRecursively$0(NodeTestTask.java:164) ~[junit-platform-engine-6.0.1.jar:6.0.1]
	at org.junit.platform.engine.support.hierarchical.ThrowableCollector.execute(ThrowableCollector.java:74) ~[junit-platform-engine-6.0.1.jar:6.0.1]
	at org.junit.platform.engine.support.hierarchical.NodeTestTask.executeRecursively(NodeTestTask.java:163) ~[junit-platform-engine-6.0.1.jar:6.0.1]
	at org.junit.platform.engine.support.hierarchical.NodeTestTask.execute(NodeTestTask.java:116) ~[junit-platform-engine-6.0.1.jar:6.0.1]
	at java.base/java.util.ArrayList.forEach(ArrayList.java:1612) ~[na:na]
	at org.junit.platform.engine.support.hierarchical.SameThreadHierarchicalTestExecutorService.invokeAll(SameThreadHierarchicalTestExecutorService.java:42) ~[junit-platform-engine-6.0.1.jar:6.0.1]
	at org.junit.platform.engine.support.hierarchical.NodeTestTask.lambda$executeRecursively$2(NodeTestTask.java:180) ~[junit-platform-engine-6.0.1.jar:6.0.1]
	at org.junit.platform.engine.support.hierarchical.ThrowableCollector.execute(ThrowableCollector.java:74) ~[junit-platform-engine-6.0.1.jar:6.0.1]
	at org.junit.platform.engine.support.hierarchical.NodeTestTask.lambda$executeRecursively$1(NodeTestTask.java:166) ~[junit-platform-engine-6.0.1.jar:6.0.1]
	at org.junit.platform.engine.support.hierarchical.Node.around(Node.java:138) ~[junit-platform-engine-6.0.1.jar:6.0.1]
	at org.junit.platform.engine.support.hierarchical.NodeTestTask.lambda$executeRecursively$0(NodeTestTask.java:164) ~[junit-platform-engine-6.0.1.jar:6.0.1]
	at org.junit.platform.engine.support.hierarchical.ThrowableCollector.execute(ThrowableCollector.java:74) ~[junit-platform-engine-6.0.1.jar:6.0.1]
	at org.junit.platform.engine.support.hierarchical.NodeTestTask.executeRecursively(NodeTestTask.java:163) ~[junit-platform-engine-6.0.1.jar:6.0.1]
	at org.junit.platform.engine.support.hierarchical.NodeTestTask.execute(NodeTestTask.java:116) ~[junit-platform-engine-6.0.1.jar:6.0.1]
	at org.junit.platform.engine.support.hierarchical.SameThreadHierarchicalTestExecutorService.submit(SameThreadHierarchicalTestExecutorService.java:36) ~[junit-platform-engine-6.0.1.jar:6.0.1]
	at org.junit.platform.engine.support.hierarchical.HierarchicalTestExecutor.execute(HierarchicalTestExecutor.java:52) ~[junit-platform-engine-6.0.1.jar:6.0.1]
	at org.junit.platform.engine.support.hierarchical.HierarchicalTestEngine.execute(HierarchicalTestEngine.java:58) ~[junit-platform-engine-6.0.1.jar:6.0.1]
	at org.junit.platform.launcher.core.EngineExecutionOrchestrator.executeEngine(EngineExecutionOrchestrator.java:246) ~[junit-platform-launcher-6.0.1.jar:6.0.1]
	at org.junit.platform.launcher.core.EngineExecutionOrchestrator.failOrExecuteEngine(EngineExecutionOrchestrator.java:218) ~[junit-platform-launcher-6.0.1.jar:6.0.1]
	at org.junit.platform.launcher.core.EngineExecutionOrchestrator.execute(EngineExecutionOrchestrator.java:179) ~[junit-platform-launcher-6.0.1.jar:6.0.1]
	at org.junit.platform.launcher.core.EngineExecutionOrchestrator.execute(EngineExecutionOrchestrator.java:108) ~[junit-platform-launcher-6.0.1.jar:6.0.1]
	at org.junit.platform.launcher.core.EngineExecutionOrchestrator.lambda$execute$0(EngineExecutionOrchestrator.java:66) ~[junit-platform-launcher-6.0.1.jar:6.0.1]
	at org.junit.platform.launcher.core.EngineExecutionOrchestrator.withInterceptedStreams(EngineExecutionOrchestrator.java:157) ~[junit-platform-launcher-6.0.1.jar:6.0.1]
	at org.junit.platform.launcher.core.EngineExecutionOrchestrator.execute(EngineExecutionOrchestrator.java:65) ~[junit-platform-launcher-6.0.1.jar:6.0.1]
	at org.junit.platform.launcher.core.DefaultLauncher.execute(DefaultLauncher.java:125) ~[junit-platform-launcher-6.0.1.jar:6.0.1]
	at org.junit.platform.launcher.core.DefaultLauncher.execute(DefaultLauncher.java:114) ~[junit-platform-launcher-6.0.1.jar:6.0.1]
	at org.junit.platform.launcher.core.DelegatingLauncher.execute(DelegatingLauncher.java:58) ~[junit-platform-launcher-6.0.1.jar:6.0.1]
	at org.junit.platform.launcher.core.InterceptingLauncher.lambda$execute$2(InterceptingLauncher.java:57) ~[junit-platform-launcher-6.0.1.jar:6.0.1]
	at org.junit.platform.launcher.core.ClasspathAlignmentCheckingLauncherInterceptor.intercept(ClasspathAlignmentCheckingLauncherInterceptor.java:25) ~[junit-platform-launcher-6.0.1.jar:6.0.1]
	at org.junit.platform.launcher.core.InterceptingLauncher.execute(InterceptingLauncher.java:56) ~[junit-platform-launcher-6.0.1.jar:6.0.1]
	at org.junit.platform.launcher.core.DelegatingLauncher.execute(DelegatingLauncher.java:58) ~[junit-platform-launcher-6.0.1.jar:6.0.1]
	at java.base/jdk.internal.reflect.DirectMethodHandleAccessor.invoke(DirectMethodHandleAccessor.java:104) ~[na:na]
	at java.base/java.lang.reflect.Method.invoke(Method.java:583) ~[na:na]
	at org.apache.maven.surefire.api.util.ReflectionUtils.invokeMethodWithArray(ReflectionUtils.java:125) ~[surefire-api-3.5.4.jar:3.5.4]
	at org.apache.maven.surefire.junitplatform.LauncherAdapter.executeWithCancellationToken(LauncherAdapter.java:68) ~[surefire-junit-platform-3.5.4.jar:3.5.4]
	at org.apache.maven.surefire.junitplatform.LauncherAdapter.execute(LauncherAdapter.java:54) ~[surefire-junit-platform-3.5.4.jar:3.5.4]
	at org.apache.maven.surefire.junitplatform.JUnitPlatformProvider.execute(JUnitPlatformProvider.java:203) ~[surefire-junit-platform-3.5.4.jar:3.5.4]
	at org.apache.maven.surefire.junitplatform.JUnitPlatformProvider.invokeAllTests(JUnitPlatformProvider.java:168) ~[surefire-junit-platform-3.5.4.jar:3.5.4]
	at org.apache.maven.surefire.junitplatform.JUnitPlatformProvider.invoke(JUnitPlatformProvider.java:136) ~[surefire-junit-platform-3.5.4.jar:3.5.4]
	at org.apache.maven.surefire.booter.ForkedBooter.runSuitesInProcess(ForkedBooter.java:385) ~[surefire-booter-3.5.4.jar:3.5.4]
	at org.apache.maven.surefire.booter.ForkedBooter.execute(ForkedBooter.java:162) ~[surefire-booter-3.5.4.jar:3.5.4]
	at org.apache.maven.surefire.booter.ForkedBooter.run(ForkedBooter.java:507) ~[surefire-booter-3.5.4.jar:3.5.4]
	at org.apache.maven.surefire.booter.ForkedBooter.main(ForkedBooter.java:495) ~[surefire-booter-3.5.4.jar:3.5.4]

2026-10-02T23:36:46.217+01:00  WARN 32244 --- [archunit-hexagonal] [           main] c.t.a.core.importer.ClassFileProcessor   : Error during import from jrt:/java.base/java/util/Optional.class, falling back to simple import

java.lang.IllegalArgumentException: Unsupported class file major version 71
	at com.tngtech.archunit.thirdparty.org.objectweb.asm.ClassReader.<init>(ClassReader.java:200) ~[archunit-1.3.0.jar:1.3.0]
	at com.tngtech.archunit.thirdparty.org.objectweb.asm.ClassReader.<init>(ClassReader.java:180) ~[archunit-1.3.0.jar:1.3.0]
	at com.tngtech.archunit.thirdparty.org.objectweb.asm.ClassReader.<init>(ClassReader.java:166) ~[archunit-1.3.0.jar:1.3.0]
	at com.tngtech.archunit.thirdparty.org.objectweb.asm.ClassReader.<init>(ClassReader.java:288) ~[archunit-1.3.0.jar:1.3.0]
	at com.tngtech.archunit.core.importer.ClassFileProcessor$UriImporterOfProcessor.tryImport(ClassFileProcessor.java:350) ~[archunit-1.3.0.jar:1.3.0]
	at com.tngtech.archunit.core.importer.resolvers.ClassResolverFromClasspath.tryResolve(ClassResolverFromClasspath.java:51) ~[archunit-1.3.0.jar:1.3.0]
	at com.tngtech.archunit.core.importer.ImportedClasses.resolve(ImportedClasses.java:80) ~[archunit-1.3.0.jar:1.3.0]
	at com.tngtech.archunit.core.importer.ImportedClasses.getOrResolve(ImportedClasses.java:67) ~[archunit-1.3.0.jar:1.3.0]
	at com.tngtech.archunit.core.importer.DomainBuilders$JavaMemberBuilder.get(DomainBuilders.java:179) ~[archunit-1.3.0.jar:1.3.0]
	at com.tngtech.archunit.core.importer.DomainBuilders$JavaCodeUnitBuilder.getRawReturnType(DomainBuilders.java:289) ~[archunit-1.3.0.jar:1.3.0]
	at com.tngtech.archunit.core.domain.JavaCodeUnit$ReturnType.<init>(JavaCodeUnit.java:367) ~[archunit-1.3.0.jar:1.3.0]
	at com.tngtech.archunit.core.domain.JavaCodeUnit.<init>(JavaCodeUnit.java:81) ~[archunit-1.3.0.jar:1.3.0]
	at com.tngtech.archunit.core.domain.JavaMethod.<init>(JavaMethod.java:44) ~[archunit-1.3.0.jar:1.3.0]
	at com.tngtech.archunit.core.domain.DomainObjectCreationContext.createJavaMethod(DomainObjectCreationContext.java:144) ~[archunit-1.3.0.jar:1.3.0]
	at com.tngtech.archunit.core.importer.DomainBuilders$JavaMethodBuilder.construct(DomainBuilders.java:373) ~[archunit-1.3.0.jar:1.3.0]
	at com.tngtech.archunit.core.importer.DomainBuilders$JavaMethodBuilder.construct(DomainBuilders.java:358) ~[archunit-1.3.0.jar:1.3.0]
	at com.tngtech.archunit.core.importer.DomainBuilders$JavaMemberBuilder.build(DomainBuilders.java:206) ~[archunit-1.3.0.jar:1.3.0]
	at com.tngtech.archunit.core.importer.DomainBuilders$JavaMemberBuilder.build(DomainBuilders.java:138) ~[archunit-1.3.0.jar:1.3.0]
	at com.tngtech.archunit.core.importer.DomainBuilders$BuilderWithBuildParameter$BuildFinisher.lambda$build$0(DomainBuilders.java:892) ~[archunit-1.3.0.jar:1.3.0]
	at java.base/java.util.stream.ReferencePipeline$3$1.accept(ReferencePipeline.java:214) ~[na:na]
	at java.base/java.util.stream.ReferencePipeline$2$1.accept(ReferencePipeline.java:197) ~[na:na]
	at java.base/java.util.HashMap$KeySpliterator.forEachRemaining(HashMap.java:1741) ~[na:na]
	at java.base/java.util.stream.AbstractPipeline.copyInto(AbstractPipeline.java:570) ~[na:na]
	at java.base/java.util.stream.AbstractPipeline.wrapAndCopyInto(AbstractPipeline.java:560) ~[na:na]
	at java.base/java.util.stream.ReduceOps$ReduceOp.evaluateSequential(ReduceOps.java:921) ~[na:na]
	at java.base/java.util.stream.AbstractPipeline.evaluate(AbstractPipeline.java:265) ~[na:na]
	at java.base/java.util.stream.ReferencePipeline.collect(ReferencePipeline.java:723) ~[na:na]
	at com.tngtech.archunit.core.importer.DomainBuilders$BuilderWithBuildParameter$BuildFinisher.build(DomainBuilders.java:892) ~[archunit-1.3.0.jar:1.3.0]
	at com.tngtech.archunit.core.importer.ClassGraphCreator.createMethods(ClassGraphCreator.java:322) ~[archunit-1.3.0.jar:1.3.0]
	at com.tngtech.archunit.core.domain.JavaClassMembers.create(JavaClassMembers.java:352) ~[archunit-1.3.0.jar:1.3.0]
	at com.tngtech.archunit.core.domain.JavaClass.completeMembers(JavaClass.java:1477) ~[archunit-1.3.0.jar:1.3.0]
	at com.tngtech.archunit.core.domain.DomainObjectCreationContext.completeMembers(DomainObjectCreationContext.java:96) ~[archunit-1.3.0.jar:1.3.0]
	at com.tngtech.archunit.core.importer.ClassGraphCreator.completeClasses(ClassGraphCreator.java:120) ~[archunit-1.3.0.jar:1.3.0]
	at com.tngtech.archunit.core.importer.ClassGraphCreator.complete(ClassGraphCreator.java:108) ~[archunit-1.3.0.jar:1.3.0]
	at com.tngtech.archunit.core.importer.ClassFileProcessor.process(ClassFileProcessor.java:75) ~[archunit-1.3.0.jar:1.3.0]
	at com.tngtech.archunit.core.importer.ClassFileImporter.importLocations(ClassFileImporter.java:325) ~[archunit-1.3.0.jar:1.3.0]
	at com.tngtech.archunit.junit.internal.ClassCache$CacheClassFileImporter.importClasses(ClassCache.java:126) ~[archunit-junit5-engine-1.3.0.jar:1.3.0]
	at com.tngtech.archunit.junit.internal.ClassCache$LazyJavaClasses.initialize(ClassCache.java:118) ~[archunit-junit5-engine-1.3.0.jar:1.3.0]
	at com.tngtech.archunit.junit.internal.ClassCache$LazyJavaClasses.get(ClassCache.java:107) ~[archunit-junit5-engine-1.3.0.jar:1.3.0]
	at com.tngtech.archunit.junit.internal.ClassCache.getClassesToAnalyzeFor(ClassCache.java:84) ~[archunit-junit5-engine-1.3.0.jar:1.3.0]
	at com.tngtech.archunit.junit.internal.ArchUnitTestDescriptor.lambda$createChildren$1(ArchUnitTestDescriptor.java:90) ~[archunit-junit5-engine-1.3.0.jar:1.3.0]
	at com.tngtech.archunit.junit.internal.ArchUnitTestDescriptor$ArchUnitRuleDescriptor.execute(ArchUnitTestDescriptor.java:167) ~[archunit-junit5-engine-1.3.0.jar:1.3.0]
	at com.tngtech.archunit.junit.internal.ArchUnitTestDescriptor$ArchUnitRuleDescriptor.execute(ArchUnitTestDescriptor.java:150) ~[archunit-junit5-engine-1.3.0.jar:1.3.0]
	at org.junit.platform.engine.support.hierarchical.NodeTestTask.lambda$executeRecursively$2(NodeTestTask.java:176) ~[junit-platform-engine-6.0.1.jar:6.0.1]
	at org.junit.platform.engine.support.hierarchical.ThrowableCollector.execute(ThrowableCollector.java:74) ~[junit-platform-engine-6.0.1.jar:6.0.1]
	at org.junit.platform.engine.support.hierarchical.NodeTestTask.lambda$executeRecursively$1(NodeTestTask.java:166) ~[junit-platform-engine-6.0.1.jar:6.0.1]
	at org.junit.platform.engine.support.hierarchical.Node.around(Node.java:138) ~[junit-platform-engine-6.0.1.jar:6.0.1]
	at org.junit.platform.engine.support.hierarchical.NodeTestTask.lambda$executeRecursively$0(NodeTestTask.java:164) ~[junit-platform-engine-6.0.1.jar:6.0.1]
	at org.junit.platform.engine.support.hierarchical.ThrowableCollector.execute(ThrowableCollector.java:74) ~[junit-platform-engine-6.0.1.jar:6.0.1]
	at org.junit.platform.engine.support.hierarchical.NodeTestTask.executeRecursively(NodeTestTask.java:163) ~[junit-platform-engine-6.0.1.jar:6.0.1]
	at org.junit.platform.engine.support.hierarchical.NodeTestTask.execute(NodeTestTask.java:116) ~[junit-platform-engine-6.0.1.jar:6.0.1]
	at java.base/java.util.ArrayList.forEach(ArrayList.java:1612) ~[na:na]
	at org.junit.platform.engine.support.hierarchical.SameThreadHierarchicalTestExecutorService.invokeAll(SameThreadHierarchicalTestExecutorService.java:42) ~[junit-platform-engine-6.0.1.jar:6.0.1]
	at org.junit.platform.engine.support.hierarchical.NodeTestTask.lambda$executeRecursively$2(NodeTestTask.java:180) ~[junit-platform-engine-6.0.1.jar:6.0.1]
	at org.junit.platform.engine.support.hierarchical.ThrowableCollector.execute(ThrowableCollector.java:74) ~[junit-platform-engine-6.0.1.jar:6.0.1]
	at org.junit.platform.engine.support.hierarchical.NodeTestTask.lambda$executeRecursively$1(NodeTestTask.java:166) ~[junit-platform-engine-6.0.1.jar:6.0.1]
	at org.junit.platform.engine.support.hierarchical.Node.around(Node.java:138) ~[junit-platform-engine-6.0.1.jar:6.0.1]
	at org.junit.platform.engine.support.hierarchical.NodeTestTask.lambda$executeRecursively$0(NodeTestTask.java:164) ~[junit-platform-engine-6.0.1.jar:6.0.1]
	at org.junit.platform.engine.support.hierarchical.ThrowableCollector.execute(ThrowableCollector.java:74) ~[junit-platform-engine-6.0.1.jar:6.0.1]
	at org.junit.platform.engine.support.hierarchical.NodeTestTask.executeRecursively(NodeTestTask.java:163) ~[junit-platform-engine-6.0.1.jar:6.0.1]
	at org.junit.platform.engine.support.hierarchical.NodeTestTask.execute(NodeTestTask.java:116) ~[junit-platform-engine-6.0.1.jar:6.0.1]
	at java.base/java.util.ArrayList.forEach(ArrayList.java:1612) ~[na:na]
	at org.junit.platform.engine.support.hierarchical.SameThreadHierarchicalTestExecutorService.invokeAll(SameThreadHierarchicalTestExecutorService.java:42) ~[junit-platform-engine-6.0.1.jar:6.0.1]
	at org.junit.platform.engine.support.hierarchical.NodeTestTask.lambda$executeRecursively$2(NodeTestTask.java:180) ~[junit-platform-engine-6.0.1.jar:6.0.1]
	at org.junit.platform.engine.support.hierarchical.ThrowableCollector.execute(ThrowableCollector.java:74) ~[junit-platform-engine-6.0.1.jar:6.0.1]
	at org.junit.platform.engine.support.hierarchical.NodeTestTask.lambda$executeRecursively$1(NodeTestTask.java:166) ~[junit-platform-engine-6.0.1.jar:6.0.1]
	at org.junit.platform.engine.support.hierarchical.Node.around(Node.java:138) ~[junit-platform-engine-6.0.1.jar:6.0.1]
	at org.junit.platform.engine.support.hierarchical.NodeTestTask.lambda$executeRecursively$0(NodeTestTask.java:164) ~[junit-platform-engine-6.0.1.jar:6.0.1]
	at org.junit.platform.engine.support.hierarchical.ThrowableCollector.execute(ThrowableCollector.java:74) ~[junit-platform-engine-6.0.1.jar:6.0.1]
	at org.junit.platform.engine.support.hierarchical.NodeTestTask.executeRecursively(NodeTestTask.java:163) ~[junit-platform-engine-6.0.1.jar:6.0.1]
	at org.junit.platform.engine.support.hierarchical.NodeTestTask.execute(NodeTestTask.java:116) ~[junit-platform-engine-6.0.1.jar:6.0.1]
	at org.junit.platform.engine.support.hierarchical.SameThreadHierarchicalTestExecutorService.submit(SameThreadHierarchicalTestExecutorService.java:36) ~[junit-platform-engine-6.0.1.jar:6.0.1]
	at org.junit.platform.engine.support.hierarchical.HierarchicalTestExecutor.execute(HierarchicalTestExecutor.java:52) ~[junit-platform-engine-6.0.1.jar:6.0.1]
	at org.junit.platform.engine.support.hierarchical.HierarchicalTestEngine.execute(HierarchicalTestEngine.java:58) ~[junit-platform-engine-6.0.1.jar:6.0.1]
	at org.junit.platform.launcher.core.EngineExecutionOrchestrator.executeEngine(EngineExecutionOrchestrator.java:246) ~[junit-platform-launcher-6.0.1.jar:6.0.1]
	at org.junit.platform.launcher.core.EngineExecutionOrchestrator.failOrExecuteEngine(EngineExecutionOrchestrator.java:218) ~[junit-platform-launcher-6.0.1.jar:6.0.1]
	at org.junit.platform.launcher.core.EngineExecutionOrchestrator.execute(EngineExecutionOrchestrator.java:179) ~[junit-platform-launcher-6.0.1.jar:6.0.1]
	at org.junit.platform.launcher.core.EngineExecutionOrchestrator.execute(EngineExecutionOrchestrator.java:108) ~[junit-platform-launcher-6.0.1.jar:6.0.1]
	at org.junit.platform.launcher.core.EngineExecutionOrchestrator.lambda$execute$0(EngineExecutionOrchestrator.java:66) ~[junit-platform-launcher-6.0.1.jar:6.0.1]
	at org.junit.platform.launcher.core.EngineExecutionOrchestrator.withInterceptedStreams(EngineExecutionOrchestrator.java:157) ~[junit-platform-launcher-6.0.1.jar:6.0.1]
	at org.junit.platform.launcher.core.EngineExecutionOrchestrator.execute(EngineExecutionOrchestrator.java:65) ~[junit-platform-launcher-6.0.1.jar:6.0.1]
	at org.junit.platform.launcher.core.DefaultLauncher.execute(DefaultLauncher.java:125) ~[junit-platform-launcher-6.0.1.jar:6.0.1]
	at org.junit.platform.launcher.core.DefaultLauncher.execute(DefaultLauncher.java:114) ~[junit-platform-launcher-6.0.1.jar:6.0.1]
	at org.junit.platform.launcher.core.DelegatingLauncher.execute(DelegatingLauncher.java:58) ~[junit-platform-launcher-6.0.1.jar:6.0.1]
	at org.junit.platform.launcher.core.InterceptingLauncher.lambda$execute$2(InterceptingLauncher.java:57) ~[junit-platform-launcher-6.0.1.jar:6.0.1]
	at org.junit.platform.launcher.core.ClasspathAlignmentCheckingLauncherInterceptor.intercept(ClasspathAlignmentCheckingLauncherInterceptor.java:25) ~[junit-platform-launcher-6.0.1.jar:6.0.1]
	at org.junit.platform.launcher.core.InterceptingLauncher.execute(InterceptingLauncher.java:56) ~[junit-platform-launcher-6.0.1.jar:6.0.1]
	at org.junit.platform.launcher.core.DelegatingLauncher.execute(DelegatingLauncher.java:58) ~[junit-platform-launcher-6.0.1.jar:6.0.1]
	at java.base/jdk.internal.reflect.DirectMethodHandleAccessor.invoke(DirectMethodHandleAccessor.java:104) ~[na:na]
	at java.base/java.lang.reflect.Method.invoke(Method.java:583) ~[na:na]
	at org.apache.maven.surefire.api.util.ReflectionUtils.invokeMethodWithArray(ReflectionUtils.java:125) ~[surefire-api-3.5.4.jar:3.5.4]
	at org.apache.maven.surefire.junitplatform.LauncherAdapter.executeWithCancellationToken(LauncherAdapter.java:68) ~[surefire-junit-platform-3.5.4.jar:3.5.4]
	at org.apache.maven.surefire.junitplatform.LauncherAdapter.execute(LauncherAdapter.java:54) ~[surefire-junit-platform-3.5.4.jar:3.5.4]
	at org.apache.maven.surefire.junitplatform.JUnitPlatformProvider.execute(JUnitPlatformProvider.java:203) ~[surefire-junit-platform-3.5.4.jar:3.5.4]
	at org.apache.maven.surefire.junitplatform.JUnitPlatformProvider.invokeAllTests(JUnitPlatformProvider.java:168) ~[surefire-junit-platform-3.5.4.jar:3.5.4]
	at org.apache.maven.surefire.junitplatform.JUnitPlatformProvider.invoke(JUnitPlatformProvider.java:136) ~[surefire-junit-platform-3.5.4.jar:3.5.4]
	at org.apache.maven.surefire.booter.ForkedBooter.runSuitesInProcess(ForkedBooter.java:385) ~[surefire-booter-3.5.4.jar:3.5.4]
	at org.apache.maven.surefire.booter.ForkedBooter.execute(ForkedBooter.java:162) ~[surefire-booter-3.5.4.jar:3.5.4]
	at org.apache.maven.surefire.booter.ForkedBooter.run(ForkedBooter.java:507) ~[surefire-booter-3.5.4.jar:3.5.4]
	at org.apache.maven.surefire.booter.ForkedBooter.main(ForkedBooter.java:495) ~[surefire-booter-3.5.4.jar:3.5.4]

2026-10-02T23:36:46.221+01:00  WARN 32244 --- [archunit-hexagonal] [           main] c.t.a.core.importer.ClassFileProcessor   : Error during import from jrt:/java.base/java/util/stream/Stream.class, falling back to simple import

java.lang.IllegalArgumentException: Unsupported class file major version 71
	at com.tngtech.archunit.thirdparty.org.objectweb.asm.ClassReader.<init>(ClassReader.java:200) ~[archunit-1.3.0.jar:1.3.0]
	at com.tngtech.archunit.thirdparty.org.objectweb.asm.ClassReader.<init>(ClassReader.java:180) ~[archunit-1.3.0.jar:1.3.0]
	at com.tngtech.archunit.thirdparty.org.objectweb.asm.ClassReader.<init>(ClassReader.java:166) ~[archunit-1.3.0.jar:1.3.0]
	at com.tngtech.archunit.thirdparty.org.objectweb.asm.ClassReader.<init>(ClassReader.java:288) ~[archunit-1.3.0.jar:1.3.0]
	at com.tngtech.archunit.core.importer.ClassFileProcessor$UriImporterOfProcessor.tryImport(ClassFileProcessor.java:350) ~[archunit-1.3.0.jar:1.3.0]
	at com.tngtech.archunit.core.importer.resolvers.ClassResolverFromClasspath.tryResolve(ClassResolverFromClasspath.java:51) ~[archunit-1.3.0.jar:1.3.0]
	at com.tngtech.archunit.core.importer.ImportedClasses.resolve(ImportedClasses.java:80) ~[archunit-1.3.0.jar:1.3.0]
	at com.tngtech.archunit.core.importer.ImportedClasses.getOrResolve(ImportedClasses.java:67) ~[archunit-1.3.0.jar:1.3.0]
	at com.tngtech.archunit.core.importer.DomainBuilders$JavaMemberBuilder.get(DomainBuilders.java:179) ~[archunit-1.3.0.jar:1.3.0]
	at com.tngtech.archunit.core.importer.DomainBuilders$JavaCodeUnitBuilder.asJavaClasses(DomainBuilders.java:329) ~[archunit-1.3.0.jar:1.3.0]
	at com.tngtech.archunit.core.importer.DomainBuilders$JavaCodeUnitBuilder.getRawParameterTypes(DomainBuilders.java:303) ~[archunit-1.3.0.jar:1.3.0]
	at com.tngtech.archunit.core.domain.JavaCodeUnit$Parameters.<init>(JavaCodeUnit.java:317) ~[archunit-1.3.0.jar:1.3.0]
	at com.tngtech.archunit.core.domain.JavaCodeUnit.<init>(JavaCodeUnit.java:82) ~[archunit-1.3.0.jar:1.3.0]
	at com.tngtech.archunit.core.domain.JavaMethod.<init>(JavaMethod.java:44) ~[archunit-1.3.0.jar:1.3.0]
	at com.tngtech.archunit.core.domain.DomainObjectCreationContext.createJavaMethod(DomainObjectCreationContext.java:144) ~[archunit-1.3.0.jar:1.3.0]
	at com.tngtech.archunit.core.importer.DomainBuilders$JavaMethodBuilder.construct(DomainBuilders.java:373) ~[archunit-1.3.0.jar:1.3.0]
	at com.tngtech.archunit.core.importer.DomainBuilders$JavaMethodBuilder.construct(DomainBuilders.java:358) ~[archunit-1.3.0.jar:1.3.0]
	at com.tngtech.archunit.core.importer.DomainBuilders$JavaMemberBuilder.build(DomainBuilders.java:206) ~[archunit-1.3.0.jar:1.3.0]
	at com.tngtech.archunit.core.importer.DomainBuilders$JavaMemberBuilder.build(DomainBuilders.java:138) ~[archunit-1.3.0.jar:1.3.0]
	at com.tngtech.archunit.core.importer.DomainBuilders$BuilderWithBuildParameter$BuildFinisher.lambda$build$0(DomainBuilders.java:892) ~[archunit-1.3.0.jar:1.3.0]
	at java.base/java.util.stream.ReferencePipeline$3$1.accept(ReferencePipeline.java:214) ~[na:na]
	at java.base/java.util.stream.ReferencePipeline$2$1.accept(ReferencePipeline.java:197) ~[na:na]
	at java.base/java.util.HashMap$KeySpliterator.forEachRemaining(HashMap.java:1741) ~[na:na]
	at java.base/java.util.stream.AbstractPipeline.copyInto(AbstractPipeline.java:570) ~[na:na]
	at java.base/java.util.stream.AbstractPipeline.wrapAndCopyInto(AbstractPipeline.java:560) ~[na:na]
	at java.base/java.util.stream.ReduceOps$ReduceOp.evaluateSequential(ReduceOps.java:921) ~[na:na]
	at java.base/java.util.stream.AbstractPipeline.evaluate(AbstractPipeline.java:265) ~[na:na]
	at java.base/java.util.stream.ReferencePipeline.collect(ReferencePipeline.java:723) ~[na:na]
	at com.tngtech.archunit.core.importer.DomainBuilders$BuilderWithBuildParameter$BuildFinisher.build(DomainBuilders.java:892) ~[archunit-1.3.0.jar:1.3.0]
	at com.tngtech.archunit.core.importer.ClassGraphCreator.createMethods(ClassGraphCreator.java:322) ~[archunit-1.3.0.jar:1.3.0]
	at com.tngtech.archunit.core.domain.JavaClassMembers.create(JavaClassMembers.java:352) ~[archunit-1.3.0.jar:1.3.0]
	at com.tngtech.archunit.core.domain.JavaClass.completeMembers(JavaClass.java:1477) ~[archunit-1.3.0.jar:1.3.0]
	at com.tngtech.archunit.core.domain.DomainObjectCreationContext.completeMembers(DomainObjectCreationContext.java:96) ~[archunit-1.3.0.jar:1.3.0]
	at com.tngtech.archunit.core.importer.ClassGraphCreator.completeClasses(ClassGraphCreator.java:120) ~[archunit-1.3.0.jar:1.3.0]
	at com.tngtech.archunit.core.importer.ClassGraphCreator.complete(ClassGraphCreator.java:108) ~[archunit-1.3.0.jar:1.3.0]
	at com.tngtech.archunit.core.importer.ClassFileProcessor.process(ClassFileProcessor.java:75) ~[archunit-1.3.0.jar:1.3.0]
	at com.tngtech.archunit.core.importer.ClassFileImporter.importLocations(ClassFileImporter.java:325) ~[archunit-1.3.0.jar:1.3.0]
	at com.tngtech.archunit.junit.internal.ClassCache$CacheClassFileImporter.importClasses(ClassCache.java:126) ~[archunit-junit5-engine-1.3.0.jar:1.3.0]
	at com.tngtech.archunit.junit.internal.ClassCache$LazyJavaClasses.initialize(ClassCache.java:118) ~[archunit-junit5-engine-1.3.0.jar:1.3.0]
	at com.tngtech.archunit.junit.internal.ClassCache$LazyJavaClasses.get(ClassCache.java:107) ~[archunit-junit5-engine-1.3.0.jar:1.3.0]
	at com.tngtech.archunit.junit.internal.ClassCache.getClassesToAnalyzeFor(ClassCache.java:84) ~[archunit-junit5-engine-1.3.0.jar:1.3.0]
	at com.tngtech.archunit.junit.internal.ArchUnitTestDescriptor.lambda$createChildren$1(ArchUnitTestDescriptor.java:90) ~[archunit-junit5-engine-1.3.0.jar:1.3.0]
	at com.tngtech.archunit.junit.internal.ArchUnitTestDescriptor$ArchUnitRuleDescriptor.execute(ArchUnitTestDescriptor.java:167) ~[archunit-junit5-engine-1.3.0.jar:1.3.0]
	at com.tngtech.archunit.junit.internal.ArchUnitTestDescriptor$ArchUnitRuleDescriptor.execute(ArchUnitTestDescriptor.java:150) ~[archunit-junit5-engine-1.3.0.jar:1.3.0]
	at org.junit.platform.engine.support.hierarchical.NodeTestTask.lambda$executeRecursively$2(NodeTestTask.java:176) ~[junit-platform-engine-6.0.1.jar:6.0.1]
	at org.junit.platform.engine.support.hierarchical.ThrowableCollector.execute(ThrowableCollector.java:74) ~[junit-platform-engine-6.0.1.jar:6.0.1]
	at org.junit.platform.engine.support.hierarchical.NodeTestTask.lambda$executeRecursively$1(NodeTestTask.java:166) ~[junit-platform-engine-6.0.1.jar:6.0.1]
	at org.junit.platform.engine.support.hierarchical.Node.around(Node.java:138) ~[junit-platform-engine-6.0.1.jar:6.0.1]
	at org.junit.platform.engine.support.hierarchical.NodeTestTask.lambda$executeRecursively$0(NodeTestTask.java:164) ~[junit-platform-engine-6.0.1.jar:6.0.1]
	at org.junit.platform.engine.support.hierarchical.ThrowableCollector.execute(ThrowableCollector.java:74) ~[junit-platform-engine-6.0.1.jar:6.0.1]
	at org.junit.platform.engine.support.hierarchical.NodeTestTask.executeRecursively(NodeTestTask.java:163) ~[junit-platform-engine-6.0.1.jar:6.0.1]
	at org.junit.platform.engine.support.hierarchical.NodeTestTask.execute(NodeTestTask.java:116) ~[junit-platform-engine-6.0.1.jar:6.0.1]
	at java.base/java.util.ArrayList.forEach(ArrayList.java:1612) ~[na:na]
	at org.junit.platform.engine.support.hierarchical.SameThreadHierarchicalTestExecutorService.invokeAll(SameThreadHierarchicalTestExecutorService.java:42) ~[junit-platform-engine-6.0.1.jar:6.0.1]
	at org.junit.platform.engine.support.hierarchical.NodeTestTask.lambda$executeRecursively$2(NodeTestTask.java:180) ~[junit-platform-engine-6.0.1.jar:6.0.1]
	at org.junit.platform.engine.support.hierarchical.ThrowableCollector.execute(ThrowableCollector.java:74) ~[junit-platform-engine-6.0.1.jar:6.0.1]
	at org.junit.platform.engine.support.hierarchical.NodeTestTask.lambda$executeRecursively$1(NodeTestTask.java:166) ~[junit-platform-engine-6.0.1.jar:6.0.1]
	at org.junit.platform.engine.support.hierarchical.Node.around(Node.java:138) ~[junit-platform-engine-6.0.1.jar:6.0.1]
	at org.junit.platform.engine.support.hierarchical.NodeTestTask.lambda$executeRecursively$0(NodeTestTask.java:164) ~[junit-platform-engine-6.0.1.jar:6.0.1]
	at org.junit.platform.engine.support.hierarchical.ThrowableCollector.execute(ThrowableCollector.java:74) ~[junit-platform-engine-6.0.1.jar:6.0.1]
	at org.junit.platform.engine.support.hierarchical.NodeTestTask.executeRecursively(NodeTestTask.java:163) ~[junit-platform-engine-6.0.1.jar:6.0.1]
	at org.junit.platform.engine.support.hierarchical.NodeTestTask.execute(NodeTestTask.java:116) ~[junit-platform-engine-6.0.1.jar:6.0.1]
	at java.base/java.util.ArrayList.forEach(ArrayList.java:1612) ~[na:na]
	at org.junit.platform.engine.support.hierarchical.SameThreadHierarchicalTestExecutorService.invokeAll(SameThreadHierarchicalTestExecutorService.java:42) ~[junit-platform-engine-6.0.1.jar:6.0.1]
	at org.junit.platform.engine.support.hierarchical.NodeTestTask.lambda$executeRecursively$2(NodeTestTask.java:180) ~[junit-platform-engine-6.0.1.jar:6.0.1]
	at org.junit.platform.engine.support.hierarchical.ThrowableCollector.execute(ThrowableCollector.java:74) ~[junit-platform-engine-6.0.1.jar:6.0.1]
	at org.junit.platform.engine.support.hierarchical.NodeTestTask.lambda$executeRecursively$1(NodeTestTask.java:166) ~[junit-platform-engine-6.0.1.jar:6.0.1]
	at org.junit.platform.engine.support.hierarchical.Node.around(Node.java:138) ~[junit-platform-engine-6.0.1.jar:6.0.1]
	at org.junit.platform.engine.support.hierarchical.NodeTestTask.lambda$executeRecursively$0(NodeTestTask.java:164) ~[junit-platform-engine-6.0.1.jar:6.0.1]
	at org.junit.platform.engine.support.hierarchical.ThrowableCollector.execute(ThrowableCollector.java:74) ~[junit-platform-engine-6.0.1.jar:6.0.1]
	at org.junit.platform.engine.support.hierarchical.NodeTestTask.executeRecursively(NodeTestTask.java:163) ~[junit-platform-engine-6.0.1.jar:6.0.1]
	at org.junit.platform.engine.support.hierarchical.NodeTestTask.execute(NodeTestTask.java:116) ~[junit-platform-engine-6.0.1.jar:6.0.1]
	at org.junit.platform.engine.support.hierarchical.SameThreadHierarchicalTestExecutorService.submit(SameThreadHierarchicalTestExecutorService.java:36) ~[junit-platform-engine-6.0.1.jar:6.0.1]
	at org.junit.platform.engine.support.hierarchical.HierarchicalTestExecutor.execute(HierarchicalTestExecutor.java:52) ~[junit-platform-engine-6.0.1.jar:6.0.1]
	at org.junit.platform.engine.support.hierarchical.HierarchicalTestEngine.execute(HierarchicalTestEngine.java:58) ~[junit-platform-engine-6.0.1.jar:6.0.1]
	at org.junit.platform.launcher.core.EngineExecutionOrchestrator.executeEngine(EngineExecutionOrchestrator.java:246) ~[junit-platform-launcher-6.0.1.jar:6.0.1]
	at org.junit.platform.launcher.core.EngineExecutionOrchestrator.failOrExecuteEngine(EngineExecutionOrchestrator.java:218) ~[junit-platform-launcher-6.0.1.jar:6.0.1]
	at org.junit.platform.launcher.core.EngineExecutionOrchestrator.execute(EngineExecutionOrchestrator.java:179) ~[junit-platform-launcher-6.0.1.jar:6.0.1]
	at org.junit.platform.launcher.core.EngineExecutionOrchestrator.execute(EngineExecutionOrchestrator.java:108) ~[junit-platform-launcher-6.0.1.jar:6.0.1]
	at org.junit.platform.launcher.core.EngineExecutionOrchestrator.lambda$execute$0(EngineExecutionOrchestrator.java:66) ~[junit-platform-launcher-6.0.1.jar:6.0.1]
	at org.junit.platform.launcher.core.EngineExecutionOrchestrator.withInterceptedStreams(EngineExecutionOrchestrator.java:157) ~[junit-platform-launcher-6.0.1.jar:6.0.1]
	at org.junit.platform.launcher.core.EngineExecutionOrchestrator.execute(EngineExecutionOrchestrator.java:65) ~[junit-platform-launcher-6.0.1.jar:6.0.1]
	at org.junit.platform.launcher.core.DefaultLauncher.execute(DefaultLauncher.java:125) ~[junit-platform-launcher-6.0.1.jar:6.0.1]
	at org.junit.platform.launcher.core.DefaultLauncher.execute(DefaultLauncher.java:114) ~[junit-platform-launcher-6.0.1.jar:6.0.1]
	at org.junit.platform.launcher.core.DelegatingLauncher.execute(DelegatingLauncher.java:58) ~[junit-platform-launcher-6.0.1.jar:6.0.1]
	at org.junit.platform.launcher.core.InterceptingLauncher.lambda$execute$2(InterceptingLauncher.java:57) ~[junit-platform-launcher-6.0.1.jar:6.0.1]
	at org.junit.platform.launcher.core.ClasspathAlignmentCheckingLauncherInterceptor.intercept(ClasspathAlignmentCheckingLauncherInterceptor.java:25) ~[junit-platform-launcher-6.0.1.jar:6.0.1]
	at org.junit.platform.launcher.core.InterceptingLauncher.execute(InterceptingLauncher.java:56) ~[junit-platform-launcher-6.0.1.jar:6.0.1]
	at org.junit.platform.launcher.core.DelegatingLauncher.execute(DelegatingLauncher.java:58) ~[junit-platform-launcher-6.0.1.jar:6.0.1]
	at java.base/jdk.internal.reflect.DirectMethodHandleAccessor.invoke(DirectMethodHandleAccessor.java:104) ~[na:na]
	at java.base/java.lang.reflect.Method.invoke(Method.java:583) ~[na:na]
	at org.apache.maven.surefire.api.util.ReflectionUtils.invokeMethodWithArray(ReflectionUtils.java:125) ~[surefire-api-3.5.4.jar:3.5.4]
	at org.apache.maven.surefire.junitplatform.LauncherAdapter.executeWithCancellationToken(LauncherAdapter.java:68) ~[surefire-junit-platform-3.5.4.jar:3.5.4]
	at org.apache.maven.surefire.junitplatform.LauncherAdapter.execute(LauncherAdapter.java:54) ~[surefire-junit-platform-3.5.4.jar:3.5.4]
	at org.apache.maven.surefire.junitplatform.JUnitPlatformProvider.execute(JUnitPlatformProvider.java:203) ~[surefire-junit-platform-3.5.4.jar:3.5.4]
	at org.apache.maven.surefire.junitplatform.JUnitPlatformProvider.invokeAllTests(JUnitPlatformProvider.java:168) ~[surefire-junit-platform-3.5.4.jar:3.5.4]
	at org.apache.maven.surefire.junitplatform.JUnitPlatformProvider.invoke(JUnitPlatformProvider.java:136) ~[surefire-junit-platform-3.5.4.jar:3.5.4]
	at org.apache.maven.surefire.booter.ForkedBooter.runSuitesInProcess(ForkedBooter.java:385) ~[surefire-booter-3.5.4.jar:3.5.4]
	at org.apache.maven.surefire.booter.ForkedBooter.execute(ForkedBooter.java:162) ~[surefire-booter-3.5.4.jar:3.5.4]
	at org.apache.maven.surefire.booter.ForkedBooter.run(ForkedBooter.java:507) ~[surefire-booter-3.5.4.jar:3.5.4]
	at org.apache.maven.surefire.booter.ForkedBooter.main(ForkedBooter.java:495) ~[surefire-booter-3.5.4.jar:3.5.4]

2026-10-02T23:36:46.226+01:00  WARN 32244 --- [archunit-hexagonal] [           main] c.t.a.core.importer.ClassFileProcessor   : Error during import from jrt:/java.base/java/util/Properties.class, falling back to simple import

java.lang.IllegalArgumentException: Unsupported class file major version 71
	at com.tngtech.archunit.thirdparty.org.objectweb.asm.ClassReader.<init>(ClassReader.java:200) ~[archunit-1.3.0.jar:1.3.0]
	at com.tngtech.archunit.thirdparty.org.objectweb.asm.ClassReader.<init>(ClassReader.java:180) ~[archunit-1.3.0.jar:1.3.0]
	at com.tngtech.archunit.thirdparty.org.objectweb.asm.ClassReader.<init>(ClassReader.java:166) ~[archunit-1.3.0.jar:1.3.0]
	at com.tngtech.archunit.thirdparty.org.objectweb.asm.ClassReader.<init>(ClassReader.java:288) ~[archunit-1.3.0.jar:1.3.0]
	at com.tngtech.archunit.core.importer.ClassFileProcessor$UriImporterOfProcessor.tryImport(ClassFileProcessor.java:350) ~[archunit-1.3.0.jar:1.3.0]
	at com.tngtech.archunit.core.importer.resolvers.ClassResolverFromClasspath.tryResolve(ClassResolverFromClasspath.java:51) ~[archunit-1.3.0.jar:1.3.0]
	at com.tngtech.archunit.core.importer.ImportedClasses.resolve(ImportedClasses.java:80) ~[archunit-1.3.0.jar:1.3.0]
	at com.tngtech.archunit.core.importer.ImportedClasses.getOrResolve(ImportedClasses.java:67) ~[archunit-1.3.0.jar:1.3.0]
	at com.tngtech.archunit.core.importer.DomainBuilders$JavaMemberBuilder.get(DomainBuilders.java:179) ~[archunit-1.3.0.jar:1.3.0]
	at com.tngtech.archunit.core.importer.DomainBuilders$JavaCodeUnitBuilder.asJavaClasses(DomainBuilders.java:329) ~[archunit-1.3.0.jar:1.3.0]
	at com.tngtech.archunit.core.importer.DomainBuilders$JavaCodeUnitBuilder.getRawParameterTypes(DomainBuilders.java:303) ~[archunit-1.3.0.jar:1.3.0]
	at com.tngtech.archunit.core.domain.JavaCodeUnit$Parameters.<init>(JavaCodeUnit.java:317) ~[archunit-1.3.0.jar:1.3.0]
	at com.tngtech.archunit.core.domain.JavaCodeUnit.<init>(JavaCodeUnit.java:82) ~[archunit-1.3.0.jar:1.3.0]
	at com.tngtech.archunit.core.domain.JavaMethod.<init>(JavaMethod.java:44) ~[archunit-1.3.0.jar:1.3.0]
	at com.tngtech.archunit.core.domain.DomainObjectCreationContext.createJavaMethod(DomainObjectCreationContext.java:144) ~[archunit-1.3.0.jar:1.3.0]
	at com.tngtech.archunit.core.importer.DomainBuilders$JavaMethodBuilder.construct(DomainBuilders.java:373) ~[archunit-1.3.0.jar:1.3.0]
	at com.tngtech.archunit.core.importer.DomainBuilders$JavaMethodBuilder.construct(DomainBuilders.java:358) ~[archunit-1.3.0.jar:1.3.0]
	at com.tngtech.archunit.core.importer.DomainBuilders$JavaMemberBuilder.build(DomainBuilders.java:206) ~[archunit-1.3.0.jar:1.3.0]
	at com.tngtech.archunit.core.importer.DomainBuilders$JavaMemberBuilder.build(DomainBuilders.java:138) ~[archunit-1.3.0.jar:1.3.0]
	at com.tngtech.archunit.core.importer.DomainBuilders$BuilderWithBuildParameter$BuildFinisher.lambda$build$0(DomainBuilders.java:892) ~[archunit-1.3.0.jar:1.3.0]
	at java.base/java.util.stream.ReferencePipeline$3$1.accept(ReferencePipeline.java:214) ~[na:na]
	at java.base/java.util.stream.ReferencePipeline$2$1.accept(ReferencePipeline.java:197) ~[na:na]
	at java.base/java.util.HashMap$KeySpliterator.forEachRemaining(HashMap.java:1741) ~[na:na]
	at java.base/java.util.stream.AbstractPipeline.copyInto(AbstractPipeline.java:570) ~[na:na]
	at java.base/java.util.stream.AbstractPipeline.wrapAndCopyInto(AbstractPipeline.java:560) ~[na:na]
	at java.base/java.util.stream.ReduceOps$ReduceOp.evaluateSequential(ReduceOps.java:921) ~[na:na]
	at java.base/java.util.stream.AbstractPipeline.evaluate(AbstractPipeline.java:265) ~[na:na]
	at java.base/java.util.stream.ReferencePipeline.collect(ReferencePipeline.java:723) ~[na:na]
	at com.tngtech.archunit.core.importer.DomainBuilders$BuilderWithBuildParameter$BuildFinisher.build(DomainBuilders.java:892) ~[archunit-1.3.0.jar:1.3.0]
	at com.tngtech.archunit.core.importer.ClassGraphCreator.createMethods(ClassGraphCreator.java:322) ~[archunit-1.3.0.jar:1.3.0]
	at com.tngtech.archunit.core.domain.JavaClassMembers.create(JavaClassMembers.java:352) ~[archunit-1.3.0.jar:1.3.0]
	at com.tngtech.archunit.core.domain.JavaClass.completeMembers(JavaClass.java:1477) ~[archunit-1.3.0.jar:1.3.0]
	at com.tngtech.archunit.core.domain.DomainObjectCreationContext.completeMembers(DomainObjectCreationContext.java:96) ~[archunit-1.3.0.jar:1.3.0]
	at com.tngtech.archunit.core.importer.ClassGraphCreator.completeClasses(ClassGraphCreator.java:120) ~[archunit-1.3.0.jar:1.3.0]
	at com.tngtech.archunit.core.importer.ClassGraphCreator.complete(ClassGraphCreator.java:108) ~[archunit-1.3.0.jar:1.3.0]
	at com.tngtech.archunit.core.importer.ClassFileProcessor.process(ClassFileProcessor.java:75) ~[archunit-1.3.0.jar:1.3.0]
	at com.tngtech.archunit.core.importer.ClassFileImporter.importLocations(ClassFileImporter.java:325) ~[archunit-1.3.0.jar:1.3.0]
	at com.tngtech.archunit.junit.internal.ClassCache$CacheClassFileImporter.importClasses(ClassCache.java:126) ~[archunit-junit5-engine-1.3.0.jar:1.3.0]
	at com.tngtech.archunit.junit.internal.ClassCache$LazyJavaClasses.initialize(ClassCache.java:118) ~[archunit-junit5-engine-1.3.0.jar:1.3.0]
	at com.tngtech.archunit.junit.internal.ClassCache$LazyJavaClasses.get(ClassCache.java:107) ~[archunit-junit5-engine-1.3.0.jar:1.3.0]
	at com.tngtech.archunit.junit.internal.ClassCache.getClassesToAnalyzeFor(ClassCache.java:84) ~[archunit-junit5-engine-1.3.0.jar:1.3.0]
	at com.tngtech.archunit.junit.internal.ArchUnitTestDescriptor.lambda$createChildren$1(ArchUnitTestDescriptor.java:90) ~[archunit-junit5-engine-1.3.0.jar:1.3.0]
	at com.tngtech.archunit.junit.internal.ArchUnitTestDescriptor$ArchUnitRuleDescriptor.execute(ArchUnitTestDescriptor.java:167) ~[archunit-junit5-engine-1.3.0.jar:1.3.0]
	at com.tngtech.archunit.junit.internal.ArchUnitTestDescriptor$ArchUnitRuleDescriptor.execute(ArchUnitTestDescriptor.java:150) ~[archunit-junit5-engine-1.3.0.jar:1.3.0]
	at org.junit.platform.engine.support.hierarchical.NodeTestTask.lambda$executeRecursively$2(NodeTestTask.java:176) ~[junit-platform-engine-6.0.1.jar:6.0.1]
	at org.junit.platform.engine.support.hierarchical.ThrowableCollector.execute(ThrowableCollector.java:74) ~[junit-platform-engine-6.0.1.jar:6.0.1]
	at org.junit.platform.engine.support.hierarchical.NodeTestTask.lambda$executeRecursively$1(NodeTestTask.java:166) ~[junit-platform-engine-6.0.1.jar:6.0.1]
	at org.junit.platform.engine.support.hierarchical.Node.around(Node.java:138) ~[junit-platform-engine-6.0.1.jar:6.0.1]
	at org.junit.platform.engine.support.hierarchical.NodeTestTask.lambda$executeRecursively$0(NodeTestTask.java:164) ~[junit-platform-engine-6.0.1.jar:6.0.1]
	at org.junit.platform.engine.support.hierarchical.ThrowableCollector.execute(ThrowableCollector.java:74) ~[junit-platform-engine-6.0.1.jar:6.0.1]
	at org.junit.platform.engine.support.hierarchical.NodeTestTask.executeRecursively(NodeTestTask.java:163) ~[junit-platform-engine-6.0.1.jar:6.0.1]
	at org.junit.platform.engine.support.hierarchical.NodeTestTask.execute(NodeTestTask.java:116) ~[junit-platform-engine-6.0.1.jar:6.0.1]
	at java.base/java.util.ArrayList.forEach(ArrayList.java:1612) ~[na:na]
	at org.junit.platform.engine.support.hierarchical.SameThreadHierarchicalTestExecutorService.invokeAll(SameThreadHierarchicalTestExecutorService.java:42) ~[junit-platform-engine-6.0.1.jar:6.0.1]
	at org.junit.platform.engine.support.hierarchical.NodeTestTask.lambda$executeRecursively$2(NodeTestTask.java:180) ~[junit-platform-engine-6.0.1.jar:6.0.1]
	at org.junit.platform.engine.support.hierarchical.ThrowableCollector.execute(ThrowableCollector.java:74) ~[junit-platform-engine-6.0.1.jar:6.0.1]
	at org.junit.platform.engine.support.hierarchical.NodeTestTask.lambda$executeRecursively$1(NodeTestTask.java:166) ~[junit-platform-engine-6.0.1.jar:6.0.1]
	at org.junit.platform.engine.support.hierarchical.Node.around(Node.java:138) ~[junit-platform-engine-6.0.1.jar:6.0.1]
	at org.junit.platform.engine.support.hierarchical.NodeTestTask.lambda$executeRecursively$0(NodeTestTask.java:164) ~[junit-platform-engine-6.0.1.jar:6.0.1]
	at org.junit.platform.engine.support.hierarchical.ThrowableCollector.execute(ThrowableCollector.java:74) ~[junit-platform-engine-6.0.1.jar:6.0.1]
	at org.junit.platform.engine.support.hierarchical.NodeTestTask.executeRecursively(NodeTestTask.java:163) ~[junit-platform-engine-6.0.1.jar:6.0.1]
	at org.junit.platform.engine.support.hierarchical.NodeTestTask.execute(NodeTestTask.java:116) ~[junit-platform-engine-6.0.1.jar:6.0.1]
	at java.base/java.util.ArrayList.forEach(ArrayList.java:1612) ~[na:na]
	at org.junit.platform.engine.support.hierarchical.SameThreadHierarchicalTestExecutorService.invokeAll(SameThreadHierarchicalTestExecutorService.java:42) ~[junit-platform-engine-6.0.1.jar:6.0.1]
	at org.junit.platform.engine.support.hierarchical.NodeTestTask.lambda$executeRecursively$2(NodeTestTask.java:180) ~[junit-platform-engine-6.0.1.jar:6.0.1]
	at org.junit.platform.engine.support.hierarchical.ThrowableCollector.execute(ThrowableCollector.java:74) ~[junit-platform-engine-6.0.1.jar:6.0.1]
	at org.junit.platform.engine.support.hierarchical.NodeTestTask.lambda$executeRecursively$1(NodeTestTask.java:166) ~[junit-platform-engine-6.0.1.jar:6.0.1]
	at org.junit.platform.engine.support.hierarchical.Node.around(Node.java:138) ~[junit-platform-engine-6.0.1.jar:6.0.1]
	at org.junit.platform.engine.support.hierarchical.NodeTestTask.lambda$executeRecursively$0(NodeTestTask.java:164) ~[junit-platform-engine-6.0.1.jar:6.0.1]
	at org.junit.platform.engine.support.hierarchical.ThrowableCollector.execute(ThrowableCollector.java:74) ~[junit-platform-engine-6.0.1.jar:6.0.1]
	at org.junit.platform.engine.support.hierarchical.NodeTestTask.executeRecursively(NodeTestTask.java:163) ~[junit-platform-engine-6.0.1.jar:6.0.1]
	at org.junit.platform.engine.support.hierarchical.NodeTestTask.execute(NodeTestTask.java:116) ~[junit-platform-engine-6.0.1.jar:6.0.1]
	at org.junit.platform.engine.support.hierarchical.SameThreadHierarchicalTestExecutorService.submit(SameThreadHierarchicalTestExecutorService.java:36) ~[junit-platform-engine-6.0.1.jar:6.0.1]
	at org.junit.platform.engine.support.hierarchical.HierarchicalTestExecutor.execute(HierarchicalTestExecutor.java:52) ~[junit-platform-engine-6.0.1.jar:6.0.1]
	at org.junit.platform.engine.support.hierarchical.HierarchicalTestEngine.execute(HierarchicalTestEngine.java:58) ~[junit-platform-engine-6.0.1.jar:6.0.1]
	at org.junit.platform.launcher.core.EngineExecutionOrchestrator.executeEngine(EngineExecutionOrchestrator.java:246) ~[junit-platform-launcher-6.0.1.jar:6.0.1]
	at org.junit.platform.launcher.core.EngineExecutionOrchestrator.failOrExecuteEngine(EngineExecutionOrchestrator.java:218) ~[junit-platform-launcher-6.0.1.jar:6.0.1]
	at org.junit.platform.launcher.core.EngineExecutionOrchestrator.execute(EngineExecutionOrchestrator.java:179) ~[junit-platform-launcher-6.0.1.jar:6.0.1]
	at org.junit.platform.launcher.core.EngineExecutionOrchestrator.execute(EngineExecutionOrchestrator.java:108) ~[junit-platform-launcher-6.0.1.jar:6.0.1]
	at org.junit.platform.launcher.core.EngineExecutionOrchestrator.lambda$execute$0(EngineExecutionOrchestrator.java:66) ~[junit-platform-launcher-6.0.1.jar:6.0.1]
	at org.junit.platform.launcher.core.EngineExecutionOrchestrator.withInterceptedStreams(EngineExecutionOrchestrator.java:157) ~[junit-platform-launcher-6.0.1.jar:6.0.1]
	at org.junit.platform.launcher.core.EngineExecutionOrchestrator.execute(EngineExecutionOrchestrator.java:65) ~[junit-platform-launcher-6.0.1.jar:6.0.1]
	at org.junit.platform.launcher.core.DefaultLauncher.execute(DefaultLauncher.java:125) ~[junit-platform-launcher-6.0.1.jar:6.0.1]
	at org.junit.platform.launcher.core.DefaultLauncher.execute(DefaultLauncher.java:114) ~[junit-platform-launcher-6.0.1.jar:6.0.1]
	at org.junit.platform.launcher.core.DelegatingLauncher.execute(DelegatingLauncher.java:58) ~[junit-platform-launcher-6.0.1.jar:6.0.1]
	at org.junit.platform.launcher.core.InterceptingLauncher.lambda$execute$2(InterceptingLauncher.java:57) ~[junit-platform-launcher-6.0.1.jar:6.0.1]
	at org.junit.platform.launcher.core.ClasspathAlignmentCheckingLauncherInterceptor.intercept(ClasspathAlignmentCheckingLauncherInterceptor.java:25) ~[junit-platform-launcher-6.0.1.jar:6.0.1]
	at org.junit.platform.launcher.core.InterceptingLauncher.execute(InterceptingLauncher.java:56) ~[junit-platform-launcher-6.0.1.jar:6.0.1]
	at org.junit.platform.launcher.core.DelegatingLauncher.execute(DelegatingLauncher.java:58) ~[junit-platform-launcher-6.0.1.jar:6.0.1]
	at java.base/jdk.internal.reflect.DirectMethodHandleAccessor.invoke(DirectMethodHandleAccessor.java:104) ~[na:na]
	at java.base/java.lang.reflect.Method.invoke(Method.java:583) ~[na:na]
	at org.apache.maven.surefire.api.util.ReflectionUtils.invokeMethodWithArray(ReflectionUtils.java:125) ~[surefire-api-3.5.4.jar:3.5.4]
	at org.apache.maven.surefire.junitplatform.LauncherAdapter.executeWithCancellationToken(LauncherAdapter.java:68) ~[surefire-junit-platform-3.5.4.jar:3.5.4]
	at org.apache.maven.surefire.junitplatform.LauncherAdapter.execute(LauncherAdapter.java:54) ~[surefire-junit-platform-3.5.4.jar:3.5.4]
	at org.apache.maven.surefire.junitplatform.JUnitPlatformProvider.execute(JUnitPlatformProvider.java:203) ~[surefire-junit-platform-3.5.4.jar:3.5.4]
	at org.apache.maven.surefire.junitplatform.JUnitPlatformProvider.invokeAllTests(JUnitPlatformProvider.java:168) ~[surefire-junit-platform-3.5.4.jar:3.5.4]
	at org.apache.maven.surefire.junitplatform.JUnitPlatformProvider.invoke(JUnitPlatformProvider.java:136) ~[surefire-junit-platform-3.5.4.jar:3.5.4]
	at org.apache.maven.surefire.booter.ForkedBooter.runSuitesInProcess(ForkedBooter.java:385) ~[surefire-booter-3.5.4.jar:3.5.4]
	at org.apache.maven.surefire.booter.ForkedBooter.execute(ForkedBooter.java:162) ~[surefire-booter-3.5.4.jar:3.5.4]
	at org.apache.maven.surefire.booter.ForkedBooter.run(ForkedBooter.java:507) ~[surefire-booter-3.5.4.jar:3.5.4]
	at org.apache.maven.surefire.booter.ForkedBooter.main(ForkedBooter.java:495) ~[surefire-booter-3.5.4.jar:3.5.4]

2026-10-02T23:36:46.238+01:00  WARN 32244 --- [archunit-hexagonal] [           main] c.t.a.core.importer.ClassFileProcessor   : Error during import from jrt:/java.base/java/lang/Thread.class, falling back to simple import

java.lang.IllegalArgumentException: Unsupported class file major version 71
	at com.tngtech.archunit.thirdparty.org.objectweb.asm.ClassReader.<init>(ClassReader.java:200) ~[archunit-1.3.0.jar:1.3.0]
	at com.tngtech.archunit.thirdparty.org.objectweb.asm.ClassReader.<init>(ClassReader.java:180) ~[archunit-1.3.0.jar:1.3.0]
	at com.tngtech.archunit.thirdparty.org.objectweb.asm.ClassReader.<init>(ClassReader.java:166) ~[archunit-1.3.0.jar:1.3.0]
	at com.tngtech.archunit.thirdparty.org.objectweb.asm.ClassReader.<init>(ClassReader.java:288) ~[archunit-1.3.0.jar:1.3.0]
	at com.tngtech.archunit.core.importer.ClassFileProcessor$UriImporterOfProcessor.tryImport(ClassFileProcessor.java:350) ~[archunit-1.3.0.jar:1.3.0]
	at com.tngtech.archunit.core.importer.resolvers.ClassResolverFromClasspath.tryResolve(ClassResolverFromClasspath.java:51) ~[archunit-1.3.0.jar:1.3.0]
	at com.tngtech.archunit.core.importer.ImportedClasses.resolve(ImportedClasses.java:80) ~[archunit-1.3.0.jar:1.3.0]
	at com.tngtech.archunit.core.importer.ImportedClasses.getOrResolve(ImportedClasses.java:67) ~[archunit-1.3.0.jar:1.3.0]
	at com.tngtech.archunit.core.importer.DomainBuilders$JavaMemberBuilder.get(DomainBuilders.java:179) ~[archunit-1.3.0.jar:1.3.0]
	at com.tngtech.archunit.core.importer.DomainBuilders$JavaCodeUnitBuilder.asJavaClasses(DomainBuilders.java:329) ~[archunit-1.3.0.jar:1.3.0]
	at com.tngtech.archunit.core.importer.DomainBuilders$JavaCodeUnitBuilder.getRawParameterTypes(DomainBuilders.java:303) ~[archunit-1.3.0.jar:1.3.0]
	at com.tngtech.archunit.core.domain.JavaCodeUnit$Parameters.<init>(JavaCodeUnit.java:317) ~[archunit-1.3.0.jar:1.3.0]
	at com.tngtech.archunit.core.domain.JavaCodeUnit.<init>(JavaCodeUnit.java:82) ~[archunit-1.3.0.jar:1.3.0]
	at com.tngtech.archunit.core.domain.JavaMethod.<init>(JavaMethod.java:44) ~[archunit-1.3.0.jar:1.3.0]
	at com.tngtech.archunit.core.domain.DomainObjectCreationContext.createJavaMethod(DomainObjectCreationContext.java:144) ~[archunit-1.3.0.jar:1.3.0]
	at com.tngtech.archunit.core.importer.DomainBuilders$JavaMethodBuilder.construct(DomainBuilders.java:373) ~[archunit-1.3.0.jar:1.3.0]
	at com.tngtech.archunit.core.importer.DomainBuilders$JavaMethodBuilder.construct(DomainBuilders.java:358) ~[archunit-1.3.0.jar:1.3.0]
	at com.tngtech.archunit.core.importer.DomainBuilders$JavaMemberBuilder.build(DomainBuilders.java:206) ~[archunit-1.3.0.jar:1.3.0]
	at com.tngtech.archunit.core.importer.DomainBuilders$JavaMemberBuilder.build(DomainBuilders.java:138) ~[archunit-1.3.0.jar:1.3.0]
	at com.tngtech.archunit.core.importer.DomainBuilders$BuilderWithBuildParameter$BuildFinisher.lambda$build$0(DomainBuilders.java:892) ~[archunit-1.3.0.jar:1.3.0]
	at java.base/java.util.stream.ReferencePipeline$3$1.accept(ReferencePipeline.java:214) ~[na:na]
	at java.base/java.util.stream.ReferencePipeline$2$1.accept(ReferencePipeline.java:197) ~[na:na]
	at java.base/java.util.HashMap$KeySpliterator.forEachRemaining(HashMap.java:1741) ~[na:na]
	at java.base/java.util.stream.AbstractPipeline.copyInto(AbstractPipeline.java:570) ~[na:na]
	at java.base/java.util.stream.AbstractPipeline.wrapAndCopyInto(AbstractPipeline.java:560) ~[na:na]
	at java.base/java.util.stream.ReduceOps$ReduceOp.evaluateSequential(ReduceOps.java:921) ~[na:na]
	at java.base/java.util.stream.AbstractPipeline.evaluate(AbstractPipeline.java:265) ~[na:na]
	at java.base/java.util.stream.ReferencePipeline.collect(ReferencePipeline.java:723) ~[na:na]
	at com.tngtech.archunit.core.importer.DomainBuilders$BuilderWithBuildParameter$BuildFinisher.build(DomainBuilders.java:892) ~[archunit-1.3.0.jar:1.3.0]
	at com.tngtech.archunit.core.importer.ClassGraphCreator.createMethods(ClassGraphCreator.java:322) ~[archunit-1.3.0.jar:1.3.0]
	at com.tngtech.archunit.core.domain.JavaClassMembers.create(JavaClassMembers.java:352) ~[archunit-1.3.0.jar:1.3.0]
	at com.tngtech.archunit.core.domain.JavaClass.completeMembers(JavaClass.java:1477) ~[archunit-1.3.0.jar:1.3.0]
	at com.tngtech.archunit.core.domain.DomainObjectCreationContext.completeMembers(DomainObjectCreationContext.java:96) ~[archunit-1.3.0.jar:1.3.0]
	at com.tngtech.archunit.core.importer.ClassGraphCreator.completeClasses(ClassGraphCreator.java:120) ~[archunit-1.3.0.jar:1.3.0]
	at com.tngtech.archunit.core.importer.ClassGraphCreator.complete(ClassGraphCreator.java:108) ~[archunit-1.3.0.jar:1.3.0]
	at com.tngtech.archunit.core.importer.ClassFileProcessor.process(ClassFileProcessor.java:75) ~[archunit-1.3.0.jar:1.3.0]
	at com.tngtech.archunit.core.importer.ClassFileImporter.importLocations(ClassFileImporter.java:325) ~[archunit-1.3.0.jar:1.3.0]
	at com.tngtech.archunit.junit.internal.ClassCache$CacheClassFileImporter.importClasses(ClassCache.java:126) ~[archunit-junit5-engine-1.3.0.jar:1.3.0]
	at com.tngtech.archunit.junit.internal.ClassCache$LazyJavaClasses.initialize(ClassCache.java:118) ~[archunit-junit5-engine-1.3.0.jar:1.3.0]
	at com.tngtech.archunit.junit.internal.ClassCache$LazyJavaClasses.get(ClassCache.java:107) ~[archunit-junit5-engine-1.3.0.jar:1.3.0]
	at com.tngtech.archunit.junit.internal.ClassCache.getClassesToAnalyzeFor(ClassCache.java:84) ~[archunit-junit5-engine-1.3.0.jar:1.3.0]
	at com.tngtech.archunit.junit.internal.ArchUnitTestDescriptor.lambda$createChildren$1(ArchUnitTestDescriptor.java:90) ~[archunit-junit5-engine-1.3.0.jar:1.3.0]
	at com.tngtech.archunit.junit.internal.ArchUnitTestDescriptor$ArchUnitRuleDescriptor.execute(ArchUnitTestDescriptor.java:167) ~[archunit-junit5-engine-1.3.0.jar:1.3.0]
	at com.tngtech.archunit.junit.internal.ArchUnitTestDescriptor$ArchUnitRuleDescriptor.execute(ArchUnitTestDescriptor.java:150) ~[archunit-junit5-engine-1.3.0.jar:1.3.0]
	at org.junit.platform.engine.support.hierarchical.NodeTestTask.lambda$executeRecursively$2(NodeTestTask.java:176) ~[junit-platform-engine-6.0.1.jar:6.0.1]
	at org.junit.platform.engine.support.hierarchical.ThrowableCollector.execute(ThrowableCollector.java:74) ~[junit-platform-engine-6.0.1.jar:6.0.1]
	at org.junit.platform.engine.support.hierarchical.NodeTestTask.lambda$executeRecursively$1(NodeTestTask.java:166) ~[junit-platform-engine-6.0.1.jar:6.0.1]
	at org.junit.platform.engine.support.hierarchical.Node.around(Node.java:138) ~[junit-platform-engine-6.0.1.jar:6.0.1]
	at org.junit.platform.engine.support.hierarchical.NodeTestTask.lambda$executeRecursively$0(NodeTestTask.java:164) ~[junit-platform-engine-6.0.1.jar:6.0.1]
	at org.junit.platform.engine.support.hierarchical.ThrowableCollector.execute(ThrowableCollector.java:74) ~[junit-platform-engine-6.0.1.jar:6.0.1]
	at org.junit.platform.engine.support.hierarchical.NodeTestTask.executeRecursively(NodeTestTask.java:163) ~[junit-platform-engine-6.0.1.jar:6.0.1]
	at org.junit.platform.engine.support.hierarchical.NodeTestTask.execute(NodeTestTask.java:116) ~[junit-platform-engine-6.0.1.jar:6.0.1]
	at java.base/java.util.ArrayList.forEach(ArrayList.java:1612) ~[na:na]
	at org.junit.platform.engine.support.hierarchical.SameThreadHierarchicalTestExecutorService.invokeAll(SameThreadHierarchicalTestExecutorService.java:42) ~[junit-platform-engine-6.0.1.jar:6.0.1]
	at org.junit.platform.engine.support.hierarchical.NodeTestTask.lambda$executeRecursively$2(NodeTestTask.java:180) ~[junit-platform-engine-6.0.1.jar:6.0.1]
	at org.junit.platform.engine.support.hierarchical.ThrowableCollector.execute(ThrowableCollector.java:74) ~[junit-platform-engine-6.0.1.jar:6.0.1]
	at org.junit.platform.engine.support.hierarchical.NodeTestTask.lambda$executeRecursively$1(NodeTestTask.java:166) ~[junit-platform-engine-6.0.1.jar:6.0.1]
	at org.junit.platform.engine.support.hierarchical.Node.around(Node.java:138) ~[junit-platform-engine-6.0.1.jar:6.0.1]
	at org.junit.platform.engine.support.hierarchical.NodeTestTask.lambda$executeRecursively$0(NodeTestTask.java:164) ~[junit-platform-engine-6.0.1.jar:6.0.1]
	at org.junit.platform.engine.support.hierarchical.ThrowableCollector.execute(ThrowableCollector.java:74) ~[junit-platform-engine-6.0.1.jar:6.0.1]
	at org.junit.platform.engine.support.hierarchical.NodeTestTask.executeRecursively(NodeTestTask.java:163) ~[junit-platform-engine-6.0.1.jar:6.0.1]
	at org.junit.platform.engine.support.hierarchical.NodeTestTask.execute(NodeTestTask.java:116) ~[junit-platform-engine-6.0.1.jar:6.0.1]
	at java.base/java.util.ArrayList.forEach(ArrayList.java:1612) ~[na:na]
	at org.junit.platform.engine.support.hierarchical.SameThreadHierarchicalTestExecutorService.invokeAll(SameThreadHierarchicalTestExecutorService.java:42) ~[junit-platform-engine-6.0.1.jar:6.0.1]
	at org.junit.platform.engine.support.hierarchical.NodeTestTask.lambda$executeRecursively$2(NodeTestTask.java:180) ~[junit-platform-engine-6.0.1.jar:6.0.1]
	at org.junit.platform.engine.support.hierarchical.ThrowableCollector.execute(ThrowableCollector.java:74) ~[junit-platform-engine-6.0.1.jar:6.0.1]
	at org.junit.platform.engine.support.hierarchical.NodeTestTask.lambda$executeRecursively$1(NodeTestTask.java:166) ~[junit-platform-engine-6.0.1.jar:6.0.1]
	at org.junit.platform.engine.support.hierarchical.Node.around(Node.java:138) ~[junit-platform-engine-6.0.1.jar:6.0.1]
	at org.junit.platform.engine.support.hierarchical.NodeTestTask.lambda$executeRecursively$0(NodeTestTask.java:164) ~[junit-platform-engine-6.0.1.jar:6.0.1]
	at org.junit.platform.engine.support.hierarchical.ThrowableCollector.execute(ThrowableCollector.java:74) ~[junit-platform-engine-6.0.1.jar:6.0.1]
	at org.junit.platform.engine.support.hierarchical.NodeTestTask.executeRecursively(NodeTestTask.java:163) ~[junit-platform-engine-6.0.1.jar:6.0.1]
	at org.junit.platform.engine.support.hierarchical.NodeTestTask.execute(NodeTestTask.java:116) ~[junit-platform-engine-6.0.1.jar:6.0.1]
	at org.junit.platform.engine.support.hierarchical.SameThreadHierarchicalTestExecutorService.submit(SameThreadHierarchicalTestExecutorService.java:36) ~[junit-platform-engine-6.0.1.jar:6.0.1]
	at org.junit.platform.engine.support.hierarchical.HierarchicalTestExecutor.execute(HierarchicalTestExecutor.java:52) ~[junit-platform-engine-6.0.1.jar:6.0.1]
	at org.junit.platform.engine.support.hierarchical.HierarchicalTestEngine.execute(HierarchicalTestEngine.java:58) ~[junit-platform-engine-6.0.1.jar:6.0.1]
	at org.junit.platform.launcher.core.EngineExecutionOrchestrator.executeEngine(EngineExecutionOrchestrator.java:246) ~[junit-platform-launcher-6.0.1.jar:6.0.1]
	at org.junit.platform.launcher.core.EngineExecutionOrchestrator.failOrExecuteEngine(EngineExecutionOrchestrator.java:218) ~[junit-platform-launcher-6.0.1.jar:6.0.1]
	at org.junit.platform.launcher.core.EngineExecutionOrchestrator.execute(EngineExecutionOrchestrator.java:179) ~[junit-platform-launcher-6.0.1.jar:6.0.1]
	at org.junit.platform.launcher.core.EngineExecutionOrchestrator.execute(EngineExecutionOrchestrator.java:108) ~[junit-platform-launcher-6.0.1.jar:6.0.1]
	at org.junit.platform.launcher.core.EngineExecutionOrchestrator.lambda$execute$0(EngineExecutionOrchestrator.java:66) ~[junit-platform-launcher-6.0.1.jar:6.0.1]
	at org.junit.platform.launcher.core.EngineExecutionOrchestrator.withInterceptedStreams(EngineExecutionOrchestrator.java:157) ~[junit-platform-launcher-6.0.1.jar:6.0.1]
	at org.junit.platform.launcher.core.EngineExecutionOrchestrator.execute(EngineExecutionOrchestrator.java:65) ~[junit-platform-launcher-6.0.1.jar:6.0.1]
	at org.junit.platform.launcher.core.DefaultLauncher.execute(DefaultLauncher.java:125) ~[junit-platform-launcher-6.0.1.jar:6.0.1]
	at org.junit.platform.launcher.core.DefaultLauncher.execute(DefaultLauncher.java:114) ~[junit-platform-launcher-6.0.1.jar:6.0.1]
	at org.junit.platform.launcher.core.DelegatingLauncher.execute(DelegatingLauncher.java:58) ~[junit-platform-launcher-6.0.1.jar:6.0.1]
	at org.junit.platform.launcher.core.InterceptingLauncher.lambda$execute$2(InterceptingLauncher.java:57) ~[junit-platform-launcher-6.0.1.jar:6.0.1]
	at org.junit.platform.launcher.core.ClasspathAlignmentCheckingLauncherInterceptor.intercept(ClasspathAlignmentCheckingLauncherInterceptor.java:25) ~[junit-platform-launcher-6.0.1.jar:6.0.1]
	at org.junit.platform.launcher.core.InterceptingLauncher.execute(InterceptingLauncher.java:56) ~[junit-platform-launcher-6.0.1.jar:6.0.1]
	at org.junit.platform.launcher.core.DelegatingLauncher.execute(DelegatingLauncher.java:58) ~[junit-platform-launcher-6.0.1.jar:6.0.1]
	at java.base/jdk.internal.reflect.DirectMethodHandleAccessor.invoke(DirectMethodHandleAccessor.java:104) ~[na:na]
	at java.base/java.lang.reflect.Method.invoke(Method.java:583) ~[na:na]
	at org.apache.maven.surefire.api.util.ReflectionUtils.invokeMethodWithArray(ReflectionUtils.java:125) ~[surefire-api-3.5.4.jar:3.5.4]
	at org.apache.maven.surefire.junitplatform.LauncherAdapter.executeWithCancellationToken(LauncherAdapter.java:68) ~[surefire-junit-platform-3.5.4.jar:3.5.4]
	at org.apache.maven.surefire.junitplatform.LauncherAdapter.execute(LauncherAdapter.java:54) ~[surefire-junit-platform-3.5.4.jar:3.5.4]
	at org.apache.maven.surefire.junitplatform.JUnitPlatformProvider.execute(JUnitPlatformProvider.java:203) ~[surefire-junit-platform-3.5.4.jar:3.5.4]
	at org.apache.maven.surefire.junitplatform.JUnitPlatformProvider.invokeAllTests(JUnitPlatformProvider.java:168) ~[surefire-junit-platform-3.5.4.jar:3.5.4]
	at org.apache.maven.surefire.junitplatform.JUnitPlatformProvider.invoke(JUnitPlatformProvider.java:136) ~[surefire-junit-platform-3.5.4.jar:3.5.4]
	at org.apache.maven.surefire.booter.ForkedBooter.runSuitesInProcess(ForkedBooter.java:385) ~[surefire-booter-3.5.4.jar:3.5.4]
	at org.apache.maven.surefire.booter.ForkedBooter.execute(ForkedBooter.java:162) ~[surefire-booter-3.5.4.jar:3.5.4]
	at org.apache.maven.surefire.booter.ForkedBooter.run(ForkedBooter.java:507) ~[surefire-booter-3.5.4.jar:3.5.4]
	at org.apache.maven.surefire.booter.ForkedBooter.main(ForkedBooter.java:495) ~[surefire-booter-3.5.4.jar:3.5.4]

2026-10-02T23:36:46.257+01:00  WARN 32244 --- [archunit-hexagonal] [           main] c.t.a.core.importer.ClassFileProcessor   : Error during import from jrt:/java.base/java/io/IOException.class, falling back to simple import

java.lang.IllegalArgumentException: Unsupported class file major version 71
	at com.tngtech.archunit.thirdparty.org.objectweb.asm.ClassReader.<init>(ClassReader.java:200) ~[archunit-1.3.0.jar:1.3.0]
	at com.tngtech.archunit.thirdparty.org.objectweb.asm.ClassReader.<init>(ClassReader.java:180) ~[archunit-1.3.0.jar:1.3.0]
	at com.tngtech.archunit.thirdparty.org.objectweb.asm.ClassReader.<init>(ClassReader.java:166) ~[archunit-1.3.0.jar:1.3.0]
	at com.tngtech.archunit.thirdparty.org.objectweb.asm.ClassReader.<init>(ClassReader.java:288) ~[archunit-1.3.0.jar:1.3.0]
	at com.tngtech.archunit.core.importer.ClassFileProcessor$UriImporterOfProcessor.tryImport(ClassFileProcessor.java:350) ~[archunit-1.3.0.jar:1.3.0]
	at com.tngtech.archunit.core.importer.resolvers.ClassResolverFromClasspath.tryResolve(ClassResolverFromClasspath.java:51) ~[archunit-1.3.0.jar:1.3.0]
	at com.tngtech.archunit.core.importer.ImportedClasses.resolve(ImportedClasses.java:80) ~[archunit-1.3.0.jar:1.3.0]
	at com.tngtech.archunit.core.importer.ImportedClasses.getOrResolve(ImportedClasses.java:67) ~[archunit-1.3.0.jar:1.3.0]
	at com.tngtech.archunit.core.importer.DomainBuilders$JavaMemberBuilder.get(DomainBuilders.java:179) ~[archunit-1.3.0.jar:1.3.0]
	at com.tngtech.archunit.core.importer.DomainBuilders$JavaCodeUnitBuilder.asJavaClasses(DomainBuilders.java:329) ~[archunit-1.3.0.jar:1.3.0]
	at com.tngtech.archunit.core.importer.DomainBuilders$JavaCodeUnitBuilder.getThrowsClause(DomainBuilders.java:323) ~[archunit-1.3.0.jar:1.3.0]
	at com.tngtech.archunit.core.domain.JavaMethod.<init>(JavaMethod.java:45) ~[archunit-1.3.0.jar:1.3.0]
	at com.tngtech.archunit.core.domain.DomainObjectCreationContext.createJavaMethod(DomainObjectCreationContext.java:144) ~[archunit-1.3.0.jar:1.3.0]
	at com.tngtech.archunit.core.importer.DomainBuilders$JavaMethodBuilder.construct(DomainBuilders.java:373) ~[archunit-1.3.0.jar:1.3.0]
	at com.tngtech.archunit.core.importer.DomainBuilders$JavaMethodBuilder.construct(DomainBuilders.java:358) ~[archunit-1.3.0.jar:1.3.0]
	at com.tngtech.archunit.core.importer.DomainBuilders$JavaMemberBuilder.build(DomainBuilders.java:206) ~[archunit-1.3.0.jar:1.3.0]
	at com.tngtech.archunit.core.importer.DomainBuilders$JavaMemberBuilder.build(DomainBuilders.java:138) ~[archunit-1.3.0.jar:1.3.0]
	at com.tngtech.archunit.core.importer.DomainBuilders$BuilderWithBuildParameter$BuildFinisher.lambda$build$0(DomainBuilders.java:892) ~[archunit-1.3.0.jar:1.3.0]
	at java.base/java.util.stream.ReferencePipeline$3$1.accept(ReferencePipeline.java:214) ~[na:na]
	at java.base/java.util.stream.ReferencePipeline$2$1.accept(ReferencePipeline.java:197) ~[na:na]
	at java.base/java.util.HashMap$KeySpliterator.forEachRemaining(HashMap.java:1741) ~[na:na]
	at java.base/java.util.stream.AbstractPipeline.copyInto(AbstractPipeline.java:570) ~[na:na]
	at java.base/java.util.stream.AbstractPipeline.wrapAndCopyInto(AbstractPipeline.java:560) ~[na:na]
	at java.base/java.util.stream.ReduceOps$ReduceOp.evaluateSequential(ReduceOps.java:921) ~[na:na]
	at java.base/java.util.stream.AbstractPipeline.evaluate(AbstractPipeline.java:265) ~[na:na]
	at java.base/java.util.stream.ReferencePipeline.collect(ReferencePipeline.java:723) ~[na:na]
	at com.tngtech.archunit.core.importer.DomainBuilders$BuilderWithBuildParameter$BuildFinisher.build(DomainBuilders.java:892) ~[archunit-1.3.0.jar:1.3.0]
	at com.tngtech.archunit.core.importer.ClassGraphCreator.createMethods(ClassGraphCreator.java:322) ~[archunit-1.3.0.jar:1.3.0]
	at com.tngtech.archunit.core.domain.JavaClassMembers.create(JavaClassMembers.java:352) ~[archunit-1.3.0.jar:1.3.0]
	at com.tngtech.archunit.core.domain.JavaClass.completeMembers(JavaClass.java:1477) ~[archunit-1.3.0.jar:1.3.0]
	at com.tngtech.archunit.core.domain.DomainObjectCreationContext.completeMembers(DomainObjectCreationContext.java:96) ~[archunit-1.3.0.jar:1.3.0]
	at com.tngtech.archunit.core.importer.ClassGraphCreator.completeClasses(ClassGraphCreator.java:120) ~[archunit-1.3.0.jar:1.3.0]
	at com.tngtech.archunit.core.importer.ClassGraphCreator.complete(ClassGraphCreator.java:108) ~[archunit-1.3.0.jar:1.3.0]
	at com.tngtech.archunit.core.importer.ClassFileProcessor.process(ClassFileProcessor.java:75) ~[archunit-1.3.0.jar:1.3.0]
	at com.tngtech.archunit.core.importer.ClassFileImporter.importLocations(ClassFileImporter.java:325) ~[archunit-1.3.0.jar:1.3.0]
	at com.tngtech.archunit.junit.internal.ClassCache$CacheClassFileImporter.importClasses(ClassCache.java:126) ~[archunit-junit5-engine-1.3.0.jar:1.3.0]
	at com.tngtech.archunit.junit.internal.ClassCache$LazyJavaClasses.initialize(ClassCache.java:118) ~[archunit-junit5-engine-1.3.0.jar:1.3.0]
	at com.tngtech.archunit.junit.internal.ClassCache$LazyJavaClasses.get(ClassCache.java:107) ~[archunit-junit5-engine-1.3.0.jar:1.3.0]
	at com.tngtech.archunit.junit.internal.ClassCache.getClassesToAnalyzeFor(ClassCache.java:84) ~[archunit-junit5-engine-1.3.0.jar:1.3.0]
	at com.tngtech.archunit.junit.internal.ArchUnitTestDescriptor.lambda$createChildren$1(ArchUnitTestDescriptor.java:90) ~[archunit-junit5-engine-1.3.0.jar:1.3.0]
	at com.tngtech.archunit.junit.internal.ArchUnitTestDescriptor$ArchUnitRuleDescriptor.execute(ArchUnitTestDescriptor.java:167) ~[archunit-junit5-engine-1.3.0.jar:1.3.0]
	at com.tngtech.archunit.junit.internal.ArchUnitTestDescriptor$ArchUnitRuleDescriptor.execute(ArchUnitTestDescriptor.java:150) ~[archunit-junit5-engine-1.3.0.jar:1.3.0]
	at org.junit.platform.engine.support.hierarchical.NodeTestTask.lambda$executeRecursively$2(NodeTestTask.java:176) ~[junit-platform-engine-6.0.1.jar:6.0.1]
	at org.junit.platform.engine.support.hierarchical.ThrowableCollector.execute(ThrowableCollector.java:74) ~[junit-platform-engine-6.0.1.jar:6.0.1]
	at org.junit.platform.engine.support.hierarchical.NodeTestTask.lambda$executeRecursively$1(NodeTestTask.java:166) ~[junit-platform-engine-6.0.1.jar:6.0.1]
	at org.junit.platform.engine.support.hierarchical.Node.around(Node.java:138) ~[junit-platform-engine-6.0.1.jar:6.0.1]
	at org.junit.platform.engine.support.hierarchical.NodeTestTask.lambda$executeRecursively$0(NodeTestTask.java:164) ~[junit-platform-engine-6.0.1.jar:6.0.1]
	at org.junit.platform.engine.support.hierarchical.ThrowableCollector.execute(ThrowableCollector.java:74) ~[junit-platform-engine-6.0.1.jar:6.0.1]
	at org.junit.platform.engine.support.hierarchical.NodeTestTask.executeRecursively(NodeTestTask.java:163) ~[junit-platform-engine-6.0.1.jar:6.0.1]
	at org.junit.platform.engine.support.hierarchical.NodeTestTask.execute(NodeTestTask.java:116) ~[junit-platform-engine-6.0.1.jar:6.0.1]
	at java.base/java.util.ArrayList.forEach(ArrayList.java:1612) ~[na:na]
	at org.junit.platform.engine.support.hierarchical.SameThreadHierarchicalTestExecutorService.invokeAll(SameThreadHierarchicalTestExecutorService.java:42) ~[junit-platform-engine-6.0.1.jar:6.0.1]
	at org.junit.platform.engine.support.hierarchical.NodeTestTask.lambda$executeRecursively$2(NodeTestTask.java:180) ~[junit-platform-engine-6.0.1.jar:6.0.1]
	at org.junit.platform.engine.support.hierarchical.ThrowableCollector.execute(ThrowableCollector.java:74) ~[junit-platform-engine-6.0.1.jar:6.0.1]
	at org.junit.platform.engine.support.hierarchical.NodeTestTask.lambda$executeRecursively$1(NodeTestTask.java:166) ~[junit-platform-engine-6.0.1.jar:6.0.1]
	at org.junit.platform.engine.support.hierarchical.Node.around(Node.java:138) ~[junit-platform-engine-6.0.1.jar:6.0.1]
	at org.junit.platform.engine.support.hierarchical.NodeTestTask.lambda$executeRecursively$0(NodeTestTask.java:164) ~[junit-platform-engine-6.0.1.jar:6.0.1]
	at org.junit.platform.engine.support.hierarchical.ThrowableCollector.execute(ThrowableCollector.java:74) ~[junit-platform-engine-6.0.1.jar:6.0.1]
	at org.junit.platform.engine.support.hierarchical.NodeTestTask.executeRecursively(NodeTestTask.java:163) ~[junit-platform-engine-6.0.1.jar:6.0.1]
	at org.junit.platform.engine.support.hierarchical.NodeTestTask.execute(NodeTestTask.java:116) ~[junit-platform-engine-6.0.1.jar:6.0.1]
	at java.base/java.util.ArrayList.forEach(ArrayList.java:1612) ~[na:na]
	at org.junit.platform.engine.support.hierarchical.SameThreadHierarchicalTestExecutorService.invokeAll(SameThreadHierarchicalTestExecutorService.java:42) ~[junit-platform-engine-6.0.1.jar:6.0.1]
	at org.junit.platform.engine.support.hierarchical.NodeTestTask.lambda$executeRecursively$2(NodeTestTask.java:180) ~[junit-platform-engine-6.0.1.jar:6.0.1]
	at org.junit.platform.engine.support.hierarchical.ThrowableCollector.execute(ThrowableCollector.java:74) ~[junit-platform-engine-6.0.1.jar:6.0.1]
	at org.junit.platform.engine.support.hierarchical.NodeTestTask.lambda$executeRecursively$1(NodeTestTask.java:166) ~[junit-platform-engine-6.0.1.jar:6.0.1]
	at org.junit.platform.engine.support.hierarchical.Node.around(Node.java:138) ~[junit-platform-engine-6.0.1.jar:6.0.1]
	at org.junit.platform.engine.support.hierarchical.NodeTestTask.lambda$executeRecursively$0(NodeTestTask.java:164) ~[junit-platform-engine-6.0.1.jar:6.0.1]
	at org.junit.platform.engine.support.hierarchical.ThrowableCollector.execute(ThrowableCollector.java:74) ~[junit-platform-engine-6.0.1.jar:6.0.1]
	at org.junit.platform.engine.support.hierarchical.NodeTestTask.executeRecursively(NodeTestTask.java:163) ~[junit-platform-engine-6.0.1.jar:6.0.1]
	at org.junit.platform.engine.support.hierarchical.NodeTestTask.execute(NodeTestTask.java:116) ~[junit-platform-engine-6.0.1.jar:6.0.1]
	at org.junit.platform.engine.support.hierarchical.SameThreadHierarchicalTestExecutorService.submit(SameThreadHierarchicalTestExecutorService.java:36) ~[junit-platform-engine-6.0.1.jar:6.0.1]
	at org.junit.platform.engine.support.hierarchical.HierarchicalTestExecutor.execute(HierarchicalTestExecutor.java:52) ~[junit-platform-engine-6.0.1.jar:6.0.1]
	at org.junit.platform.engine.support.hierarchical.HierarchicalTestEngine.execute(HierarchicalTestEngine.java:58) ~[junit-platform-engine-6.0.1.jar:6.0.1]
	at org.junit.platform.launcher.core.EngineExecutionOrchestrator.executeEngine(EngineExecutionOrchestrator.java:246) ~[junit-platform-launcher-6.0.1.jar:6.0.1]
	at org.junit.platform.launcher.core.EngineExecutionOrchestrator.failOrExecuteEngine(EngineExecutionOrchestrator.java:218) ~[junit-platform-launcher-6.0.1.jar:6.0.1]
	at org.junit.platform.launcher.core.EngineExecutionOrchestrator.execute(EngineExecutionOrchestrator.java:179) ~[junit-platform-launcher-6.0.1.jar:6.0.1]
	at org.junit.platform.launcher.core.EngineExecutionOrchestrator.execute(EngineExecutionOrchestrator.java:108) ~[junit-platform-launcher-6.0.1.jar:6.0.1]
	at org.junit.platform.launcher.core.EngineExecutionOrchestrator.lambda$execute$0(EngineExecutionOrchestrator.java:66) ~[junit-platform-launcher-6.0.1.jar:6.0.1]
	at org.junit.platform.launcher.core.EngineExecutionOrchestrator.withInterceptedStreams(EngineExecutionOrchestrator.java:157) ~[junit-platform-launcher-6.0.1.jar:6.0.1]
	at org.junit.platform.launcher.core.EngineExecutionOrchestrator.execute(EngineExecutionOrchestrator.java:65) ~[junit-platform-launcher-6.0.1.jar:6.0.1]
	at org.junit.platform.launcher.core.DefaultLauncher.execute(DefaultLauncher.java:125) ~[junit-platform-launcher-6.0.1.jar:6.0.1]
	at org.junit.platform.launcher.core.DefaultLauncher.execute(DefaultLauncher.java:114) ~[junit-platform-launcher-6.0.1.jar:6.0.1]
	at org.junit.platform.launcher.core.DelegatingLauncher.execute(DelegatingLauncher.java:58) ~[junit-platform-launcher-6.0.1.jar:6.0.1]
	at org.junit.platform.launcher.core.InterceptingLauncher.lambda$execute$2(InterceptingLauncher.java:57) ~[junit-platform-launcher-6.0.1.jar:6.0.1]
	at org.junit.platform.launcher.core.ClasspathAlignmentCheckingLauncherInterceptor.intercept(ClasspathAlignmentCheckingLauncherInterceptor.java:25) ~[junit-platform-launcher-6.0.1.jar:6.0.1]
	at org.junit.platform.launcher.core.InterceptingLauncher.execute(InterceptingLauncher.java:56) ~[junit-platform-launcher-6.0.1.jar:6.0.1]
	at org.junit.platform.launcher.core.DelegatingLauncher.execute(DelegatingLauncher.java:58) ~[junit-platform-launcher-6.0.1.jar:6.0.1]
	at java.base/jdk.internal.reflect.DirectMethodHandleAccessor.invoke(DirectMethodHandleAccessor.java:104) ~[na:na]
	at java.base/java.lang.reflect.Method.invoke(Method.java:583) ~[na:na]
	at org.apache.maven.surefire.api.util.ReflectionUtils.invokeMethodWithArray(ReflectionUtils.java:125) ~[surefire-api-3.5.4.jar:3.5.4]
	at org.apache.maven.surefire.junitplatform.LauncherAdapter.executeWithCancellationToken(LauncherAdapter.java:68) ~[surefire-junit-platform-3.5.4.jar:3.5.4]
	at org.apache.maven.surefire.junitplatform.LauncherAdapter.execute(LauncherAdapter.java:54) ~[surefire-junit-platform-3.5.4.jar:3.5.4]
	at org.apache.maven.surefire.junitplatform.JUnitPlatformProvider.execute(JUnitPlatformProvider.java:203) ~[surefire-junit-platform-3.5.4.jar:3.5.4]
	at org.apache.maven.surefire.junitplatform.JUnitPlatformProvider.invokeAllTests(JUnitPlatformProvider.java:168) ~[surefire-junit-platform-3.5.4.jar:3.5.4]
	at org.apache.maven.surefire.junitplatform.JUnitPlatformProvider.invoke(JUnitPlatformProvider.java:136) ~[surefire-junit-platform-3.5.4.jar:3.5.4]
	at org.apache.maven.surefire.booter.ForkedBooter.runSuitesInProcess(ForkedBooter.java:385) ~[surefire-booter-3.5.4.jar:3.5.4]
	at org.apache.maven.surefire.booter.ForkedBooter.execute(ForkedBooter.java:162) ~[surefire-booter-3.5.4.jar:3.5.4]
	at org.apache.maven.surefire.booter.ForkedBooter.run(ForkedBooter.java:507) ~[surefire-booter-3.5.4.jar:3.5.4]
	at org.apache.maven.surefire.booter.ForkedBooter.main(ForkedBooter.java:495) ~[surefire-booter-3.5.4.jar:3.5.4]

2026-10-02T23:36:46.272+01:00  WARN 32244 --- [archunit-hexagonal] [           main] c.t.a.core.importer.ClassFileProcessor   : Error during import from jrt:/java.base/java/util/function/Predicate.class, falling back to simple import

java.lang.IllegalArgumentException: Unsupported class file major version 71
	at com.tngtech.archunit.thirdparty.org.objectweb.asm.ClassReader.<init>(ClassReader.java:200) ~[archunit-1.3.0.jar:1.3.0]
	at com.tngtech.archunit.thirdparty.org.objectweb.asm.ClassReader.<init>(ClassReader.java:180) ~[archunit-1.3.0.jar:1.3.0]
	at com.tngtech.archunit.thirdparty.org.objectweb.asm.ClassReader.<init>(ClassReader.java:166) ~[archunit-1.3.0.jar:1.3.0]
	at com.tngtech.archunit.thirdparty.org.objectweb.asm.ClassReader.<init>(ClassReader.java:288) ~[archunit-1.3.0.jar:1.3.0]
	at com.tngtech.archunit.core.importer.ClassFileProcessor$UriImporterOfProcessor.tryImport(ClassFileProcessor.java:350) ~[archunit-1.3.0.jar:1.3.0]
	at com.tngtech.archunit.core.importer.resolvers.ClassResolverFromClasspath.tryResolve(ClassResolverFromClasspath.java:51) ~[archunit-1.3.0.jar:1.3.0]
	at com.tngtech.archunit.core.importer.ImportedClasses.resolve(ImportedClasses.java:80) ~[archunit-1.3.0.jar:1.3.0]
	at com.tngtech.archunit.core.importer.ImportedClasses.getOrResolve(ImportedClasses.java:67) ~[archunit-1.3.0.jar:1.3.0]
	at com.tngtech.archunit.core.importer.DomainBuilders$JavaMemberBuilder.get(DomainBuilders.java:179) ~[archunit-1.3.0.jar:1.3.0]
	at com.tngtech.archunit.core.importer.DomainBuilders$JavaCodeUnitBuilder.getRawReturnType(DomainBuilders.java:289) ~[archunit-1.3.0.jar:1.3.0]
	at com.tngtech.archunit.core.domain.JavaCodeUnit$ReturnType.<init>(JavaCodeUnit.java:367) ~[archunit-1.3.0.jar:1.3.0]
	at com.tngtech.archunit.core.domain.JavaCodeUnit.<init>(JavaCodeUnit.java:81) ~[archunit-1.3.0.jar:1.3.0]
	at com.tngtech.archunit.core.domain.JavaMethod.<init>(JavaMethod.java:44) ~[archunit-1.3.0.jar:1.3.0]
	at com.tngtech.archunit.core.domain.DomainObjectCreationContext.createJavaMethod(DomainObjectCreationContext.java:144) ~[archunit-1.3.0.jar:1.3.0]
	at com.tngtech.archunit.core.importer.DomainBuilders$JavaMethodBuilder.construct(DomainBuilders.java:373) ~[archunit-1.3.0.jar:1.3.0]
	at com.tngtech.archunit.core.importer.DomainBuilders$JavaMethodBuilder.construct(DomainBuilders.java:358) ~[archunit-1.3.0.jar:1.3.0]
	at com.tngtech.archunit.core.importer.DomainBuilders$JavaMemberBuilder.build(DomainBuilders.java:206) ~[archunit-1.3.0.jar:1.3.0]
	at com.tngtech.archunit.core.importer.DomainBuilders$JavaMemberBuilder.build(DomainBuilders.java:138) ~[archunit-1.3.0.jar:1.3.0]
	at com.tngtech.archunit.core.importer.DomainBuilders$BuilderWithBuildParameter$BuildFinisher.lambda$build$0(DomainBuilders.java:892) ~[archunit-1.3.0.jar:1.3.0]
	at java.base/java.util.stream.ReferencePipeline$3$1.accept(ReferencePipeline.java:214) ~[na:na]
	at java.base/java.util.stream.ReferencePipeline$2$1.accept(ReferencePipeline.java:197) ~[na:na]
	at java.base/java.util.HashMap$KeySpliterator.forEachRemaining(HashMap.java:1741) ~[na:na]
	at java.base/java.util.stream.AbstractPipeline.copyInto(AbstractPipeline.java:570) ~[na:na]
	at java.base/java.util.stream.AbstractPipeline.wrapAndCopyInto(AbstractPipeline.java:560) ~[na:na]
	at java.base/java.util.stream.ReduceOps$ReduceOp.evaluateSequential(ReduceOps.java:921) ~[na:na]
	at java.base/java.util.stream.AbstractPipeline.evaluate(AbstractPipeline.java:265) ~[na:na]
	at java.base/java.util.stream.ReferencePipeline.collect(ReferencePipeline.java:723) ~[na:na]
	at com.tngtech.archunit.core.importer.DomainBuilders$BuilderWithBuildParameter$BuildFinisher.build(DomainBuilders.java:892) ~[archunit-1.3.0.jar:1.3.0]
	at com.tngtech.archunit.core.importer.ClassGraphCreator.createMethods(ClassGraphCreator.java:322) ~[archunit-1.3.0.jar:1.3.0]
	at com.tngtech.archunit.core.domain.JavaClassMembers.create(JavaClassMembers.java:352) ~[archunit-1.3.0.jar:1.3.0]
	at com.tngtech.archunit.core.domain.JavaClass.completeMembers(JavaClass.java:1477) ~[archunit-1.3.0.jar:1.3.0]
	at com.tngtech.archunit.core.domain.DomainObjectCreationContext.completeMembers(DomainObjectCreationContext.java:96) ~[archunit-1.3.0.jar:1.3.0]
	at com.tngtech.archunit.core.importer.ClassGraphCreator.completeClasses(ClassGraphCreator.java:120) ~[archunit-1.3.0.jar:1.3.0]
	at com.tngtech.archunit.core.importer.ClassGraphCreator.complete(ClassGraphCreator.java:108) ~[archunit-1.3.0.jar:1.3.0]
	at com.tngtech.archunit.core.importer.ClassFileProcessor.process(ClassFileProcessor.java:75) ~[archunit-1.3.0.jar:1.3.0]
	at com.tngtech.archunit.core.importer.ClassFileImporter.importLocations(ClassFileImporter.java:325) ~[archunit-1.3.0.jar:1.3.0]
	at com.tngtech.archunit.junit.internal.ClassCache$CacheClassFileImporter.importClasses(ClassCache.java:126) ~[archunit-junit5-engine-1.3.0.jar:1.3.0]
	at com.tngtech.archunit.junit.internal.ClassCache$LazyJavaClasses.initialize(ClassCache.java:118) ~[archunit-junit5-engine-1.3.0.jar:1.3.0]
	at com.tngtech.archunit.junit.internal.ClassCache$LazyJavaClasses.get(ClassCache.java:107) ~[archunit-junit5-engine-1.3.0.jar:1.3.0]
	at com.tngtech.archunit.junit.internal.ClassCache.getClassesToAnalyzeFor(ClassCache.java:84) ~[archunit-junit5-engine-1.3.0.jar:1.3.0]
	at com.tngtech.archunit.junit.internal.ArchUnitTestDescriptor.lambda$createChildren$1(ArchUnitTestDescriptor.java:90) ~[archunit-junit5-engine-1.3.0.jar:1.3.0]
	at com.tngtech.archunit.junit.internal.ArchUnitTestDescriptor$ArchUnitRuleDescriptor.execute(ArchUnitTestDescriptor.java:167) ~[archunit-junit5-engine-1.3.0.jar:1.3.0]
	at com.tngtech.archunit.junit.internal.ArchUnitTestDescriptor$ArchUnitRuleDescriptor.execute(ArchUnitTestDescriptor.java:150) ~[archunit-junit5-engine-1.3.0.jar:1.3.0]
	at org.junit.platform.engine.support.hierarchical.NodeTestTask.lambda$executeRecursively$2(NodeTestTask.java:176) ~[junit-platform-engine-6.0.1.jar:6.0.1]
	at org.junit.platform.engine.support.hierarchical.ThrowableCollector.execute(ThrowableCollector.java:74) ~[junit-platform-engine-6.0.1.jar:6.0.1]
	at org.junit.platform.engine.support.hierarchical.NodeTestTask.lambda$executeRecursively$1(NodeTestTask.java:166) ~[junit-platform-engine-6.0.1.jar:6.0.1]
	at org.junit.platform.engine.support.hierarchical.Node.around(Node.java:138) ~[junit-platform-engine-6.0.1.jar:6.0.1]
	at org.junit.platform.engine.support.hierarchical.NodeTestTask.lambda$executeRecursively$0(NodeTestTask.java:164) ~[junit-platform-engine-6.0.1.jar:6.0.1]
	at org.junit.platform.engine.support.hierarchical.ThrowableCollector.execute(ThrowableCollector.java:74) ~[junit-platform-engine-6.0.1.jar:6.0.1]
	at org.junit.platform.engine.support.hierarchical.NodeTestTask.executeRecursively(NodeTestTask.java:163) ~[junit-platform-engine-6.0.1.jar:6.0.1]
	at org.junit.platform.engine.support.hierarchical.NodeTestTask.execute(NodeTestTask.java:116) ~[junit-platform-engine-6.0.1.jar:6.0.1]
	at java.base/java.util.ArrayList.forEach(ArrayList.java:1612) ~[na:na]
	at org.junit.platform.engine.support.hierarchical.SameThreadHierarchicalTestExecutorService.invokeAll(SameThreadHierarchicalTestExecutorService.java:42) ~[junit-platform-engine-6.0.1.jar:6.0.1]
	at org.junit.platform.engine.support.hierarchical.NodeTestTask.lambda$executeRecursively$2(NodeTestTask.java:180) ~[junit-platform-engine-6.0.1.jar:6.0.1]
	at org.junit.platform.engine.support.hierarchical.ThrowableCollector.execute(ThrowableCollector.java:74) ~[junit-platform-engine-6.0.1.jar:6.0.1]
	at org.junit.platform.engine.support.hierarchical.NodeTestTask.lambda$executeRecursively$1(NodeTestTask.java:166) ~[junit-platform-engine-6.0.1.jar:6.0.1]
	at org.junit.platform.engine.support.hierarchical.Node.around(Node.java:138) ~[junit-platform-engine-6.0.1.jar:6.0.1]
	at org.junit.platform.engine.support.hierarchical.NodeTestTask.lambda$executeRecursively$0(NodeTestTask.java:164) ~[junit-platform-engine-6.0.1.jar:6.0.1]
	at org.junit.platform.engine.support.hierarchical.ThrowableCollector.execute(ThrowableCollector.java:74) ~[junit-platform-engine-6.0.1.jar:6.0.1]
	at org.junit.platform.engine.support.hierarchical.NodeTestTask.executeRecursively(NodeTestTask.java:163) ~[junit-platform-engine-6.0.1.jar:6.0.1]
	at org.junit.platform.engine.support.hierarchical.NodeTestTask.execute(NodeTestTask.java:116) ~[junit-platform-engine-6.0.1.jar:6.0.1]
	at java.base/java.util.ArrayList.forEach(ArrayList.java:1612) ~[na:na]
	at org.junit.platform.engine.support.hierarchical.SameThreadHierarchicalTestExecutorService.invokeAll(SameThreadHierarchicalTestExecutorService.java:42) ~[junit-platform-engine-6.0.1.jar:6.0.1]
	at org.junit.platform.engine.support.hierarchical.NodeTestTask.lambda$executeRecursively$2(NodeTestTask.java:180) ~[junit-platform-engine-6.0.1.jar:6.0.1]
	at org.junit.platform.engine.support.hierarchical.ThrowableCollector.execute(ThrowableCollector.java:74) ~[junit-platform-engine-6.0.1.jar:6.0.1]
	at org.junit.platform.engine.support.hierarchical.NodeTestTask.lambda$executeRecursively$1(NodeTestTask.java:166) ~[junit-platform-engine-6.0.1.jar:6.0.1]
	at org.junit.platform.engine.support.hierarchical.Node.around(Node.java:138) ~[junit-platform-engine-6.0.1.jar:6.0.1]
	at org.junit.platform.engine.support.hierarchical.NodeTestTask.lambda$executeRecursively$0(NodeTestTask.java:164) ~[junit-platform-engine-6.0.1.jar:6.0.1]
	at org.junit.platform.engine.support.hierarchical.ThrowableCollector.execute(ThrowableCollector.java:74) ~[junit-platform-engine-6.0.1.jar:6.0.1]
	at org.junit.platform.engine.support.hierarchical.NodeTestTask.executeRecursively(NodeTestTask.java:163) ~[junit-platform-engine-6.0.1.jar:6.0.1]
	at org.junit.platform.engine.support.hierarchical.NodeTestTask.execute(NodeTestTask.java:116) ~[junit-platform-engine-6.0.1.jar:6.0.1]
	at org.junit.platform.engine.support.hierarchical.SameThreadHierarchicalTestExecutorService.submit(SameThreadHierarchicalTestExecutorService.java:36) ~[junit-platform-engine-6.0.1.jar:6.0.1]
	at org.junit.platform.engine.support.hierarchical.HierarchicalTestExecutor.execute(HierarchicalTestExecutor.java:52) ~[junit-platform-engine-6.0.1.jar:6.0.1]
	at org.junit.platform.engine.support.hierarchical.HierarchicalTestEngine.execute(HierarchicalTestEngine.java:58) ~[junit-platform-engine-6.0.1.jar:6.0.1]
	at org.junit.platform.launcher.core.EngineExecutionOrchestrator.executeEngine(EngineExecutionOrchestrator.java:246) ~[junit-platform-launcher-6.0.1.jar:6.0.1]
	at org.junit.platform.launcher.core.EngineExecutionOrchestrator.failOrExecuteEngine(EngineExecutionOrchestrator.java:218) ~[junit-platform-launcher-6.0.1.jar:6.0.1]
	at org.junit.platform.launcher.core.EngineExecutionOrchestrator.execute(EngineExecutionOrchestrator.java:179) ~[junit-platform-launcher-6.0.1.jar:6.0.1]
	at org.junit.platform.launcher.core.EngineExecutionOrchestrator.execute(EngineExecutionOrchestrator.java:108) ~[junit-platform-launcher-6.0.1.jar:6.0.1]
	at org.junit.platform.launcher.core.EngineExecutionOrchestrator.lambda$execute$0(EngineExecutionOrchestrator.java:66) ~[junit-platform-launcher-6.0.1.jar:6.0.1]
	at org.junit.platform.launcher.core.EngineExecutionOrchestrator.withInterceptedStreams(EngineExecutionOrchestrator.java:157) ~[junit-platform-launcher-6.0.1.jar:6.0.1]
	at org.junit.platform.launcher.core.EngineExecutionOrchestrator.execute(EngineExecutionOrchestrator.java:65) ~[junit-platform-launcher-6.0.1.jar:6.0.1]
	at org.junit.platform.launcher.core.DefaultLauncher.execute(DefaultLauncher.java:125) ~[junit-platform-launcher-6.0.1.jar:6.0.1]
	at org.junit.platform.launcher.core.DefaultLauncher.execute(DefaultLauncher.java:114) ~[junit-platform-launcher-6.0.1.jar:6.0.1]
	at org.junit.platform.launcher.core.DelegatingLauncher.execute(DelegatingLauncher.java:58) ~[junit-platform-launcher-6.0.1.jar:6.0.1]
	at org.junit.platform.launcher.core.InterceptingLauncher.lambda$execute$2(InterceptingLauncher.java:57) ~[junit-platform-launcher-6.0.1.jar:6.0.1]
	at org.junit.platform.launcher.core.ClasspathAlignmentCheckingLauncherInterceptor.intercept(ClasspathAlignmentCheckingLauncherInterceptor.java:25) ~[junit-platform-launcher-6.0.1.jar:6.0.1]
	at org.junit.platform.launcher.core.InterceptingLauncher.execute(InterceptingLauncher.java:56) ~[junit-platform-launcher-6.0.1.jar:6.0.1]
	at org.junit.platform.launcher.core.DelegatingLauncher.execute(DelegatingLauncher.java:58) ~[junit-platform-launcher-6.0.1.jar:6.0.1]
	at java.base/jdk.internal.reflect.DirectMethodHandleAccessor.invoke(DirectMethodHandleAccessor.java:104) ~[na:na]
	at java.base/java.lang.reflect.Method.invoke(Method.java:583) ~[na:na]
	at org.apache.maven.surefire.api.util.ReflectionUtils.invokeMethodWithArray(ReflectionUtils.java:125) ~[surefire-api-3.5.4.jar:3.5.4]
	at org.apache.maven.surefire.junitplatform.LauncherAdapter.executeWithCancellationToken(LauncherAdapter.java:68) ~[surefire-junit-platform-3.5.4.jar:3.5.4]
	at org.apache.maven.surefire.junitplatform.LauncherAdapter.execute(LauncherAdapter.java:54) ~[surefire-junit-platform-3.5.4.jar:3.5.4]
	at org.apache.maven.surefire.junitplatform.JUnitPlatformProvider.execute(JUnitPlatformProvider.java:203) ~[surefire-junit-platform-3.5.4.jar:3.5.4]
	at org.apache.maven.surefire.junitplatform.JUnitPlatformProvider.invokeAllTests(JUnitPlatformProvider.java:168) ~[surefire-junit-platform-3.5.4.jar:3.5.4]
	at org.apache.maven.surefire.junitplatform.JUnitPlatformProvider.invoke(JUnitPlatformProvider.java:136) ~[surefire-junit-platform-3.5.4.jar:3.5.4]
	at org.apache.maven.surefire.booter.ForkedBooter.runSuitesInProcess(ForkedBooter.java:385) ~[surefire-booter-3.5.4.jar:3.5.4]
	at org.apache.maven.surefire.booter.ForkedBooter.execute(ForkedBooter.java:162) ~[surefire-booter-3.5.4.jar:3.5.4]
	at org.apache.maven.surefire.booter.ForkedBooter.run(ForkedBooter.java:507) ~[surefire-booter-3.5.4.jar:3.5.4]
	at org.apache.maven.surefire.booter.ForkedBooter.main(ForkedBooter.java:495) ~[surefire-booter-3.5.4.jar:3.5.4]

2026-10-02T23:36:46.281+01:00  WARN 32244 --- [archunit-hexagonal] [           main] c.t.a.core.importer.ClassFileProcessor   : Error during import from jrt:/java.base/java/lang/IllegalStateException.class, falling back to simple import

java.lang.IllegalArgumentException: Unsupported class file major version 71
	at com.tngtech.archunit.thirdparty.org.objectweb.asm.ClassReader.<init>(ClassReader.java:200) ~[archunit-1.3.0.jar:1.3.0]
	at com.tngtech.archunit.thirdparty.org.objectweb.asm.ClassReader.<init>(ClassReader.java:180) ~[archunit-1.3.0.jar:1.3.0]
	at com.tngtech.archunit.thirdparty.org.objectweb.asm.ClassReader.<init>(ClassReader.java:166) ~[archunit-1.3.0.jar:1.3.0]
	at com.tngtech.archunit.thirdparty.org.objectweb.asm.ClassReader.<init>(ClassReader.java:288) ~[archunit-1.3.0.jar:1.3.0]
	at com.tngtech.archunit.core.importer.ClassFileProcessor$UriImporterOfProcessor.tryImport(ClassFileProcessor.java:350) ~[archunit-1.3.0.jar:1.3.0]
	at com.tngtech.archunit.core.importer.resolvers.ClassResolverFromClasspath.tryResolve(ClassResolverFromClasspath.java:51) ~[archunit-1.3.0.jar:1.3.0]
	at com.tngtech.archunit.core.importer.ImportedClasses.resolve(ImportedClasses.java:80) ~[archunit-1.3.0.jar:1.3.0]
	at com.tngtech.archunit.core.importer.ImportedClasses.getOrResolve(ImportedClasses.java:67) ~[archunit-1.3.0.jar:1.3.0]
	at com.tngtech.archunit.core.importer.DomainBuilders$JavaMemberBuilder.get(DomainBuilders.java:179) ~[archunit-1.3.0.jar:1.3.0]
	at com.tngtech.archunit.core.importer.DomainBuilders$JavaCodeUnitBuilder.asJavaClasses(DomainBuilders.java:329) ~[archunit-1.3.0.jar:1.3.0]
	at com.tngtech.archunit.core.importer.DomainBuilders$JavaCodeUnitBuilder.getThrowsClause(DomainBuilders.java:323) ~[archunit-1.3.0.jar:1.3.0]
	at com.tngtech.archunit.core.domain.JavaMethod.<init>(JavaMethod.java:45) ~[archunit-1.3.0.jar:1.3.0]
	at com.tngtech.archunit.core.domain.DomainObjectCreationContext.createJavaMethod(DomainObjectCreationContext.java:144) ~[archunit-1.3.0.jar:1.3.0]
	at com.tngtech.archunit.core.importer.DomainBuilders$JavaMethodBuilder.construct(DomainBuilders.java:373) ~[archunit-1.3.0.jar:1.3.0]
	at com.tngtech.archunit.core.importer.DomainBuilders$JavaMethodBuilder.construct(DomainBuilders.java:358) ~[archunit-1.3.0.jar:1.3.0]
	at com.tngtech.archunit.core.importer.DomainBuilders$JavaMemberBuilder.build(DomainBuilders.java:206) ~[archunit-1.3.0.jar:1.3.0]
	at com.tngtech.archunit.core.importer.DomainBuilders$JavaMemberBuilder.build(DomainBuilders.java:138) ~[archunit-1.3.0.jar:1.3.0]
	at com.tngtech.archunit.core.importer.DomainBuilders$BuilderWithBuildParameter$BuildFinisher.lambda$build$0(DomainBuilders.java:892) ~[archunit-1.3.0.jar:1.3.0]
	at java.base/java.util.stream.ReferencePipeline$3$1.accept(ReferencePipeline.java:214) ~[na:na]
	at java.base/java.util.stream.ReferencePipeline$2$1.accept(ReferencePipeline.java:197) ~[na:na]
	at java.base/java.util.HashMap$KeySpliterator.forEachRemaining(HashMap.java:1741) ~[na:na]
	at java.base/java.util.stream.AbstractPipeline.copyInto(AbstractPipeline.java:570) ~[na:na]
	at java.base/java.util.stream.AbstractPipeline.wrapAndCopyInto(AbstractPipeline.java:560) ~[na:na]
	at java.base/java.util.stream.ReduceOps$ReduceOp.evaluateSequential(ReduceOps.java:921) ~[na:na]
	at java.base/java.util.stream.AbstractPipeline.evaluate(AbstractPipeline.java:265) ~[na:na]
	at java.base/java.util.stream.ReferencePipeline.collect(ReferencePipeline.java:723) ~[na:na]
	at com.tngtech.archunit.core.importer.DomainBuilders$BuilderWithBuildParameter$BuildFinisher.build(DomainBuilders.java:892) ~[archunit-1.3.0.jar:1.3.0]
	at com.tngtech.archunit.core.importer.ClassGraphCreator.createMethods(ClassGraphCreator.java:322) ~[archunit-1.3.0.jar:1.3.0]
	at com.tngtech.archunit.core.domain.JavaClassMembers.create(JavaClassMembers.java:352) ~[archunit-1.3.0.jar:1.3.0]
	at com.tngtech.archunit.core.domain.JavaClass.completeMembers(JavaClass.java:1477) ~[archunit-1.3.0.jar:1.3.0]
	at com.tngtech.archunit.core.domain.DomainObjectCreationContext.completeMembers(DomainObjectCreationContext.java:96) ~[archunit-1.3.0.jar:1.3.0]
	at com.tngtech.archunit.core.importer.ClassGraphCreator.completeClasses(ClassGraphCreator.java:120) ~[archunit-1.3.0.jar:1.3.0]
	at com.tngtech.archunit.core.importer.ClassGraphCreator.complete(ClassGraphCreator.java:108) ~[archunit-1.3.0.jar:1.3.0]
	at com.tngtech.archunit.core.importer.ClassFileProcessor.process(ClassFileProcessor.java:75) ~[archunit-1.3.0.jar:1.3.0]
	at com.tngtech.archunit.core.importer.ClassFileImporter.importLocations(ClassFileImporter.java:325) ~[archunit-1.3.0.jar:1.3.0]
	at com.tngtech.archunit.junit.internal.ClassCache$CacheClassFileImporter.importClasses(ClassCache.java:126) ~[archunit-junit5-engine-1.3.0.jar:1.3.0]
	at com.tngtech.archunit.junit.internal.ClassCache$LazyJavaClasses.initialize(ClassCache.java:118) ~[archunit-junit5-engine-1.3.0.jar:1.3.0]
	at com.tngtech.archunit.junit.internal.ClassCache$LazyJavaClasses.get(ClassCache.java:107) ~[archunit-junit5-engine-1.3.0.jar:1.3.0]
	at com.tngtech.archunit.junit.internal.ClassCache.getClassesToAnalyzeFor(ClassCache.java:84) ~[archunit-junit5-engine-1.3.0.jar:1.3.0]
	at com.tngtech.archunit.junit.internal.ArchUnitTestDescriptor.lambda$createChildren$1(ArchUnitTestDescriptor.java:90) ~[archunit-junit5-engine-1.3.0.jar:1.3.0]
	at com.tngtech.archunit.junit.internal.ArchUnitTestDescriptor$ArchUnitRuleDescriptor.execute(ArchUnitTestDescriptor.java:167) ~[archunit-junit5-engine-1.3.0.jar:1.3.0]
	at com.tngtech.archunit.junit.internal.ArchUnitTestDescriptor$ArchUnitRuleDescriptor.execute(ArchUnitTestDescriptor.java:150) ~[archunit-junit5-engine-1.3.0.jar:1.3.0]
	at org.junit.platform.engine.support.hierarchical.NodeTestTask.lambda$executeRecursively$2(NodeTestTask.java:176) ~[junit-platform-engine-6.0.1.jar:6.0.1]
	at org.junit.platform.engine.support.hierarchical.ThrowableCollector.execute(ThrowableCollector.java:74) ~[junit-platform-engine-6.0.1.jar:6.0.1]
	at org.junit.platform.engine.support.hierarchical.NodeTestTask.lambda$executeRecursively$1(NodeTestTask.java:166) ~[junit-platform-engine-6.0.1.jar:6.0.1]
	at org.junit.platform.engine.support.hierarchical.Node.around(Node.java:138) ~[junit-platform-engine-6.0.1.jar:6.0.1]
	at org.junit.platform.engine.support.hierarchical.NodeTestTask.lambda$executeRecursively$0(NodeTestTask.java:164) ~[junit-platform-engine-6.0.1.jar:6.0.1]
	at org.junit.platform.engine.support.hierarchical.ThrowableCollector.execute(ThrowableCollector.java:74) ~[junit-platform-engine-6.0.1.jar:6.0.1]
	at org.junit.platform.engine.support.hierarchical.NodeTestTask.executeRecursively(NodeTestTask.java:163) ~[junit-platform-engine-6.0.1.jar:6.0.1]
	at org.junit.platform.engine.support.hierarchical.NodeTestTask.execute(NodeTestTask.java:116) ~[junit-platform-engine-6.0.1.jar:6.0.1]
	at java.base/java.util.ArrayList.forEach(ArrayList.java:1612) ~[na:na]
	at org.junit.platform.engine.support.hierarchical.SameThreadHierarchicalTestExecutorService.invokeAll(SameThreadHierarchicalTestExecutorService.java:42) ~[junit-platform-engine-6.0.1.jar:6.0.1]
	at org.junit.platform.engine.support.hierarchical.NodeTestTask.lambda$executeRecursively$2(NodeTestTask.java:180) ~[junit-platform-engine-6.0.1.jar:6.0.1]
	at org.junit.platform.engine.support.hierarchical.ThrowableCollector.execute(ThrowableCollector.java:74) ~[junit-platform-engine-6.0.1.jar:6.0.1]
	at org.junit.platform.engine.support.hierarchical.NodeTestTask.lambda$executeRecursively$1(NodeTestTask.java:166) ~[junit-platform-engine-6.0.1.jar:6.0.1]
	at org.junit.platform.engine.support.hierarchical.Node.around(Node.java:138) ~[junit-platform-engine-6.0.1.jar:6.0.1]
	at org.junit.platform.engine.support.hierarchical.NodeTestTask.lambda$executeRecursively$0(NodeTestTask.java:164) ~[junit-platform-engine-6.0.1.jar:6.0.1]
	at org.junit.platform.engine.support.hierarchical.ThrowableCollector.execute(ThrowableCollector.java:74) ~[junit-platform-engine-6.0.1.jar:6.0.1]
	at org.junit.platform.engine.support.hierarchical.NodeTestTask.executeRecursively(NodeTestTask.java:163) ~[junit-platform-engine-6.0.1.jar:6.0.1]
	at org.junit.platform.engine.support.hierarchical.NodeTestTask.execute(NodeTestTask.java:116) ~[junit-platform-engine-6.0.1.jar:6.0.1]
	at java.base/java.util.ArrayList.forEach(ArrayList.java:1612) ~[na:na]
	at org.junit.platform.engine.support.hierarchical.SameThreadHierarchicalTestExecutorService.invokeAll(SameThreadHierarchicalTestExecutorService.java:42) ~[junit-platform-engine-6.0.1.jar:6.0.1]
	at org.junit.platform.engine.support.hierarchical.NodeTestTask.lambda$executeRecursively$2(NodeTestTask.java:180) ~[junit-platform-engine-6.0.1.jar:6.0.1]
	at org.junit.platform.engine.support.hierarchical.ThrowableCollector.execute(ThrowableCollector.java:74) ~[junit-platform-engine-6.0.1.jar:6.0.1]
	at org.junit.platform.engine.support.hierarchical.NodeTestTask.lambda$executeRecursively$1(NodeTestTask.java:166) ~[junit-platform-engine-6.0.1.jar:6.0.1]
	at org.junit.platform.engine.support.hierarchical.Node.around(Node.java:138) ~[junit-platform-engine-6.0.1.jar:6.0.1]
	at org.junit.platform.engine.support.hierarchical.NodeTestTask.lambda$executeRecursively$0(NodeTestTask.java:164) ~[junit-platform-engine-6.0.1.jar:6.0.1]
	at org.junit.platform.engine.support.hierarchical.ThrowableCollector.execute(ThrowableCollector.java:74) ~[junit-platform-engine-6.0.1.jar:6.0.1]
	at org.junit.platform.engine.support.hierarchical.NodeTestTask.executeRecursively(NodeTestTask.java:163) ~[junit-platform-engine-6.0.1.jar:6.0.1]
	at org.junit.platform.engine.support.hierarchical.NodeTestTask.execute(NodeTestTask.java:116) ~[junit-platform-engine-6.0.1.jar:6.0.1]
	at org.junit.platform.engine.support.hierarchical.SameThreadHierarchicalTestExecutorService.submit(SameThreadHierarchicalTestExecutorService.java:36) ~[junit-platform-engine-6.0.1.jar:6.0.1]
	at org.junit.platform.engine.support.hierarchical.HierarchicalTestExecutor.execute(HierarchicalTestExecutor.java:52) ~[junit-platform-engine-6.0.1.jar:6.0.1]
	at org.junit.platform.engine.support.hierarchical.HierarchicalTestEngine.execute(HierarchicalTestEngine.java:58) ~[junit-platform-engine-6.0.1.jar:6.0.1]
	at org.junit.platform.launcher.core.EngineExecutionOrchestrator.executeEngine(EngineExecutionOrchestrator.java:246) ~[junit-platform-launcher-6.0.1.jar:6.0.1]
	at org.junit.platform.launcher.core.EngineExecutionOrchestrator.failOrExecuteEngine(EngineExecutionOrchestrator.java:218) ~[junit-platform-launcher-6.0.1.jar:6.0.1]
	at org.junit.platform.launcher.core.EngineExecutionOrchestrator.execute(EngineExecutionOrchestrator.java:179) ~[junit-platform-launcher-6.0.1.jar:6.0.1]
	at org.junit.platform.launcher.core.EngineExecutionOrchestrator.execute(EngineExecutionOrchestrator.java:108) ~[junit-platform-launcher-6.0.1.jar:6.0.1]
	at org.junit.platform.launcher.core.EngineExecutionOrchestrator.lambda$execute$0(EngineExecutionOrchestrator.java:66) ~[junit-platform-launcher-6.0.1.jar:6.0.1]
	at org.junit.platform.launcher.core.EngineExecutionOrchestrator.withInterceptedStreams(EngineExecutionOrchestrator.java:157) ~[junit-platform-launcher-6.0.1.jar:6.0.1]
	at org.junit.platform.launcher.core.EngineExecutionOrchestrator.execute(EngineExecutionOrchestrator.java:65) ~[junit-platform-launcher-6.0.1.jar:6.0.1]
	at org.junit.platform.launcher.core.DefaultLauncher.execute(DefaultLauncher.java:125) ~[junit-platform-launcher-6.0.1.jar:6.0.1]
	at org.junit.platform.launcher.core.DefaultLauncher.execute(DefaultLauncher.java:114) ~[junit-platform-launcher-6.0.1.jar:6.0.1]
	at org.junit.platform.launcher.core.DelegatingLauncher.execute(DelegatingLauncher.java:58) ~[junit-platform-launcher-6.0.1.jar:6.0.1]
	at org.junit.platform.launcher.core.InterceptingLauncher.lambda$execute$2(InterceptingLauncher.java:57) ~[junit-platform-launcher-6.0.1.jar:6.0.1]
	at org.junit.platform.launcher.core.ClasspathAlignmentCheckingLauncherInterceptor.intercept(ClasspathAlignmentCheckingLauncherInterceptor.java:25) ~[junit-platform-launcher-6.0.1.jar:6.0.1]
	at org.junit.platform.launcher.core.InterceptingLauncher.execute(InterceptingLauncher.java:56) ~[junit-platform-launcher-6.0.1.jar:6.0.1]
	at org.junit.platform.launcher.core.DelegatingLauncher.execute(DelegatingLauncher.java:58) ~[junit-platform-launcher-6.0.1.jar:6.0.1]
	at java.base/jdk.internal.reflect.DirectMethodHandleAccessor.invoke(DirectMethodHandleAccessor.java:104) ~[na:na]
	at java.base/java.lang.reflect.Method.invoke(Method.java:583) ~[na:na]
	at org.apache.maven.surefire.api.util.ReflectionUtils.invokeMethodWithArray(ReflectionUtils.java:125) ~[surefire-api-3.5.4.jar:3.5.4]
	at org.apache.maven.surefire.junitplatform.LauncherAdapter.executeWithCancellationToken(LauncherAdapter.java:68) ~[surefire-junit-platform-3.5.4.jar:3.5.4]
	at org.apache.maven.surefire.junitplatform.LauncherAdapter.execute(LauncherAdapter.java:54) ~[surefire-junit-platform-3.5.4.jar:3.5.4]
	at org.apache.maven.surefire.junitplatform.JUnitPlatformProvider.execute(JUnitPlatformProvider.java:203) ~[surefire-junit-platform-3.5.4.jar:3.5.4]
	at org.apache.maven.surefire.junitplatform.JUnitPlatformProvider.invokeAllTests(JUnitPlatformProvider.java:168) ~[surefire-junit-platform-3.5.4.jar:3.5.4]
	at org.apache.maven.surefire.junitplatform.JUnitPlatformProvider.invoke(JUnitPlatformProvider.java:136) ~[surefire-junit-platform-3.5.4.jar:3.5.4]
	at org.apache.maven.surefire.booter.ForkedBooter.runSuitesInProcess(ForkedBooter.java:385) ~[surefire-booter-3.5.4.jar:3.5.4]
	at org.apache.maven.surefire.booter.ForkedBooter.execute(ForkedBooter.java:162) ~[surefire-booter-3.5.4.jar:3.5.4]
	at org.apache.maven.surefire.booter.ForkedBooter.run(ForkedBooter.java:507) ~[surefire-booter-3.5.4.jar:3.5.4]
	at org.apache.maven.surefire.booter.ForkedBooter.main(ForkedBooter.java:495) ~[surefire-booter-3.5.4.jar:3.5.4]

2026-10-02T23:36:46.283+01:00  WARN 32244 --- [archunit-hexagonal] [           main] c.t.a.core.importer.ClassFileProcessor   : Error during import from jrt:/java.base/java/time/Clock.class, falling back to simple import

java.lang.IllegalArgumentException: Unsupported class file major version 71
	at com.tngtech.archunit.thirdparty.org.objectweb.asm.ClassReader.<init>(ClassReader.java:200) ~[archunit-1.3.0.jar:1.3.0]
	at com.tngtech.archunit.thirdparty.org.objectweb.asm.ClassReader.<init>(ClassReader.java:180) ~[archunit-1.3.0.jar:1.3.0]
	at com.tngtech.archunit.thirdparty.org.objectweb.asm.ClassReader.<init>(ClassReader.java:166) ~[archunit-1.3.0.jar:1.3.0]
	at com.tngtech.archunit.thirdparty.org.objectweb.asm.ClassReader.<init>(ClassReader.java:288) ~[archunit-1.3.0.jar:1.3.0]
	at com.tngtech.archunit.core.importer.ClassFileProcessor$UriImporterOfProcessor.tryImport(ClassFileProcessor.java:350) ~[archunit-1.3.0.jar:1.3.0]
	at com.tngtech.archunit.core.importer.resolvers.ClassResolverFromClasspath.tryResolve(ClassResolverFromClasspath.java:51) ~[archunit-1.3.0.jar:1.3.0]
	at com.tngtech.archunit.core.importer.ImportedClasses.resolve(ImportedClasses.java:80) ~[archunit-1.3.0.jar:1.3.0]
	at com.tngtech.archunit.core.importer.ImportedClasses.getOrResolve(ImportedClasses.java:67) ~[archunit-1.3.0.jar:1.3.0]
	at com.tngtech.archunit.core.importer.DomainBuilders$JavaMemberBuilder.get(DomainBuilders.java:179) ~[archunit-1.3.0.jar:1.3.0]
	at com.tngtech.archunit.core.importer.DomainBuilders$JavaCodeUnitBuilder.asJavaClasses(DomainBuilders.java:329) ~[archunit-1.3.0.jar:1.3.0]
	at com.tngtech.archunit.core.importer.DomainBuilders$JavaCodeUnitBuilder.getRawParameterTypes(DomainBuilders.java:303) ~[archunit-1.3.0.jar:1.3.0]
	at com.tngtech.archunit.core.domain.JavaCodeUnit$Parameters.<init>(JavaCodeUnit.java:317) ~[archunit-1.3.0.jar:1.3.0]
	at com.tngtech.archunit.core.domain.JavaCodeUnit.<init>(JavaCodeUnit.java:82) ~[archunit-1.3.0.jar:1.3.0]
	at com.tngtech.archunit.core.domain.JavaConstructor.<init>(JavaConstructor.java:45) ~[archunit-1.3.0.jar:1.3.0]
	at com.tngtech.archunit.core.domain.DomainObjectCreationContext.createJavaConstructor(DomainObjectCreationContext.java:124) ~[archunit-1.3.0.jar:1.3.0]
	at com.tngtech.archunit.core.importer.DomainBuilders$JavaConstructorBuilder.construct(DomainBuilders.java:384) ~[archunit-1.3.0.jar:1.3.0]
	at com.tngtech.archunit.core.importer.DomainBuilders$JavaConstructorBuilder.construct(DomainBuilders.java:377) ~[archunit-1.3.0.jar:1.3.0]
	at com.tngtech.archunit.core.importer.DomainBuilders$JavaMemberBuilder.build(DomainBuilders.java:206) ~[archunit-1.3.0.jar:1.3.0]
	at com.tngtech.archunit.core.importer.DomainBuilders$JavaMemberBuilder.build(DomainBuilders.java:138) ~[archunit-1.3.0.jar:1.3.0]
	at com.tngtech.archunit.core.importer.DomainBuilders$BuilderWithBuildParameter$BuildFinisher.lambda$build$0(DomainBuilders.java:892) ~[archunit-1.3.0.jar:1.3.0]
	at java.base/java.util.stream.ReferencePipeline$3$1.accept(ReferencePipeline.java:214) ~[na:na]
	at java.base/java.util.HashMap$KeySpliterator.forEachRemaining(HashMap.java:1741) ~[na:na]
	at java.base/java.util.stream.AbstractPipeline.copyInto(AbstractPipeline.java:570) ~[na:na]
	at java.base/java.util.stream.AbstractPipeline.wrapAndCopyInto(AbstractPipeline.java:560) ~[na:na]
	at java.base/java.util.stream.ReduceOps$ReduceOp.evaluateSequential(ReduceOps.java:921) ~[na:na]
	at java.base/java.util.stream.AbstractPipeline.evaluate(AbstractPipeline.java:265) ~[na:na]
	at java.base/java.util.stream.ReferencePipeline.collect(ReferencePipeline.java:723) ~[na:na]
	at com.tngtech.archunit.core.importer.DomainBuilders$BuilderWithBuildParameter$BuildFinisher.build(DomainBuilders.java:892) ~[archunit-1.3.0.jar:1.3.0]
	at com.tngtech.archunit.core.importer.DomainBuilders$BuilderWithBuildParameter$BuildFinisher.build(DomainBuilders.java:882) ~[archunit-1.3.0.jar:1.3.0]
	at com.tngtech.archunit.core.importer.ClassGraphCreator.createConstructors(ClassGraphCreator.java:334) ~[archunit-1.3.0.jar:1.3.0]
	at com.tngtech.archunit.core.domain.JavaClassMembers.create(JavaClassMembers.java:353) ~[archunit-1.3.0.jar:1.3.0]
	at com.tngtech.archunit.core.domain.JavaClass.completeMembers(JavaClass.java:1477) ~[archunit-1.3.0.jar:1.3.0]
	at com.tngtech.archunit.core.domain.DomainObjectCreationContext.completeMembers(DomainObjectCreationContext.java:96) ~[archunit-1.3.0.jar:1.3.0]
	at com.tngtech.archunit.core.importer.ClassGraphCreator.completeClasses(ClassGraphCreator.java:120) ~[archunit-1.3.0.jar:1.3.0]
	at com.tngtech.archunit.core.importer.ClassGraphCreator.complete(ClassGraphCreator.java:108) ~[archunit-1.3.0.jar:1.3.0]
	at com.tngtech.archunit.core.importer.ClassFileProcessor.process(ClassFileProcessor.java:75) ~[archunit-1.3.0.jar:1.3.0]
	at com.tngtech.archunit.core.importer.ClassFileImporter.importLocations(ClassFileImporter.java:325) ~[archunit-1.3.0.jar:1.3.0]
	at com.tngtech.archunit.junit.internal.ClassCache$CacheClassFileImporter.importClasses(ClassCache.java:126) ~[archunit-junit5-engine-1.3.0.jar:1.3.0]
	at com.tngtech.archunit.junit.internal.ClassCache$LazyJavaClasses.initialize(ClassCache.java:118) ~[archunit-junit5-engine-1.3.0.jar:1.3.0]
	at com.tngtech.archunit.junit.internal.ClassCache$LazyJavaClasses.get(ClassCache.java:107) ~[archunit-junit5-engine-1.3.0.jar:1.3.0]
	at com.tngtech.archunit.junit.internal.ClassCache.getClassesToAnalyzeFor(ClassCache.java:84) ~[archunit-junit5-engine-1.3.0.jar:1.3.0]
	at com.tngtech.archunit.junit.internal.ArchUnitTestDescriptor.lambda$createChildren$1(ArchUnitTestDescriptor.java:90) ~[archunit-junit5-engine-1.3.0.jar:1.3.0]
	at com.tngtech.archunit.junit.internal.ArchUnitTestDescriptor$ArchUnitRuleDescriptor.execute(ArchUnitTestDescriptor.java:167) ~[archunit-junit5-engine-1.3.0.jar:1.3.0]
	at com.tngtech.archunit.junit.internal.ArchUnitTestDescriptor$ArchUnitRuleDescriptor.execute(ArchUnitTestDescriptor.java:150) ~[archunit-junit5-engine-1.3.0.jar:1.3.0]
	at org.junit.platform.engine.support.hierarchical.NodeTestTask.lambda$executeRecursively$2(NodeTestTask.java:176) ~[junit-platform-engine-6.0.1.jar:6.0.1]
	at org.junit.platform.engine.support.hierarchical.ThrowableCollector.execute(ThrowableCollector.java:74) ~[junit-platform-engine-6.0.1.jar:6.0.1]
	at org.junit.platform.engine.support.hierarchical.NodeTestTask.lambda$executeRecursively$1(NodeTestTask.java:166) ~[junit-platform-engine-6.0.1.jar:6.0.1]
	at org.junit.platform.engine.support.hierarchical.Node.around(Node.java:138) ~[junit-platform-engine-6.0.1.jar:6.0.1]
	at org.junit.platform.engine.support.hierarchical.NodeTestTask.lambda$executeRecursively$0(NodeTestTask.java:164) ~[junit-platform-engine-6.0.1.jar:6.0.1]
	at org.junit.platform.engine.support.hierarchical.ThrowableCollector.execute(ThrowableCollector.java:74) ~[junit-platform-engine-6.0.1.jar:6.0.1]
	at org.junit.platform.engine.support.hierarchical.NodeTestTask.executeRecursively(NodeTestTask.java:163) ~[junit-platform-engine-6.0.1.jar:6.0.1]
	at org.junit.platform.engine.support.hierarchical.NodeTestTask.execute(NodeTestTask.java:116) ~[junit-platform-engine-6.0.1.jar:6.0.1]
	at java.base/java.util.ArrayList.forEach(ArrayList.java:1612) ~[na:na]
	at org.junit.platform.engine.support.hierarchical.SameThreadHierarchicalTestExecutorService.invokeAll(SameThreadHierarchicalTestExecutorService.java:42) ~[junit-platform-engine-6.0.1.jar:6.0.1]
	at org.junit.platform.engine.support.hierarchical.NodeTestTask.lambda$executeRecursively$2(NodeTestTask.java:180) ~[junit-platform-engine-6.0.1.jar:6.0.1]
	at org.junit.platform.engine.support.hierarchical.ThrowableCollector.execute(ThrowableCollector.java:74) ~[junit-platform-engine-6.0.1.jar:6.0.1]
	at org.junit.platform.engine.support.hierarchical.NodeTestTask.lambda$executeRecursively$1(NodeTestTask.java:166) ~[junit-platform-engine-6.0.1.jar:6.0.1]
	at org.junit.platform.engine.support.hierarchical.Node.around(Node.java:138) ~[junit-platform-engine-6.0.1.jar:6.0.1]
	at org.junit.platform.engine.support.hierarchical.NodeTestTask.lambda$executeRecursively$0(NodeTestTask.java:164) ~[junit-platform-engine-6.0.1.jar:6.0.1]
	at org.junit.platform.engine.support.hierarchical.ThrowableCollector.execute(ThrowableCollector.java:74) ~[junit-platform-engine-6.0.1.jar:6.0.1]
	at org.junit.platform.engine.support.hierarchical.NodeTestTask.executeRecursively(NodeTestTask.java:163) ~[junit-platform-engine-6.0.1.jar:6.0.1]
	at org.junit.platform.engine.support.hierarchical.NodeTestTask.execute(NodeTestTask.java:116) ~[junit-platform-engine-6.0.1.jar:6.0.1]
	at java.base/java.util.ArrayList.forEach(ArrayList.java:1612) ~[na:na]
	at org.junit.platform.engine.support.hierarchical.SameThreadHierarchicalTestExecutorService.invokeAll(SameThreadHierarchicalTestExecutorService.java:42) ~[junit-platform-engine-6.0.1.jar:6.0.1]
	at org.junit.platform.engine.support.hierarchical.NodeTestTask.lambda$executeRecursively$2(NodeTestTask.java:180) ~[junit-platform-engine-6.0.1.jar:6.0.1]
	at org.junit.platform.engine.support.hierarchical.ThrowableCollector.execute(ThrowableCollector.java:74) ~[junit-platform-engine-6.0.1.jar:6.0.1]
	at org.junit.platform.engine.support.hierarchical.NodeTestTask.lambda$executeRecursively$1(NodeTestTask.java:166) ~[junit-platform-engine-6.0.1.jar:6.0.1]
	at org.junit.platform.engine.support.hierarchical.Node.around(Node.java:138) ~[junit-platform-engine-6.0.1.jar:6.0.1]
	at org.junit.platform.engine.support.hierarchical.NodeTestTask.lambda$executeRecursively$0(NodeTestTask.java:164) ~[junit-platform-engine-6.0.1.jar:6.0.1]
	at org.junit.platform.engine.support.hierarchical.ThrowableCollector.execute(ThrowableCollector.java:74) ~[junit-platform-engine-6.0.1.jar:6.0.1]
	at org.junit.platform.engine.support.hierarchical.NodeTestTask.executeRecursively(NodeTestTask.java:163) ~[junit-platform-engine-6.0.1.jar:6.0.1]
	at org.junit.platform.engine.support.hierarchical.NodeTestTask.execute(NodeTestTask.java:116) ~[junit-platform-engine-6.0.1.jar:6.0.1]
	at org.junit.platform.engine.support.hierarchical.SameThreadHierarchicalTestExecutorService.submit(SameThreadHierarchicalTestExecutorService.java:36) ~[junit-platform-engine-6.0.1.jar:6.0.1]
	at org.junit.platform.engine.support.hierarchical.HierarchicalTestExecutor.execute(HierarchicalTestExecutor.java:52) ~[junit-platform-engine-6.0.1.jar:6.0.1]
	at org.junit.platform.engine.support.hierarchical.HierarchicalTestEngine.execute(HierarchicalTestEngine.java:58) ~[junit-platform-engine-6.0.1.jar:6.0.1]
	at org.junit.platform.launcher.core.EngineExecutionOrchestrator.executeEngine(EngineExecutionOrchestrator.java:246) ~[junit-platform-launcher-6.0.1.jar:6.0.1]
	at org.junit.platform.launcher.core.EngineExecutionOrchestrator.failOrExecuteEngine(EngineExecutionOrchestrator.java:218) ~[junit-platform-launcher-6.0.1.jar:6.0.1]
	at org.junit.platform.launcher.core.EngineExecutionOrchestrator.execute(EngineExecutionOrchestrator.java:179) ~[junit-platform-launcher-6.0.1.jar:6.0.1]
	at org.junit.platform.launcher.core.EngineExecutionOrchestrator.execute(EngineExecutionOrchestrator.java:108) ~[junit-platform-launcher-6.0.1.jar:6.0.1]
	at org.junit.platform.launcher.core.EngineExecutionOrchestrator.lambda$execute$0(EngineExecutionOrchestrator.java:66) ~[junit-platform-launcher-6.0.1.jar:6.0.1]
	at org.junit.platform.launcher.core.EngineExecutionOrchestrator.withInterceptedStreams(EngineExecutionOrchestrator.java:157) ~[junit-platform-launcher-6.0.1.jar:6.0.1]
	at org.junit.platform.launcher.core.EngineExecutionOrchestrator.execute(EngineExecutionOrchestrator.java:65) ~[junit-platform-launcher-6.0.1.jar:6.0.1]
	at org.junit.platform.launcher.core.DefaultLauncher.execute(DefaultLauncher.java:125) ~[junit-platform-launcher-6.0.1.jar:6.0.1]
	at org.junit.platform.launcher.core.DefaultLauncher.execute(DefaultLauncher.java:114) ~[junit-platform-launcher-6.0.1.jar:6.0.1]
	at org.junit.platform.launcher.core.DelegatingLauncher.execute(DelegatingLauncher.java:58) ~[junit-platform-launcher-6.0.1.jar:6.0.1]
	at org.junit.platform.launcher.core.InterceptingLauncher.lambda$execute$2(InterceptingLauncher.java:57) ~[junit-platform-launcher-6.0.1.jar:6.0.1]
	at org.junit.platform.launcher.core.ClasspathAlignmentCheckingLauncherInterceptor.intercept(ClasspathAlignmentCheckingLauncherInterceptor.java:25) ~[junit-platform-launcher-6.0.1.jar:6.0.1]
	at org.junit.platform.launcher.core.InterceptingLauncher.execute(InterceptingLauncher.java:56) ~[junit-platform-launcher-6.0.1.jar:6.0.1]
	at org.junit.platform.launcher.core.DelegatingLauncher.execute(DelegatingLauncher.java:58) ~[junit-platform-launcher-6.0.1.jar:6.0.1]
	at java.base/jdk.internal.reflect.DirectMethodHandleAccessor.invoke(DirectMethodHandleAccessor.java:104) ~[na:na]
	at java.base/java.lang.reflect.Method.invoke(Method.java:583) ~[na:na]
	at org.apache.maven.surefire.api.util.ReflectionUtils.invokeMethodWithArray(ReflectionUtils.java:125) ~[surefire-api-3.5.4.jar:3.5.4]
	at org.apache.maven.surefire.junitplatform.LauncherAdapter.executeWithCancellationToken(LauncherAdapter.java:68) ~[surefire-junit-platform-3.5.4.jar:3.5.4]
	at org.apache.maven.surefire.junitplatform.LauncherAdapter.execute(LauncherAdapter.java:54) ~[surefire-junit-platform-3.5.4.jar:3.5.4]
	at org.apache.maven.surefire.junitplatform.JUnitPlatformProvider.execute(JUnitPlatformProvider.java:203) ~[surefire-junit-platform-3.5.4.jar:3.5.4]
	at org.apache.maven.surefire.junitplatform.JUnitPlatformProvider.invokeAllTests(JUnitPlatformProvider.java:168) ~[surefire-junit-platform-3.5.4.jar:3.5.4]
	at org.apache.maven.surefire.junitplatform.JUnitPlatformProvider.invoke(JUnitPlatformProvider.java:136) ~[surefire-junit-platform-3.5.4.jar:3.5.4]
	at org.apache.maven.surefire.booter.ForkedBooter.runSuitesInProcess(ForkedBooter.java:385) ~[surefire-booter-3.5.4.jar:3.5.4]
	at org.apache.maven.surefire.booter.ForkedBooter.execute(ForkedBooter.java:162) ~[surefire-booter-3.5.4.jar:3.5.4]
	at org.apache.maven.surefire.booter.ForkedBooter.run(ForkedBooter.java:507) ~[surefire-booter-3.5.4.jar:3.5.4]
	at org.apache.maven.surefire.booter.ForkedBooter.main(ForkedBooter.java:495) ~[surefire-booter-3.5.4.jar:3.5.4]

2026-10-02T23:36:46.285+01:00  WARN 32244 --- [archunit-hexagonal] [           main] c.t.a.core.importer.ClassFileProcessor   : Error during import from jrt:/java.base/java/util/function/Consumer.class, falling back to simple import

java.lang.IllegalArgumentException: Unsupported class file major version 71
	at com.tngtech.archunit.thirdparty.org.objectweb.asm.ClassReader.<init>(ClassReader.java:200) ~[archunit-1.3.0.jar:1.3.0]
	at com.tngtech.archunit.thirdparty.org.objectweb.asm.ClassReader.<init>(ClassReader.java:180) ~[archunit-1.3.0.jar:1.3.0]
	at com.tngtech.archunit.thirdparty.org.objectweb.asm.ClassReader.<init>(ClassReader.java:166) ~[archunit-1.3.0.jar:1.3.0]
	at com.tngtech.archunit.thirdparty.org.objectweb.asm.ClassReader.<init>(ClassReader.java:288) ~[archunit-1.3.0.jar:1.3.0]
	at com.tngtech.archunit.core.importer.ClassFileProcessor$UriImporterOfProcessor.tryImport(ClassFileProcessor.java:350) ~[archunit-1.3.0.jar:1.3.0]
	at com.tngtech.archunit.core.importer.resolvers.ClassResolverFromClasspath.tryResolve(ClassResolverFromClasspath.java:51) ~[archunit-1.3.0.jar:1.3.0]
	at com.tngtech.archunit.core.importer.ImportedClasses.resolve(ImportedClasses.java:80) ~[archunit-1.3.0.jar:1.3.0]
	at com.tngtech.archunit.core.importer.ImportedClasses.getOrResolve(ImportedClasses.java:67) ~[archunit-1.3.0.jar:1.3.0]
	at com.tngtech.archunit.core.importer.DomainBuilders$JavaMemberBuilder.get(DomainBuilders.java:179) ~[archunit-1.3.0.jar:1.3.0]
	at com.tngtech.archunit.core.importer.DomainBuilders$JavaCodeUnitBuilder.asJavaClasses(DomainBuilders.java:329) ~[archunit-1.3.0.jar:1.3.0]
	at com.tngtech.archunit.core.importer.DomainBuilders$JavaCodeUnitBuilder.getRawParameterTypes(DomainBuilders.java:303) ~[archunit-1.3.0.jar:1.3.0]
	at com.tngtech.archunit.core.domain.JavaCodeUnit$Parameters.<init>(JavaCodeUnit.java:317) ~[archunit-1.3.0.jar:1.3.0]
	at com.tngtech.archunit.core.domain.JavaCodeUnit.<init>(JavaCodeUnit.java:82) ~[archunit-1.3.0.jar:1.3.0]
	at com.tngtech.archunit.core.domain.JavaMethod.<init>(JavaMethod.java:44) ~[archunit-1.3.0.jar:1.3.0]
	at com.tngtech.archunit.core.domain.DomainObjectCreationContext.createJavaMethod(DomainObjectCreationContext.java:144) ~[archunit-1.3.0.jar:1.3.0]
	at com.tngtech.archunit.core.importer.DomainBuilders$JavaMethodBuilder.construct(DomainBuilders.java:373) ~[archunit-1.3.0.jar:1.3.0]
	at com.tngtech.archunit.core.importer.DomainBuilders$JavaMethodBuilder.construct(DomainBuilders.java:358) ~[archunit-1.3.0.jar:1.3.0]
	at com.tngtech.archunit.core.importer.DomainBuilders$JavaMemberBuilder.build(DomainBuilders.java:206) ~[archunit-1.3.0.jar:1.3.0]
	at com.tngtech.archunit.core.importer.DomainBuilders$JavaMemberBuilder.build(DomainBuilders.java:138) ~[archunit-1.3.0.jar:1.3.0]
	at com.tngtech.archunit.core.importer.DomainBuilders$BuilderWithBuildParameter$BuildFinisher.lambda$build$0(DomainBuilders.java:892) ~[archunit-1.3.0.jar:1.3.0]
	at java.base/java.util.stream.ReferencePipeline$3$1.accept(ReferencePipeline.java:214) ~[na:na]
	at java.base/java.util.stream.ReferencePipeline$2$1.accept(ReferencePipeline.java:197) ~[na:na]
	at java.base/java.util.HashMap$KeySpliterator.forEachRemaining(HashMap.java:1741) ~[na:na]
	at java.base/java.util.stream.AbstractPipeline.copyInto(AbstractPipeline.java:570) ~[na:na]
	at java.base/java.util.stream.AbstractPipeline.wrapAndCopyInto(AbstractPipeline.java:560) ~[na:na]
	at java.base/java.util.stream.ReduceOps$ReduceOp.evaluateSequential(ReduceOps.java:921) ~[na:na]
	at java.base/java.util.stream.AbstractPipeline.evaluate(AbstractPipeline.java:265) ~[na:na]
	at java.base/java.util.stream.ReferencePipeline.collect(ReferencePipeline.java:723) ~[na:na]
	at com.tngtech.archunit.core.importer.DomainBuilders$BuilderWithBuildParameter$BuildFinisher.build(DomainBuilders.java:892) ~[archunit-1.3.0.jar:1.3.0]
	at com.tngtech.archunit.core.importer.ClassGraphCreator.createMethods(ClassGraphCreator.java:322) ~[archunit-1.3.0.jar:1.3.0]
	at com.tngtech.archunit.core.domain.JavaClassMembers.create(JavaClassMembers.java:352) ~[archunit-1.3.0.jar:1.3.0]
	at com.tngtech.archunit.core.domain.JavaClass.completeMembers(JavaClass.java:1477) ~[archunit-1.3.0.jar:1.3.0]
	at com.tngtech.archunit.core.domain.DomainObjectCreationContext.completeMembers(DomainObjectCreationContext.java:96) ~[archunit-1.3.0.jar:1.3.0]
	at com.tngtech.archunit.core.importer.ClassGraphCreator.completeClasses(ClassGraphCreator.java:120) ~[archunit-1.3.0.jar:1.3.0]
	at com.tngtech.archunit.core.importer.ClassGraphCreator.complete(ClassGraphCreator.java:108) ~[archunit-1.3.0.jar:1.3.0]
	at com.tngtech.archunit.core.importer.ClassFileProcessor.process(ClassFileProcessor.java:75) ~[archunit-1.3.0.jar:1.3.0]
	at com.tngtech.archunit.core.importer.ClassFileImporter.importLocations(ClassFileImporter.java:325) ~[archunit-1.3.0.jar:1.3.0]
	at com.tngtech.archunit.junit.internal.ClassCache$CacheClassFileImporter.importClasses(ClassCache.java:126) ~[archunit-junit5-engine-1.3.0.jar:1.3.0]
	at com.tngtech.archunit.junit.internal.ClassCache$LazyJavaClasses.initialize(ClassCache.java:118) ~[archunit-junit5-engine-1.3.0.jar:1.3.0]
	at com.tngtech.archunit.junit.internal.ClassCache$LazyJavaClasses.get(ClassCache.java:107) ~[archunit-junit5-engine-1.3.0.jar:1.3.0]
	at com.tngtech.archunit.junit.internal.ClassCache.getClassesToAnalyzeFor(ClassCache.java:84) ~[archunit-junit5-engine-1.3.0.jar:1.3.0]
	at com.tngtech.archunit.junit.internal.ArchUnitTestDescriptor.lambda$createChildren$1(ArchUnitTestDescriptor.java:90) ~[archunit-junit5-engine-1.3.0.jar:1.3.0]
	at com.tngtech.archunit.junit.internal.ArchUnitTestDescriptor$ArchUnitRuleDescriptor.execute(ArchUnitTestDescriptor.java:167) ~[archunit-junit5-engine-1.3.0.jar:1.3.0]
	at com.tngtech.archunit.junit.internal.ArchUnitTestDescriptor$ArchUnitRuleDescriptor.execute(ArchUnitTestDescriptor.java:150) ~[archunit-junit5-engine-1.3.0.jar:1.3.0]
	at org.junit.platform.engine.support.hierarchical.NodeTestTask.lambda$executeRecursively$2(NodeTestTask.java:176) ~[junit-platform-engine-6.0.1.jar:6.0.1]
	at org.junit.platform.engine.support.hierarchical.ThrowableCollector.execute(ThrowableCollector.java:74) ~[junit-platform-engine-6.0.1.jar:6.0.1]
	at org.junit.platform.engine.support.hierarchical.NodeTestTask.lambda$executeRecursively$1(NodeTestTask.java:166) ~[junit-platform-engine-6.0.1.jar:6.0.1]
	at org.junit.platform.engine.support.hierarchical.Node.around(Node.java:138) ~[junit-platform-engine-6.0.1.jar:6.0.1]
	at org.junit.platform.engine.support.hierarchical.NodeTestTask.lambda$executeRecursively$0(NodeTestTask.java:164) ~[junit-platform-engine-6.0.1.jar:6.0.1]
	at org.junit.platform.engine.support.hierarchical.ThrowableCollector.execute(ThrowableCollector.java:74) ~[junit-platform-engine-6.0.1.jar:6.0.1]
	at org.junit.platform.engine.support.hierarchical.NodeTestTask.executeRecursively(NodeTestTask.java:163) ~[junit-platform-engine-6.0.1.jar:6.0.1]
	at org.junit.platform.engine.support.hierarchical.NodeTestTask.execute(NodeTestTask.java:116) ~[junit-platform-engine-6.0.1.jar:6.0.1]
	at java.base/java.util.ArrayList.forEach(ArrayList.java:1612) ~[na:na]
	at org.junit.platform.engine.support.hierarchical.SameThreadHierarchicalTestExecutorService.invokeAll(SameThreadHierarchicalTestExecutorService.java:42) ~[junit-platform-engine-6.0.1.jar:6.0.1]
	at org.junit.platform.engine.support.hierarchical.NodeTestTask.lambda$executeRecursively$2(NodeTestTask.java:180) ~[junit-platform-engine-6.0.1.jar:6.0.1]
	at org.junit.platform.engine.support.hierarchical.ThrowableCollector.execute(ThrowableCollector.java:74) ~[junit-platform-engine-6.0.1.jar:6.0.1]
	at org.junit.platform.engine.support.hierarchical.NodeTestTask.lambda$executeRecursively$1(NodeTestTask.java:166) ~[junit-platform-engine-6.0.1.jar:6.0.1]
	at org.junit.platform.engine.support.hierarchical.Node.around(Node.java:138) ~[junit-platform-engine-6.0.1.jar:6.0.1]
	at org.junit.platform.engine.support.hierarchical.NodeTestTask.lambda$executeRecursively$0(NodeTestTask.java:164) ~[junit-platform-engine-6.0.1.jar:6.0.1]
	at org.junit.platform.engine.support.hierarchical.ThrowableCollector.execute(ThrowableCollector.java:74) ~[junit-platform-engine-6.0.1.jar:6.0.1]
	at org.junit.platform.engine.support.hierarchical.NodeTestTask.executeRecursively(NodeTestTask.java:163) ~[junit-platform-engine-6.0.1.jar:6.0.1]
	at org.junit.platform.engine.support.hierarchical.NodeTestTask.execute(NodeTestTask.java:116) ~[junit-platform-engine-6.0.1.jar:6.0.1]
	at java.base/java.util.ArrayList.forEach(ArrayList.java:1612) ~[na:na]
	at org.junit.platform.engine.support.hierarchical.SameThreadHierarchicalTestExecutorService.invokeAll(SameThreadHierarchicalTestExecutorService.java:42) ~[junit-platform-engine-6.0.1.jar:6.0.1]
	at org.junit.platform.engine.support.hierarchical.NodeTestTask.lambda$executeRecursively$2(NodeTestTask.java:180) ~[junit-platform-engine-6.0.1.jar:6.0.1]
	at org.junit.platform.engine.support.hierarchical.ThrowableCollector.execute(ThrowableCollector.java:74) ~[junit-platform-engine-6.0.1.jar:6.0.1]
	at org.junit.platform.engine.support.hierarchical.NodeTestTask.lambda$executeRecursively$1(NodeTestTask.java:166) ~[junit-platform-engine-6.0.1.jar:6.0.1]
	at org.junit.platform.engine.support.hierarchical.Node.around(Node.java:138) ~[junit-platform-engine-6.0.1.jar:6.0.1]
	at org.junit.platform.engine.support.hierarchical.NodeTestTask.lambda$executeRecursively$0(NodeTestTask.java:164) ~[junit-platform-engine-6.0.1.jar:6.0.1]
	at org.junit.platform.engine.support.hierarchical.ThrowableCollector.execute(ThrowableCollector.java:74) ~[junit-platform-engine-6.0.1.jar:6.0.1]
	at org.junit.platform.engine.support.hierarchical.NodeTestTask.executeRecursively(NodeTestTask.java:163) ~[junit-platform-engine-6.0.1.jar:6.0.1]
	at org.junit.platform.engine.support.hierarchical.NodeTestTask.execute(NodeTestTask.java:116) ~[junit-platform-engine-6.0.1.jar:6.0.1]
	at org.junit.platform.engine.support.hierarchical.SameThreadHierarchicalTestExecutorService.submit(SameThreadHierarchicalTestExecutorService.java:36) ~[junit-platform-engine-6.0.1.jar:6.0.1]
	at org.junit.platform.engine.support.hierarchical.HierarchicalTestExecutor.execute(HierarchicalTestExecutor.java:52) ~[junit-platform-engine-6.0.1.jar:6.0.1]
	at org.junit.platform.engine.support.hierarchical.HierarchicalTestEngine.execute(HierarchicalTestEngine.java:58) ~[junit-platform-engine-6.0.1.jar:6.0.1]
	at org.junit.platform.launcher.core.EngineExecutionOrchestrator.executeEngine(EngineExecutionOrchestrator.java:246) ~[junit-platform-launcher-6.0.1.jar:6.0.1]
	at org.junit.platform.launcher.core.EngineExecutionOrchestrator.failOrExecuteEngine(EngineExecutionOrchestrator.java:218) ~[junit-platform-launcher-6.0.1.jar:6.0.1]
	at org.junit.platform.launcher.core.EngineExecutionOrchestrator.execute(EngineExecutionOrchestrator.java:179) ~[junit-platform-launcher-6.0.1.jar:6.0.1]
	at org.junit.platform.launcher.core.EngineExecutionOrchestrator.execute(EngineExecutionOrchestrator.java:108) ~[junit-platform-launcher-6.0.1.jar:6.0.1]
	at org.junit.platform.launcher.core.EngineExecutionOrchestrator.lambda$execute$0(EngineExecutionOrchestrator.java:66) ~[junit-platform-launcher-6.0.1.jar:6.0.1]
	at org.junit.platform.launcher.core.EngineExecutionOrchestrator.withInterceptedStreams(EngineExecutionOrchestrator.java:157) ~[junit-platform-launcher-6.0.1.jar:6.0.1]
	at org.junit.platform.launcher.core.EngineExecutionOrchestrator.execute(EngineExecutionOrchestrator.java:65) ~[junit-platform-launcher-6.0.1.jar:6.0.1]
	at org.junit.platform.launcher.core.DefaultLauncher.execute(DefaultLauncher.java:125) ~[junit-platform-launcher-6.0.1.jar:6.0.1]
	at org.junit.platform.launcher.core.DefaultLauncher.execute(DefaultLauncher.java:114) ~[junit-platform-launcher-6.0.1.jar:6.0.1]
	at org.junit.platform.launcher.core.DelegatingLauncher.execute(DelegatingLauncher.java:58) ~[junit-platform-launcher-6.0.1.jar:6.0.1]
	at org.junit.platform.launcher.core.InterceptingLauncher.lambda$execute$2(InterceptingLauncher.java:57) ~[junit-platform-launcher-6.0.1.jar:6.0.1]
	at org.junit.platform.launcher.core.ClasspathAlignmentCheckingLauncherInterceptor.intercept(ClasspathAlignmentCheckingLauncherInterceptor.java:25) ~[junit-platform-launcher-6.0.1.jar:6.0.1]
	at org.junit.platform.launcher.core.InterceptingLauncher.execute(InterceptingLauncher.java:56) ~[junit-platform-launcher-6.0.1.jar:6.0.1]
	at org.junit.platform.launcher.core.DelegatingLauncher.execute(DelegatingLauncher.java:58) ~[junit-platform-launcher-6.0.1.jar:6.0.1]
	at java.base/jdk.internal.reflect.DirectMethodHandleAccessor.invoke(DirectMethodHandleAccessor.java:104) ~[na:na]
	at java.base/java.lang.reflect.Method.invoke(Method.java:583) ~[na:na]
	at org.apache.maven.surefire.api.util.ReflectionUtils.invokeMethodWithArray(ReflectionUtils.java:125) ~[surefire-api-3.5.4.jar:3.5.4]
	at org.apache.maven.surefire.junitplatform.LauncherAdapter.executeWithCancellationToken(LauncherAdapter.java:68) ~[surefire-junit-platform-3.5.4.jar:3.5.4]
	at org.apache.maven.surefire.junitplatform.LauncherAdapter.execute(LauncherAdapter.java:54) ~[surefire-junit-platform-3.5.4.jar:3.5.4]
	at org.apache.maven.surefire.junitplatform.JUnitPlatformProvider.execute(JUnitPlatformProvider.java:203) ~[surefire-junit-platform-3.5.4.jar:3.5.4]
	at org.apache.maven.surefire.junitplatform.JUnitPlatformProvider.invokeAllTests(JUnitPlatformProvider.java:168) ~[surefire-junit-platform-3.5.4.jar:3.5.4]
	at org.apache.maven.surefire.junitplatform.JUnitPlatformProvider.invoke(JUnitPlatformProvider.java:136) ~[surefire-junit-platform-3.5.4.jar:3.5.4]
	at org.apache.maven.surefire.booter.ForkedBooter.runSuitesInProcess(ForkedBooter.java:385) ~[surefire-booter-3.5.4.jar:3.5.4]
	at org.apache.maven.surefire.booter.ForkedBooter.execute(ForkedBooter.java:162) ~[surefire-booter-3.5.4.jar:3.5.4]
	at org.apache.maven.surefire.booter.ForkedBooter.run(ForkedBooter.java:507) ~[surefire-booter-3.5.4.jar:3.5.4]
	at org.apache.maven.surefire.booter.ForkedBooter.main(ForkedBooter.java:495) ~[surefire-booter-3.5.4.jar:3.5.4]

2026-10-02T23:36:46.289+01:00  WARN 32244 --- [archunit-hexagonal] [           main] c.t.a.core.importer.ClassFileProcessor   : Error during import from jrt:/java.base/java/util/Locale.class, falling back to simple import

java.lang.IllegalArgumentException: Unsupported class file major version 71
	at com.tngtech.archunit.thirdparty.org.objectweb.asm.ClassReader.<init>(ClassReader.java:200) ~[archunit-1.3.0.jar:1.3.0]
	at com.tngtech.archunit.thirdparty.org.objectweb.asm.ClassReader.<init>(ClassReader.java:180) ~[archunit-1.3.0.jar:1.3.0]
	at com.tngtech.archunit.thirdparty.org.objectweb.asm.ClassReader.<init>(ClassReader.java:166) ~[archunit-1.3.0.jar:1.3.0]
	at com.tngtech.archunit.thirdparty.org.objectweb.asm.ClassReader.<init>(ClassReader.java:288) ~[archunit-1.3.0.jar:1.3.0]
	at com.tngtech.archunit.core.importer.ClassFileProcessor$UriImporterOfProcessor.tryImport(ClassFileProcessor.java:350) ~[archunit-1.3.0.jar:1.3.0]
	at com.tngtech.archunit.core.importer.resolvers.ClassResolverFromClasspath.tryResolve(ClassResolverFromClasspath.java:51) ~[archunit-1.3.0.jar:1.3.0]
	at com.tngtech.archunit.core.importer.ImportedClasses.resolve(ImportedClasses.java:80) ~[archunit-1.3.0.jar:1.3.0]
	at com.tngtech.archunit.core.importer.ImportedClasses.getOrResolve(ImportedClasses.java:67) ~[archunit-1.3.0.jar:1.3.0]
	at com.tngtech.archunit.core.importer.DomainBuilders$JavaMemberBuilder.get(DomainBuilders.java:179) ~[archunit-1.3.0.jar:1.3.0]
	at com.tngtech.archunit.core.importer.DomainBuilders$JavaCodeUnitBuilder.asJavaClasses(DomainBuilders.java:329) ~[archunit-1.3.0.jar:1.3.0]
	at com.tngtech.archunit.core.importer.DomainBuilders$JavaCodeUnitBuilder.getRawParameterTypes(DomainBuilders.java:303) ~[archunit-1.3.0.jar:1.3.0]
	at com.tngtech.archunit.core.domain.JavaCodeUnit$Parameters.<init>(JavaCodeUnit.java:317) ~[archunit-1.3.0.jar:1.3.0]
	at com.tngtech.archunit.core.domain.JavaCodeUnit.<init>(JavaCodeUnit.java:82) ~[archunit-1.3.0.jar:1.3.0]
	at com.tngtech.archunit.core.domain.JavaMethod.<init>(JavaMethod.java:44) ~[archunit-1.3.0.jar:1.3.0]
	at com.tngtech.archunit.core.domain.DomainObjectCreationContext.createJavaMethod(DomainObjectCreationContext.java:144) ~[archunit-1.3.0.jar:1.3.0]
	at com.tngtech.archunit.core.importer.DomainBuilders$JavaMethodBuilder.construct(DomainBuilders.java:373) ~[archunit-1.3.0.jar:1.3.0]
	at com.tngtech.archunit.core.importer.DomainBuilders$JavaMethodBuilder.construct(DomainBuilders.java:358) ~[archunit-1.3.0.jar:1.3.0]
	at com.tngtech.archunit.core.importer.DomainBuilders$JavaMemberBuilder.build(DomainBuilders.java:206) ~[archunit-1.3.0.jar:1.3.0]
	at com.tngtech.archunit.core.importer.DomainBuilders$JavaMemberBuilder.build(DomainBuilders.java:138) ~[archunit-1.3.0.jar:1.3.0]
	at com.tngtech.archunit.core.importer.DomainBuilders$BuilderWithBuildParameter$BuildFinisher.lambda$build$0(DomainBuilders.java:892) ~[archunit-1.3.0.jar:1.3.0]
	at java.base/java.util.stream.ReferencePipeline$3$1.accept(ReferencePipeline.java:214) ~[na:na]
	at java.base/java.util.stream.ReferencePipeline$2$1.accept(ReferencePipeline.java:197) ~[na:na]
	at java.base/java.util.HashMap$KeySpliterator.forEachRemaining(HashMap.java:1741) ~[na:na]
	at java.base/java.util.stream.AbstractPipeline.copyInto(AbstractPipeline.java:570) ~[na:na]
	at java.base/java.util.stream.AbstractPipeline.wrapAndCopyInto(AbstractPipeline.java:560) ~[na:na]
	at java.base/java.util.stream.ReduceOps$ReduceOp.evaluateSequential(ReduceOps.java:921) ~[na:na]
	at java.base/java.util.stream.AbstractPipeline.evaluate(AbstractPipeline.java:265) ~[na:na]
	at java.base/java.util.stream.ReferencePipeline.collect(ReferencePipeline.java:723) ~[na:na]
	at com.tngtech.archunit.core.importer.DomainBuilders$BuilderWithBuildParameter$BuildFinisher.build(DomainBuilders.java:892) ~[archunit-1.3.0.jar:1.3.0]
	at com.tngtech.archunit.core.importer.ClassGraphCreator.createMethods(ClassGraphCreator.java:322) ~[archunit-1.3.0.jar:1.3.0]
	at com.tngtech.archunit.core.domain.JavaClassMembers.create(JavaClassMembers.java:352) ~[archunit-1.3.0.jar:1.3.0]
	at com.tngtech.archunit.core.domain.JavaClass.completeMembers(JavaClass.java:1477) ~[archunit-1.3.0.jar:1.3.0]
	at com.tngtech.archunit.core.domain.DomainObjectCreationContext.completeMembers(DomainObjectCreationContext.java:96) ~[archunit-1.3.0.jar:1.3.0]
	at com.tngtech.archunit.core.importer.ClassGraphCreator.completeClasses(ClassGraphCreator.java:120) ~[archunit-1.3.0.jar:1.3.0]
	at com.tngtech.archunit.core.importer.ClassGraphCreator.complete(ClassGraphCreator.java:108) ~[archunit-1.3.0.jar:1.3.0]
	at com.tngtech.archunit.core.importer.ClassFileProcessor.process(ClassFileProcessor.java:75) ~[archunit-1.3.0.jar:1.3.0]
	at com.tngtech.archunit.core.importer.ClassFileImporter.importLocations(ClassFileImporter.java:325) ~[archunit-1.3.0.jar:1.3.0]
	at com.tngtech.archunit.junit.internal.ClassCache$CacheClassFileImporter.importClasses(ClassCache.java:126) ~[archunit-junit5-engine-1.3.0.jar:1.3.0]
	at com.tngtech.archunit.junit.internal.ClassCache$LazyJavaClasses.initialize(ClassCache.java:118) ~[archunit-junit5-engine-1.3.0.jar:1.3.0]
	at com.tngtech.archunit.junit.internal.ClassCache$LazyJavaClasses.get(ClassCache.java:107) ~[archunit-junit5-engine-1.3.0.jar:1.3.0]
	at com.tngtech.archunit.junit.internal.ClassCache.getClassesToAnalyzeFor(ClassCache.java:84) ~[archunit-junit5-engine-1.3.0.jar:1.3.0]
	at com.tngtech.archunit.junit.internal.ArchUnitTestDescriptor.lambda$createChildren$1(ArchUnitTestDescriptor.java:90) ~[archunit-junit5-engine-1.3.0.jar:1.3.0]
	at com.tngtech.archunit.junit.internal.ArchUnitTestDescriptor$ArchUnitRuleDescriptor.execute(ArchUnitTestDescriptor.java:167) ~[archunit-junit5-engine-1.3.0.jar:1.3.0]
	at com.tngtech.archunit.junit.internal.ArchUnitTestDescriptor$ArchUnitRuleDescriptor.execute(ArchUnitTestDescriptor.java:150) ~[archunit-junit5-engine-1.3.0.jar:1.3.0]
	at org.junit.platform.engine.support.hierarchical.NodeTestTask.lambda$executeRecursively$2(NodeTestTask.java:176) ~[junit-platform-engine-6.0.1.jar:6.0.1]
	at org.junit.platform.engine.support.hierarchical.ThrowableCollector.execute(ThrowableCollector.java:74) ~[junit-platform-engine-6.0.1.jar:6.0.1]
	at org.junit.platform.engine.support.hierarchical.NodeTestTask.lambda$executeRecursively$1(NodeTestTask.java:166) ~[junit-platform-engine-6.0.1.jar:6.0.1]
	at org.junit.platform.engine.support.hierarchical.Node.around(Node.java:138) ~[junit-platform-engine-6.0.1.jar:6.0.1]
	at org.junit.platform.engine.support.hierarchical.NodeTestTask.lambda$executeRecursively$0(NodeTestTask.java:164) ~[junit-platform-engine-6.0.1.jar:6.0.1]
	at org.junit.platform.engine.support.hierarchical.ThrowableCollector.execute(ThrowableCollector.java:74) ~[junit-platform-engine-6.0.1.jar:6.0.1]
	at org.junit.platform.engine.support.hierarchical.NodeTestTask.executeRecursively(NodeTestTask.java:163) ~[junit-platform-engine-6.0.1.jar:6.0.1]
	at org.junit.platform.engine.support.hierarchical.NodeTestTask.execute(NodeTestTask.java:116) ~[junit-platform-engine-6.0.1.jar:6.0.1]
	at java.base/java.util.ArrayList.forEach(ArrayList.java:1612) ~[na:na]
	at org.junit.platform.engine.support.hierarchical.SameThreadHierarchicalTestExecutorService.invokeAll(SameThreadHierarchicalTestExecutorService.java:42) ~[junit-platform-engine-6.0.1.jar:6.0.1]
	at org.junit.platform.engine.support.hierarchical.NodeTestTask.lambda$executeRecursively$2(NodeTestTask.java:180) ~[junit-platform-engine-6.0.1.jar:6.0.1]
	at org.junit.platform.engine.support.hierarchical.ThrowableCollector.execute(ThrowableCollector.java:74) ~[junit-platform-engine-6.0.1.jar:6.0.1]
	at org.junit.platform.engine.support.hierarchical.NodeTestTask.lambda$executeRecursively$1(NodeTestTask.java:166) ~[junit-platform-engine-6.0.1.jar:6.0.1]
	at org.junit.platform.engine.support.hierarchical.Node.around(Node.java:138) ~[junit-platform-engine-6.0.1.jar:6.0.1]
	at org.junit.platform.engine.support.hierarchical.NodeTestTask.lambda$executeRecursively$0(NodeTestTask.java:164) ~[junit-platform-engine-6.0.1.jar:6.0.1]
	at org.junit.platform.engine.support.hierarchical.ThrowableCollector.execute(ThrowableCollector.java:74) ~[junit-platform-engine-6.0.1.jar:6.0.1]
	at org.junit.platform.engine.support.hierarchical.NodeTestTask.executeRecursively(NodeTestTask.java:163) ~[junit-platform-engine-6.0.1.jar:6.0.1]
	at org.junit.platform.engine.support.hierarchical.NodeTestTask.execute(NodeTestTask.java:116) ~[junit-platform-engine-6.0.1.jar:6.0.1]
	at java.base/java.util.ArrayList.forEach(ArrayList.java:1612) ~[na:na]
	at org.junit.platform.engine.support.hierarchical.SameThreadHierarchicalTestExecutorService.invokeAll(SameThreadHierarchicalTestExecutorService.java:42) ~[junit-platform-engine-6.0.1.jar:6.0.1]
	at org.junit.platform.engine.support.hierarchical.NodeTestTask.lambda$executeRecursively$2(NodeTestTask.java:180) ~[junit-platform-engine-6.0.1.jar:6.0.1]
	at org.junit.platform.engine.support.hierarchical.ThrowableCollector.execute(ThrowableCollector.java:74) ~[junit-platform-engine-6.0.1.jar:6.0.1]
	at org.junit.platform.engine.support.hierarchical.NodeTestTask.lambda$executeRecursively$1(NodeTestTask.java:166) ~[junit-platform-engine-6.0.1.jar:6.0.1]
	at org.junit.platform.engine.support.hierarchical.Node.around(Node.java:138) ~[junit-platform-engine-6.0.1.jar:6.0.1]
	at org.junit.platform.engine.support.hierarchical.NodeTestTask.lambda$executeRecursively$0(NodeTestTask.java:164) ~[junit-platform-engine-6.0.1.jar:6.0.1]
	at org.junit.platform.engine.support.hierarchical.ThrowableCollector.execute(ThrowableCollector.java:74) ~[junit-platform-engine-6.0.1.jar:6.0.1]
	at org.junit.platform.engine.support.hierarchical.NodeTestTask.executeRecursively(NodeTestTask.java:163) ~[junit-platform-engine-6.0.1.jar:6.0.1]
	at org.junit.platform.engine.support.hierarchical.NodeTestTask.execute(NodeTestTask.java:116) ~[junit-platform-engine-6.0.1.jar:6.0.1]
	at org.junit.platform.engine.support.hierarchical.SameThreadHierarchicalTestExecutorService.submit(SameThreadHierarchicalTestExecutorService.java:36) ~[junit-platform-engine-6.0.1.jar:6.0.1]
	at org.junit.platform.engine.support.hierarchical.HierarchicalTestExecutor.execute(HierarchicalTestExecutor.java:52) ~[junit-platform-engine-6.0.1.jar:6.0.1]
	at org.junit.platform.engine.support.hierarchical.HierarchicalTestEngine.execute(HierarchicalTestEngine.java:58) ~[junit-platform-engine-6.0.1.jar:6.0.1]
	at org.junit.platform.launcher.core.EngineExecutionOrchestrator.executeEngine(EngineExecutionOrchestrator.java:246) ~[junit-platform-launcher-6.0.1.jar:6.0.1]
	at org.junit.platform.launcher.core.EngineExecutionOrchestrator.failOrExecuteEngine(EngineExecutionOrchestrator.java:218) ~[junit-platform-launcher-6.0.1.jar:6.0.1]
	at org.junit.platform.launcher.core.EngineExecutionOrchestrator.execute(EngineExecutionOrchestrator.java:179) ~[junit-platform-launcher-6.0.1.jar:6.0.1]
	at org.junit.platform.launcher.core.EngineExecutionOrchestrator.execute(EngineExecutionOrchestrator.java:108) ~[junit-platform-launcher-6.0.1.jar:6.0.1]
	at org.junit.platform.launcher.core.EngineExecutionOrchestrator.lambda$execute$0(EngineExecutionOrchestrator.java:66) ~[junit-platform-launcher-6.0.1.jar:6.0.1]
	at org.junit.platform.launcher.core.EngineExecutionOrchestrator.withInterceptedStreams(EngineExecutionOrchestrator.java:157) ~[junit-platform-launcher-6.0.1.jar:6.0.1]
	at org.junit.platform.launcher.core.EngineExecutionOrchestrator.execute(EngineExecutionOrchestrator.java:65) ~[junit-platform-launcher-6.0.1.jar:6.0.1]
	at org.junit.platform.launcher.core.DefaultLauncher.execute(DefaultLauncher.java:125) ~[junit-platform-launcher-6.0.1.jar:6.0.1]
	at org.junit.platform.launcher.core.DefaultLauncher.execute(DefaultLauncher.java:114) ~[junit-platform-launcher-6.0.1.jar:6.0.1]
	at org.junit.platform.launcher.core.DelegatingLauncher.execute(DelegatingLauncher.java:58) ~[junit-platform-launcher-6.0.1.jar:6.0.1]
	at org.junit.platform.launcher.core.InterceptingLauncher.lambda$execute$2(InterceptingLauncher.java:57) ~[junit-platform-launcher-6.0.1.jar:6.0.1]
	at org.junit.platform.launcher.core.ClasspathAlignmentCheckingLauncherInterceptor.intercept(ClasspathAlignmentCheckingLauncherInterceptor.java:25) ~[junit-platform-launcher-6.0.1.jar:6.0.1]
	at org.junit.platform.launcher.core.InterceptingLauncher.execute(InterceptingLauncher.java:56) ~[junit-platform-launcher-6.0.1.jar:6.0.1]
	at org.junit.platform.launcher.core.DelegatingLauncher.execute(DelegatingLauncher.java:58) ~[junit-platform-launcher-6.0.1.jar:6.0.1]
	at java.base/jdk.internal.reflect.DirectMethodHandleAccessor.invoke(DirectMethodHandleAccessor.java:104) ~[na:na]
	at java.base/java.lang.reflect.Method.invoke(Method.java:583) ~[na:na]
	at org.apache.maven.surefire.api.util.ReflectionUtils.invokeMethodWithArray(ReflectionUtils.java:125) ~[surefire-api-3.5.4.jar:3.5.4]
	at org.apache.maven.surefire.junitplatform.LauncherAdapter.executeWithCancellationToken(LauncherAdapter.java:68) ~[surefire-junit-platform-3.5.4.jar:3.5.4]
	at org.apache.maven.surefire.junitplatform.LauncherAdapter.execute(LauncherAdapter.java:54) ~[surefire-junit-platform-3.5.4.jar:3.5.4]
	at org.apache.maven.surefire.junitplatform.JUnitPlatformProvider.execute(JUnitPlatformProvider.java:203) ~[surefire-junit-platform-3.5.4.jar:3.5.4]
	at org.apache.maven.surefire.junitplatform.JUnitPlatformProvider.invokeAllTests(JUnitPlatformProvider.java:168) ~[surefire-junit-platform-3.5.4.jar:3.5.4]
	at org.apache.maven.surefire.junitplatform.JUnitPlatformProvider.invoke(JUnitPlatformProvider.java:136) ~[surefire-junit-platform-3.5.4.jar:3.5.4]
	at org.apache.maven.surefire.booter.ForkedBooter.runSuitesInProcess(ForkedBooter.java:385) ~[surefire-booter-3.5.4.jar:3.5.4]
	at org.apache.maven.surefire.booter.ForkedBooter.execute(ForkedBooter.java:162) ~[surefire-booter-3.5.4.jar:3.5.4]
	at org.apache.maven.surefire.booter.ForkedBooter.run(ForkedBooter.java:507) ~[surefire-booter-3.5.4.jar:3.5.4]
	at org.apache.maven.surefire.booter.ForkedBooter.main(ForkedBooter.java:495) ~[surefire-booter-3.5.4.jar:3.5.4]

2026-10-02T23:36:46.296+01:00  WARN 32244 --- [archunit-hexagonal] [           main] c.t.a.core.importer.ClassFileProcessor   : Error during import from jrt:/java.base/java/lang/Iterable.class, falling back to simple import

java.lang.IllegalArgumentException: Unsupported class file major version 71
	at com.tngtech.archunit.thirdparty.org.objectweb.asm.ClassReader.<init>(ClassReader.java:200) ~[archunit-1.3.0.jar:1.3.0]
	at com.tngtech.archunit.thirdparty.org.objectweb.asm.ClassReader.<init>(ClassReader.java:180) ~[archunit-1.3.0.jar:1.3.0]
	at com.tngtech.archunit.thirdparty.org.objectweb.asm.ClassReader.<init>(ClassReader.java:166) ~[archunit-1.3.0.jar:1.3.0]
	at com.tngtech.archunit.thirdparty.org.objectweb.asm.ClassReader.<init>(ClassReader.java:288) ~[archunit-1.3.0.jar:1.3.0]
	at com.tngtech.archunit.core.importer.ClassFileProcessor$UriImporterOfProcessor.tryImport(ClassFileProcessor.java:350) ~[archunit-1.3.0.jar:1.3.0]
	at com.tngtech.archunit.core.importer.resolvers.ClassResolverFromClasspath.tryResolve(ClassResolverFromClasspath.java:51) ~[archunit-1.3.0.jar:1.3.0]
	at com.tngtech.archunit.core.importer.ImportedClasses.resolve(ImportedClasses.java:80) ~[archunit-1.3.0.jar:1.3.0]
	at com.tngtech.archunit.core.importer.ImportedClasses.getOrResolve(ImportedClasses.java:67) ~[archunit-1.3.0.jar:1.3.0]
	at com.tngtech.archunit.core.importer.DomainBuilders$JavaMemberBuilder.get(DomainBuilders.java:179) ~[archunit-1.3.0.jar:1.3.0]
	at com.tngtech.archunit.core.importer.DomainBuilders$JavaCodeUnitBuilder.getRawReturnType(DomainBuilders.java:289) ~[archunit-1.3.0.jar:1.3.0]
	at com.tngtech.archunit.core.domain.JavaCodeUnit$ReturnType.<init>(JavaCodeUnit.java:367) ~[archunit-1.3.0.jar:1.3.0]
	at com.tngtech.archunit.core.domain.JavaCodeUnit.<init>(JavaCodeUnit.java:81) ~[archunit-1.3.0.jar:1.3.0]
	at com.tngtech.archunit.core.domain.JavaMethod.<init>(JavaMethod.java:44) ~[archunit-1.3.0.jar:1.3.0]
	at com.tngtech.archunit.core.domain.DomainObjectCreationContext.createJavaMethod(DomainObjectCreationContext.java:144) ~[archunit-1.3.0.jar:1.3.0]
	at com.tngtech.archunit.core.importer.DomainBuilders$JavaMethodBuilder.construct(DomainBuilders.java:373) ~[archunit-1.3.0.jar:1.3.0]
	at com.tngtech.archunit.core.importer.DomainBuilders$JavaMethodBuilder.construct(DomainBuilders.java:358) ~[archunit-1.3.0.jar:1.3.0]
	at com.tngtech.archunit.core.importer.DomainBuilders$JavaMemberBuilder.build(DomainBuilders.java:206) ~[archunit-1.3.0.jar:1.3.0]
	at com.tngtech.archunit.core.importer.DomainBuilders$JavaMemberBuilder.build(DomainBuilders.java:138) ~[archunit-1.3.0.jar:1.3.0]
	at com.tngtech.archunit.core.importer.DomainBuilders$BuilderWithBuildParameter$BuildFinisher.lambda$build$0(DomainBuilders.java:892) ~[archunit-1.3.0.jar:1.3.0]
	at java.base/java.util.stream.ReferencePipeline$3$1.accept(ReferencePipeline.java:214) ~[na:na]
	at java.base/java.util.stream.ReferencePipeline$2$1.accept(ReferencePipeline.java:197) ~[na:na]
	at java.base/java.util.HashMap$KeySpliterator.forEachRemaining(HashMap.java:1741) ~[na:na]
	at java.base/java.util.stream.AbstractPipeline.copyInto(AbstractPipeline.java:570) ~[na:na]
	at java.base/java.util.stream.AbstractPipeline.wrapAndCopyInto(AbstractPipeline.java:560) ~[na:na]
	at java.base/java.util.stream.ReduceOps$ReduceOp.evaluateSequential(ReduceOps.java:921) ~[na:na]
	at java.base/java.util.stream.AbstractPipeline.evaluate(AbstractPipeline.java:265) ~[na:na]
	at java.base/java.util.stream.ReferencePipeline.collect(ReferencePipeline.java:723) ~[na:na]
	at com.tngtech.archunit.core.importer.DomainBuilders$BuilderWithBuildParameter$BuildFinisher.build(DomainBuilders.java:892) ~[archunit-1.3.0.jar:1.3.0]
	at com.tngtech.archunit.core.importer.ClassGraphCreator.createMethods(ClassGraphCreator.java:322) ~[archunit-1.3.0.jar:1.3.0]
	at com.tngtech.archunit.core.domain.JavaClassMembers.create(JavaClassMembers.java:352) ~[archunit-1.3.0.jar:1.3.0]
	at com.tngtech.archunit.core.domain.JavaClass.completeMembers(JavaClass.java:1477) ~[archunit-1.3.0.jar:1.3.0]
	at com.tngtech.archunit.core.domain.DomainObjectCreationContext.completeMembers(DomainObjectCreationContext.java:96) ~[archunit-1.3.0.jar:1.3.0]
	at com.tngtech.archunit.core.importer.ClassGraphCreator.completeClasses(ClassGraphCreator.java:120) ~[archunit-1.3.0.jar:1.3.0]
	at com.tngtech.archunit.core.importer.ClassGraphCreator.complete(ClassGraphCreator.java:108) ~[archunit-1.3.0.jar:1.3.0]
	at com.tngtech.archunit.core.importer.ClassFileProcessor.process(ClassFileProcessor.java:75) ~[archunit-1.3.0.jar:1.3.0]
	at com.tngtech.archunit.core.importer.ClassFileImporter.importLocations(ClassFileImporter.java:325) ~[archunit-1.3.0.jar:1.3.0]
	at com.tngtech.archunit.junit.internal.ClassCache$CacheClassFileImporter.importClasses(ClassCache.java:126) ~[archunit-junit5-engine-1.3.0.jar:1.3.0]
	at com.tngtech.archunit.junit.internal.ClassCache$LazyJavaClasses.initialize(ClassCache.java:118) ~[archunit-junit5-engine-1.3.0.jar:1.3.0]
	at com.tngtech.archunit.junit.internal.ClassCache$LazyJavaClasses.get(ClassCache.java:107) ~[archunit-junit5-engine-1.3.0.jar:1.3.0]
	at com.tngtech.archunit.junit.internal.ClassCache.getClassesToAnalyzeFor(ClassCache.java:84) ~[archunit-junit5-engine-1.3.0.jar:1.3.0]
	at com.tngtech.archunit.junit.internal.ArchUnitTestDescriptor.lambda$createChildren$1(ArchUnitTestDescriptor.java:90) ~[archunit-junit5-engine-1.3.0.jar:1.3.0]
	at com.tngtech.archunit.junit.internal.ArchUnitTestDescriptor$ArchUnitRuleDescriptor.execute(ArchUnitTestDescriptor.java:167) ~[archunit-junit5-engine-1.3.0.jar:1.3.0]
	at com.tngtech.archunit.junit.internal.ArchUnitTestDescriptor$ArchUnitRuleDescriptor.execute(ArchUnitTestDescriptor.java:150) ~[archunit-junit5-engine-1.3.0.jar:1.3.0]
	at org.junit.platform.engine.support.hierarchical.NodeTestTask.lambda$executeRecursively$2(NodeTestTask.java:176) ~[junit-platform-engine-6.0.1.jar:6.0.1]
	at org.junit.platform.engine.support.hierarchical.ThrowableCollector.execute(ThrowableCollector.java:74) ~[junit-platform-engine-6.0.1.jar:6.0.1]
	at org.junit.platform.engine.support.hierarchical.NodeTestTask.lambda$executeRecursively$1(NodeTestTask.java:166) ~[junit-platform-engine-6.0.1.jar:6.0.1]
	at org.junit.platform.engine.support.hierarchical.Node.around(Node.java:138) ~[junit-platform-engine-6.0.1.jar:6.0.1]
	at org.junit.platform.engine.support.hierarchical.NodeTestTask.lambda$executeRecursively$0(NodeTestTask.java:164) ~[junit-platform-engine-6.0.1.jar:6.0.1]
	at org.junit.platform.engine.support.hierarchical.ThrowableCollector.execute(ThrowableCollector.java:74) ~[junit-platform-engine-6.0.1.jar:6.0.1]
	at org.junit.platform.engine.support.hierarchical.NodeTestTask.executeRecursively(NodeTestTask.java:163) ~[junit-platform-engine-6.0.1.jar:6.0.1]
	at org.junit.platform.engine.support.hierarchical.NodeTestTask.execute(NodeTestTask.java:116) ~[junit-platform-engine-6.0.1.jar:6.0.1]
	at java.base/java.util.ArrayList.forEach(ArrayList.java:1612) ~[na:na]
	at org.junit.platform.engine.support.hierarchical.SameThreadHierarchicalTestExecutorService.invokeAll(SameThreadHierarchicalTestExecutorService.java:42) ~[junit-platform-engine-6.0.1.jar:6.0.1]
	at org.junit.platform.engine.support.hierarchical.NodeTestTask.lambda$executeRecursively$2(NodeTestTask.java:180) ~[junit-platform-engine-6.0.1.jar:6.0.1]
	at org.junit.platform.engine.support.hierarchical.ThrowableCollector.execute(ThrowableCollector.java:74) ~[junit-platform-engine-6.0.1.jar:6.0.1]
	at org.junit.platform.engine.support.hierarchical.NodeTestTask.lambda$executeRecursively$1(NodeTestTask.java:166) ~[junit-platform-engine-6.0.1.jar:6.0.1]
	at org.junit.platform.engine.support.hierarchical.Node.around(Node.java:138) ~[junit-platform-engine-6.0.1.jar:6.0.1]
	at org.junit.platform.engine.support.hierarchical.NodeTestTask.lambda$executeRecursively$0(NodeTestTask.java:164) ~[junit-platform-engine-6.0.1.jar:6.0.1]
	at org.junit.platform.engine.support.hierarchical.ThrowableCollector.execute(ThrowableCollector.java:74) ~[junit-platform-engine-6.0.1.jar:6.0.1]
	at org.junit.platform.engine.support.hierarchical.NodeTestTask.executeRecursively(NodeTestTask.java:163) ~[junit-platform-engine-6.0.1.jar:6.0.1]
	at org.junit.platform.engine.support.hierarchical.NodeTestTask.execute(NodeTestTask.java:116) ~[junit-platform-engine-6.0.1.jar:6.0.1]
	at java.base/java.util.ArrayList.forEach(ArrayList.java:1612) ~[na:na]
	at org.junit.platform.engine.support.hierarchical.SameThreadHierarchicalTestExecutorService.invokeAll(SameThreadHierarchicalTestExecutorService.java:42) ~[junit-platform-engine-6.0.1.jar:6.0.1]
	at org.junit.platform.engine.support.hierarchical.NodeTestTask.lambda$executeRecursively$2(NodeTestTask.java:180) ~[junit-platform-engine-6.0.1.jar:6.0.1]
	at org.junit.platform.engine.support.hierarchical.ThrowableCollector.execute(ThrowableCollector.java:74) ~[junit-platform-engine-6.0.1.jar:6.0.1]
	at org.junit.platform.engine.support.hierarchical.NodeTestTask.lambda$executeRecursively$1(NodeTestTask.java:166) ~[junit-platform-engine-6.0.1.jar:6.0.1]
	at org.junit.platform.engine.support.hierarchical.Node.around(Node.java:138) ~[junit-platform-engine-6.0.1.jar:6.0.1]
	at org.junit.platform.engine.support.hierarchical.NodeTestTask.lambda$executeRecursively$0(NodeTestTask.java:164) ~[junit-platform-engine-6.0.1.jar:6.0.1]
	at org.junit.platform.engine.support.hierarchical.ThrowableCollector.execute(ThrowableCollector.java:74) ~[junit-platform-engine-6.0.1.jar:6.0.1]
	at org.junit.platform.engine.support.hierarchical.NodeTestTask.executeRecursively(NodeTestTask.java:163) ~[junit-platform-engine-6.0.1.jar:6.0.1]
	at org.junit.platform.engine.support.hierarchical.NodeTestTask.execute(NodeTestTask.java:116) ~[junit-platform-engine-6.0.1.jar:6.0.1]
	at org.junit.platform.engine.support.hierarchical.SameThreadHierarchicalTestExecutorService.submit(SameThreadHierarchicalTestExecutorService.java:36) ~[junit-platform-engine-6.0.1.jar:6.0.1]
	at org.junit.platform.engine.support.hierarchical.HierarchicalTestExecutor.execute(HierarchicalTestExecutor.java:52) ~[junit-platform-engine-6.0.1.jar:6.0.1]
	at org.junit.platform.engine.support.hierarchical.HierarchicalTestEngine.execute(HierarchicalTestEngine.java:58) ~[junit-platform-engine-6.0.1.jar:6.0.1]
	at org.junit.platform.launcher.core.EngineExecutionOrchestrator.executeEngine(EngineExecutionOrchestrator.java:246) ~[junit-platform-launcher-6.0.1.jar:6.0.1]
	at org.junit.platform.launcher.core.EngineExecutionOrchestrator.failOrExecuteEngine(EngineExecutionOrchestrator.java:218) ~[junit-platform-launcher-6.0.1.jar:6.0.1]
	at org.junit.platform.launcher.core.EngineExecutionOrchestrator.execute(EngineExecutionOrchestrator.java:179) ~[junit-platform-launcher-6.0.1.jar:6.0.1]
	at org.junit.platform.launcher.core.EngineExecutionOrchestrator.execute(EngineExecutionOrchestrator.java:108) ~[junit-platform-launcher-6.0.1.jar:6.0.1]
	at org.junit.platform.launcher.core.EngineExecutionOrchestrator.lambda$execute$0(EngineExecutionOrchestrator.java:66) ~[junit-platform-launcher-6.0.1.jar:6.0.1]
	at org.junit.platform.launcher.core.EngineExecutionOrchestrator.withInterceptedStreams(EngineExecutionOrchestrator.java:157) ~[junit-platform-launcher-6.0.1.jar:6.0.1]
	at org.junit.platform.launcher.core.EngineExecutionOrchestrator.execute(EngineExecutionOrchestrator.java:65) ~[junit-platform-launcher-6.0.1.jar:6.0.1]
	at org.junit.platform.launcher.core.DefaultLauncher.execute(DefaultLauncher.java:125) ~[junit-platform-launcher-6.0.1.jar:6.0.1]
	at org.junit.platform.launcher.core.DefaultLauncher.execute(DefaultLauncher.java:114) ~[junit-platform-launcher-6.0.1.jar:6.0.1]
	at org.junit.platform.launcher.core.DelegatingLauncher.execute(DelegatingLauncher.java:58) ~[junit-platform-launcher-6.0.1.jar:6.0.1]
	at org.junit.platform.launcher.core.InterceptingLauncher.lambda$execute$2(InterceptingLauncher.java:57) ~[junit-platform-launcher-6.0.1.jar:6.0.1]
	at org.junit.platform.launcher.core.ClasspathAlignmentCheckingLauncherInterceptor.intercept(ClasspathAlignmentCheckingLauncherInterceptor.java:25) ~[junit-platform-launcher-6.0.1.jar:6.0.1]
	at org.junit.platform.launcher.core.InterceptingLauncher.execute(InterceptingLauncher.java:56) ~[junit-platform-launcher-6.0.1.jar:6.0.1]
	at org.junit.platform.launcher.core.DelegatingLauncher.execute(DelegatingLauncher.java:58) ~[junit-platform-launcher-6.0.1.jar:6.0.1]
	at java.base/jdk.internal.reflect.DirectMethodHandleAccessor.invoke(DirectMethodHandleAccessor.java:104) ~[na:na]
	at java.base/java.lang.reflect.Method.invoke(Method.java:583) ~[na:na]
	at org.apache.maven.surefire.api.util.ReflectionUtils.invokeMethodWithArray(ReflectionUtils.java:125) ~[surefire-api-3.5.4.jar:3.5.4]
	at org.apache.maven.surefire.junitplatform.LauncherAdapter.executeWithCancellationToken(LauncherAdapter.java:68) ~[surefire-junit-platform-3.5.4.jar:3.5.4]
	at org.apache.maven.surefire.junitplatform.LauncherAdapter.execute(LauncherAdapter.java:54) ~[surefire-junit-platform-3.5.4.jar:3.5.4]
	at org.apache.maven.surefire.junitplatform.JUnitPlatformProvider.execute(JUnitPlatformProvider.java:203) ~[surefire-junit-platform-3.5.4.jar:3.5.4]
	at org.apache.maven.surefire.junitplatform.JUnitPlatformProvider.invokeAllTests(JUnitPlatformProvider.java:168) ~[surefire-junit-platform-3.5.4.jar:3.5.4]
	at org.apache.maven.surefire.junitplatform.JUnitPlatformProvider.invoke(JUnitPlatformProvider.java:136) ~[surefire-junit-platform-3.5.4.jar:3.5.4]
	at org.apache.maven.surefire.booter.ForkedBooter.runSuitesInProcess(ForkedBooter.java:385) ~[surefire-booter-3.5.4.jar:3.5.4]
	at org.apache.maven.surefire.booter.ForkedBooter.execute(ForkedBooter.java:162) ~[surefire-booter-3.5.4.jar:3.5.4]
	at org.apache.maven.surefire.booter.ForkedBooter.run(ForkedBooter.java:507) ~[surefire-booter-3.5.4.jar:3.5.4]
	at org.apache.maven.surefire.booter.ForkedBooter.main(ForkedBooter.java:495) ~[surefire-booter-3.5.4.jar:3.5.4]

2026-10-02T23:36:46.306+01:00  WARN 32244 --- [archunit-hexagonal] [           main] c.t.a.core.importer.ClassFileProcessor   : Error during import from jrt:/java.base/java/lang/Character.class, falling back to simple import

java.lang.IllegalArgumentException: Unsupported class file major version 71
	at com.tngtech.archunit.thirdparty.org.objectweb.asm.ClassReader.<init>(ClassReader.java:200) ~[archunit-1.3.0.jar:1.3.0]
	at com.tngtech.archunit.thirdparty.org.objectweb.asm.ClassReader.<init>(ClassReader.java:180) ~[archunit-1.3.0.jar:1.3.0]
	at com.tngtech.archunit.thirdparty.org.objectweb.asm.ClassReader.<init>(ClassReader.java:166) ~[archunit-1.3.0.jar:1.3.0]
	at com.tngtech.archunit.thirdparty.org.objectweb.asm.ClassReader.<init>(ClassReader.java:288) ~[archunit-1.3.0.jar:1.3.0]
	at com.tngtech.archunit.core.importer.ClassFileProcessor$UriImporterOfProcessor.tryImport(ClassFileProcessor.java:350) ~[archunit-1.3.0.jar:1.3.0]
	at com.tngtech.archunit.core.importer.resolvers.ClassResolverFromClasspath.tryResolve(ClassResolverFromClasspath.java:51) ~[archunit-1.3.0.jar:1.3.0]
	at com.tngtech.archunit.core.importer.ImportedClasses.resolve(ImportedClasses.java:80) ~[archunit-1.3.0.jar:1.3.0]
	at com.tngtech.archunit.core.importer.ImportedClasses.getOrResolve(ImportedClasses.java:67) ~[archunit-1.3.0.jar:1.3.0]
	at com.tngtech.archunit.core.importer.DomainBuilders$JavaMemberBuilder.get(DomainBuilders.java:179) ~[archunit-1.3.0.jar:1.3.0]
	at com.tngtech.archunit.core.importer.DomainBuilders$JavaCodeUnitBuilder.asJavaClasses(DomainBuilders.java:329) ~[archunit-1.3.0.jar:1.3.0]
	at com.tngtech.archunit.core.importer.DomainBuilders$JavaCodeUnitBuilder.getRawParameterTypes(DomainBuilders.java:303) ~[archunit-1.3.0.jar:1.3.0]
	at com.tngtech.archunit.core.domain.JavaCodeUnit$Parameters.<init>(JavaCodeUnit.java:317) ~[archunit-1.3.0.jar:1.3.0]
	at com.tngtech.archunit.core.domain.JavaCodeUnit.<init>(JavaCodeUnit.java:82) ~[archunit-1.3.0.jar:1.3.0]
	at com.tngtech.archunit.core.domain.JavaMethod.<init>(JavaMethod.java:44) ~[archunit-1.3.0.jar:1.3.0]
	at com.tngtech.archunit.core.domain.DomainObjectCreationContext.createJavaMethod(DomainObjectCreationContext.java:144) ~[archunit-1.3.0.jar:1.3.0]
	at com.tngtech.archunit.core.importer.DomainBuilders$JavaMethodBuilder.construct(DomainBuilders.java:373) ~[archunit-1.3.0.jar:1.3.0]
	at com.tngtech.archunit.core.importer.DomainBuilders$JavaMethodBuilder.construct(DomainBuilders.java:358) ~[archunit-1.3.0.jar:1.3.0]
	at com.tngtech.archunit.core.importer.DomainBuilders$JavaMemberBuilder.build(DomainBuilders.java:206) ~[archunit-1.3.0.jar:1.3.0]
	at com.tngtech.archunit.core.importer.DomainBuilders$JavaMemberBuilder.build(DomainBuilders.java:138) ~[archunit-1.3.0.jar:1.3.0]
	at com.tngtech.archunit.core.importer.DomainBuilders$BuilderWithBuildParameter$BuildFinisher.lambda$build$0(DomainBuilders.java:892) ~[archunit-1.3.0.jar:1.3.0]
	at java.base/java.util.stream.ReferencePipeline$3$1.accept(ReferencePipeline.java:214) ~[na:na]
	at java.base/java.util.stream.ReferencePipeline$2$1.accept(ReferencePipeline.java:197) ~[na:na]
	at java.base/java.util.HashMap$KeySpliterator.forEachRemaining(HashMap.java:1741) ~[na:na]
	at java.base/java.util.stream.AbstractPipeline.copyInto(AbstractPipeline.java:570) ~[na:na]
	at java.base/java.util.stream.AbstractPipeline.wrapAndCopyInto(AbstractPipeline.java:560) ~[na:na]
	at java.base/java.util.stream.ReduceOps$ReduceOp.evaluateSequential(ReduceOps.java:921) ~[na:na]
	at java.base/java.util.stream.AbstractPipeline.evaluate(AbstractPipeline.java:265) ~[na:na]
	at java.base/java.util.stream.ReferencePipeline.collect(ReferencePipeline.java:723) ~[na:na]
	at com.tngtech.archunit.core.importer.DomainBuilders$BuilderWithBuildParameter$BuildFinisher.build(DomainBuilders.java:892) ~[archunit-1.3.0.jar:1.3.0]
	at com.tngtech.archunit.core.importer.ClassGraphCreator.createMethods(ClassGraphCreator.java:322) ~[archunit-1.3.0.jar:1.3.0]
	at com.tngtech.archunit.core.domain.JavaClassMembers.create(JavaClassMembers.java:352) ~[archunit-1.3.0.jar:1.3.0]
	at com.tngtech.archunit.core.domain.JavaClass.completeMembers(JavaClass.java:1477) ~[archunit-1.3.0.jar:1.3.0]
	at com.tngtech.archunit.core.domain.DomainObjectCreationContext.completeMembers(DomainObjectCreationContext.java:96) ~[archunit-1.3.0.jar:1.3.0]
	at com.tngtech.archunit.core.importer.ClassGraphCreator.completeClasses(ClassGraphCreator.java:120) ~[archunit-1.3.0.jar:1.3.0]
	at com.tngtech.archunit.core.importer.ClassGraphCreator.complete(ClassGraphCreator.java:108) ~[archunit-1.3.0.jar:1.3.0]
	at com.tngtech.archunit.core.importer.ClassFileProcessor.process(ClassFileProcessor.java:75) ~[archunit-1.3.0.jar:1.3.0]
	at com.tngtech.archunit.core.importer.ClassFileImporter.importLocations(ClassFileImporter.java:325) ~[archunit-1.3.0.jar:1.3.0]
	at com.tngtech.archunit.junit.internal.ClassCache$CacheClassFileImporter.importClasses(ClassCache.java:126) ~[archunit-junit5-engine-1.3.0.jar:1.3.0]
	at com.tngtech.archunit.junit.internal.ClassCache$LazyJavaClasses.initialize(ClassCache.java:118) ~[archunit-junit5-engine-1.3.0.jar:1.3.0]
	at com.tngtech.archunit.junit.internal.ClassCache$LazyJavaClasses.get(ClassCache.java:107) ~[archunit-junit5-engine-1.3.0.jar:1.3.0]
	at com.tngtech.archunit.junit.internal.ClassCache.getClassesToAnalyzeFor(ClassCache.java:84) ~[archunit-junit5-engine-1.3.0.jar:1.3.0]
	at com.tngtech.archunit.junit.internal.ArchUnitTestDescriptor.lambda$createChildren$1(ArchUnitTestDescriptor.java:90) ~[archunit-junit5-engine-1.3.0.jar:1.3.0]
	at com.tngtech.archunit.junit.internal.ArchUnitTestDescriptor$ArchUnitRuleDescriptor.execute(ArchUnitTestDescriptor.java:167) ~[archunit-junit5-engine-1.3.0.jar:1.3.0]
	at com.tngtech.archunit.junit.internal.ArchUnitTestDescriptor$ArchUnitRuleDescriptor.execute(ArchUnitTestDescriptor.java:150) ~[archunit-junit5-engine-1.3.0.jar:1.3.0]
	at org.junit.platform.engine.support.hierarchical.NodeTestTask.lambda$executeRecursively$2(NodeTestTask.java:176) ~[junit-platform-engine-6.0.1.jar:6.0.1]
	at org.junit.platform.engine.support.hierarchical.ThrowableCollector.execute(ThrowableCollector.java:74) ~[junit-platform-engine-6.0.1.jar:6.0.1]
	at org.junit.platform.engine.support.hierarchical.NodeTestTask.lambda$executeRecursively$1(NodeTestTask.java:166) ~[junit-platform-engine-6.0.1.jar:6.0.1]
	at org.junit.platform.engine.support.hierarchical.Node.around(Node.java:138) ~[junit-platform-engine-6.0.1.jar:6.0.1]
	at org.junit.platform.engine.support.hierarchical.NodeTestTask.lambda$executeRecursively$0(NodeTestTask.java:164) ~[junit-platform-engine-6.0.1.jar:6.0.1]
	at org.junit.platform.engine.support.hierarchical.ThrowableCollector.execute(ThrowableCollector.java:74) ~[junit-platform-engine-6.0.1.jar:6.0.1]
	at org.junit.platform.engine.support.hierarchical.NodeTestTask.executeRecursively(NodeTestTask.java:163) ~[junit-platform-engine-6.0.1.jar:6.0.1]
	at org.junit.platform.engine.support.hierarchical.NodeTestTask.execute(NodeTestTask.java:116) ~[junit-platform-engine-6.0.1.jar:6.0.1]
	at java.base/java.util.ArrayList.forEach(ArrayList.java:1612) ~[na:na]
	at org.junit.platform.engine.support.hierarchical.SameThreadHierarchicalTestExecutorService.invokeAll(SameThreadHierarchicalTestExecutorService.java:42) ~[junit-platform-engine-6.0.1.jar:6.0.1]
	at org.junit.platform.engine.support.hierarchical.NodeTestTask.lambda$executeRecursively$2(NodeTestTask.java:180) ~[junit-platform-engine-6.0.1.jar:6.0.1]
	at org.junit.platform.engine.support.hierarchical.ThrowableCollector.execute(ThrowableCollector.java:74) ~[junit-platform-engine-6.0.1.jar:6.0.1]
	at org.junit.platform.engine.support.hierarchical.NodeTestTask.lambda$executeRecursively$1(NodeTestTask.java:166) ~[junit-platform-engine-6.0.1.jar:6.0.1]
	at org.junit.platform.engine.support.hierarchical.Node.around(Node.java:138) ~[junit-platform-engine-6.0.1.jar:6.0.1]
	at org.junit.platform.engine.support.hierarchical.NodeTestTask.lambda$executeRecursively$0(NodeTestTask.java:164) ~[junit-platform-engine-6.0.1.jar:6.0.1]
	at org.junit.platform.engine.support.hierarchical.ThrowableCollector.execute(ThrowableCollector.java:74) ~[junit-platform-engine-6.0.1.jar:6.0.1]
	at org.junit.platform.engine.support.hierarchical.NodeTestTask.executeRecursively(NodeTestTask.java:163) ~[junit-platform-engine-6.0.1.jar:6.0.1]
	at org.junit.platform.engine.support.hierarchical.NodeTestTask.execute(NodeTestTask.java:116) ~[junit-platform-engine-6.0.1.jar:6.0.1]
	at java.base/java.util.ArrayList.forEach(ArrayList.java:1612) ~[na:na]
	at org.junit.platform.engine.support.hierarchical.SameThreadHierarchicalTestExecutorService.invokeAll(SameThreadHierarchicalTestExecutorService.java:42) ~[junit-platform-engine-6.0.1.jar:6.0.1]
	at org.junit.platform.engine.support.hierarchical.NodeTestTask.lambda$executeRecursively$2(NodeTestTask.java:180) ~[junit-platform-engine-6.0.1.jar:6.0.1]
	at org.junit.platform.engine.support.hierarchical.ThrowableCollector.execute(ThrowableCollector.java:74) ~[junit-platform-engine-6.0.1.jar:6.0.1]
	at org.junit.platform.engine.support.hierarchical.NodeTestTask.lambda$executeRecursively$1(NodeTestTask.java:166) ~[junit-platform-engine-6.0.1.jar:6.0.1]
	at org.junit.platform.engine.support.hierarchical.Node.around(Node.java:138) ~[junit-platform-engine-6.0.1.jar:6.0.1]
	at org.junit.platform.engine.support.hierarchical.NodeTestTask.lambda$executeRecursively$0(NodeTestTask.java:164) ~[junit-platform-engine-6.0.1.jar:6.0.1]
	at org.junit.platform.engine.support.hierarchical.ThrowableCollector.execute(ThrowableCollector.java:74) ~[junit-platform-engine-6.0.1.jar:6.0.1]
	at org.junit.platform.engine.support.hierarchical.NodeTestTask.executeRecursively(NodeTestTask.java:163) ~[junit-platform-engine-6.0.1.jar:6.0.1]
	at org.junit.platform.engine.support.hierarchical.NodeTestTask.execute(NodeTestTask.java:116) ~[junit-platform-engine-6.0.1.jar:6.0.1]
	at org.junit.platform.engine.support.hierarchical.SameThreadHierarchicalTestExecutorService.submit(SameThreadHierarchicalTestExecutorService.java:36) ~[junit-platform-engine-6.0.1.jar:6.0.1]
	at org.junit.platform.engine.support.hierarchical.HierarchicalTestExecutor.execute(HierarchicalTestExecutor.java:52) ~[junit-platform-engine-6.0.1.jar:6.0.1]
	at org.junit.platform.engine.support.hierarchical.HierarchicalTestEngine.execute(HierarchicalTestEngine.java:58) ~[junit-platform-engine-6.0.1.jar:6.0.1]
	at org.junit.platform.launcher.core.EngineExecutionOrchestrator.executeEngine(EngineExecutionOrchestrator.java:246) ~[junit-platform-launcher-6.0.1.jar:6.0.1]
	at org.junit.platform.launcher.core.EngineExecutionOrchestrator.failOrExecuteEngine(EngineExecutionOrchestrator.java:218) ~[junit-platform-launcher-6.0.1.jar:6.0.1]
	at org.junit.platform.launcher.core.EngineExecutionOrchestrator.execute(EngineExecutionOrchestrator.java:179) ~[junit-platform-launcher-6.0.1.jar:6.0.1]
	at org.junit.platform.launcher.core.EngineExecutionOrchestrator.execute(EngineExecutionOrchestrator.java:108) ~[junit-platform-launcher-6.0.1.jar:6.0.1]
	at org.junit.platform.launcher.core.EngineExecutionOrchestrator.lambda$execute$0(EngineExecutionOrchestrator.java:66) ~[junit-platform-launcher-6.0.1.jar:6.0.1]
	at org.junit.platform.launcher.core.EngineExecutionOrchestrator.withInterceptedStreams(EngineExecutionOrchestrator.java:157) ~[junit-platform-launcher-6.0.1.jar:6.0.1]
	at org.junit.platform.launcher.core.EngineExecutionOrchestrator.execute(EngineExecutionOrchestrator.java:65) ~[junit-platform-launcher-6.0.1.jar:6.0.1]
	at org.junit.platform.launcher.core.DefaultLauncher.execute(DefaultLauncher.java:125) ~[junit-platform-launcher-6.0.1.jar:6.0.1]
	at org.junit.platform.launcher.core.DefaultLauncher.execute(DefaultLauncher.java:114) ~[junit-platform-launcher-6.0.1.jar:6.0.1]
	at org.junit.platform.launcher.core.DelegatingLauncher.execute(DelegatingLauncher.java:58) ~[junit-platform-launcher-6.0.1.jar:6.0.1]
	at org.junit.platform.launcher.core.InterceptingLauncher.lambda$execute$2(InterceptingLauncher.java:57) ~[junit-platform-launcher-6.0.1.jar:6.0.1]
	at org.junit.platform.launcher.core.ClasspathAlignmentCheckingLauncherInterceptor.intercept(ClasspathAlignmentCheckingLauncherInterceptor.java:25) ~[junit-platform-launcher-6.0.1.jar:6.0.1]
	at org.junit.platform.launcher.core.InterceptingLauncher.execute(InterceptingLauncher.java:56) ~[junit-platform-launcher-6.0.1.jar:6.0.1]
	at org.junit.platform.launcher.core.DelegatingLauncher.execute(DelegatingLauncher.java:58) ~[junit-platform-launcher-6.0.1.jar:6.0.1]
	at java.base/jdk.internal.reflect.DirectMethodHandleAccessor.invoke(DirectMethodHandleAccessor.java:104) ~[na:na]
	at java.base/java.lang.reflect.Method.invoke(Method.java:583) ~[na:na]
	at org.apache.maven.surefire.api.util.ReflectionUtils.invokeMethodWithArray(ReflectionUtils.java:125) ~[surefire-api-3.5.4.jar:3.5.4]
	at org.apache.maven.surefire.junitplatform.LauncherAdapter.executeWithCancellationToken(LauncherAdapter.java:68) ~[surefire-junit-platform-3.5.4.jar:3.5.4]
	at org.apache.maven.surefire.junitplatform.LauncherAdapter.execute(LauncherAdapter.java:54) ~[surefire-junit-platform-3.5.4.jar:3.5.4]
	at org.apache.maven.surefire.junitplatform.JUnitPlatformProvider.execute(JUnitPlatformProvider.java:203) ~[surefire-junit-platform-3.5.4.jar:3.5.4]
	at org.apache.maven.surefire.junitplatform.JUnitPlatformProvider.invokeAllTests(JUnitPlatformProvider.java:168) ~[surefire-junit-platform-3.5.4.jar:3.5.4]
	at org.apache.maven.surefire.junitplatform.JUnitPlatformProvider.invoke(JUnitPlatformProvider.java:136) ~[surefire-junit-platform-3.5.4.jar:3.5.4]
	at org.apache.maven.surefire.booter.ForkedBooter.runSuitesInProcess(ForkedBooter.java:385) ~[surefire-booter-3.5.4.jar:3.5.4]
	at org.apache.maven.surefire.booter.ForkedBooter.execute(ForkedBooter.java:162) ~[surefire-booter-3.5.4.jar:3.5.4]
	at org.apache.maven.surefire.booter.ForkedBooter.run(ForkedBooter.java:507) ~[surefire-booter-3.5.4.jar:3.5.4]
	at org.apache.maven.surefire.booter.ForkedBooter.main(ForkedBooter.java:495) ~[surefire-booter-3.5.4.jar:3.5.4]

2026-10-02T23:36:46.309+01:00  WARN 32244 --- [archunit-hexagonal] [           main] c.t.a.core.importer.ClassFileProcessor   : Error during import from jrt:/java.base/java/lang/IllegalArgumentException.class, falling back to simple import

java.lang.IllegalArgumentException: Unsupported class file major version 71
	at com.tngtech.archunit.thirdparty.org.objectweb.asm.ClassReader.<init>(ClassReader.java:200) ~[archunit-1.3.0.jar:1.3.0]
	at com.tngtech.archunit.thirdparty.org.objectweb.asm.ClassReader.<init>(ClassReader.java:180) ~[archunit-1.3.0.jar:1.3.0]
	at com.tngtech.archunit.thirdparty.org.objectweb.asm.ClassReader.<init>(ClassReader.java:166) ~[archunit-1.3.0.jar:1.3.0]
	at com.tngtech.archunit.thirdparty.org.objectweb.asm.ClassReader.<init>(ClassReader.java:288) ~[archunit-1.3.0.jar:1.3.0]
	at com.tngtech.archunit.core.importer.ClassFileProcessor$UriImporterOfProcessor.tryImport(ClassFileProcessor.java:350) ~[archunit-1.3.0.jar:1.3.0]
	at com.tngtech.archunit.core.importer.resolvers.ClassResolverFromClasspath.tryResolve(ClassResolverFromClasspath.java:51) ~[archunit-1.3.0.jar:1.3.0]
	at com.tngtech.archunit.core.importer.ImportedClasses.resolve(ImportedClasses.java:80) ~[archunit-1.3.0.jar:1.3.0]
	at com.tngtech.archunit.core.importer.ImportedClasses.getOrResolve(ImportedClasses.java:67) ~[archunit-1.3.0.jar:1.3.0]
	at com.tngtech.archunit.core.importer.DomainBuilders$JavaMemberBuilder.get(DomainBuilders.java:179) ~[archunit-1.3.0.jar:1.3.0]
	at com.tngtech.archunit.core.importer.DomainBuilders$JavaCodeUnitBuilder.asJavaClasses(DomainBuilders.java:329) ~[archunit-1.3.0.jar:1.3.0]
	at com.tngtech.archunit.core.importer.DomainBuilders$JavaCodeUnitBuilder.getThrowsClause(DomainBuilders.java:323) ~[archunit-1.3.0.jar:1.3.0]
	at com.tngtech.archunit.core.domain.JavaMethod.<init>(JavaMethod.java:45) ~[archunit-1.3.0.jar:1.3.0]
	at com.tngtech.archunit.core.domain.DomainObjectCreationContext.createJavaMethod(DomainObjectCreationContext.java:144) ~[archunit-1.3.0.jar:1.3.0]
	at com.tngtech.archunit.core.importer.DomainBuilders$JavaMethodBuilder.construct(DomainBuilders.java:373) ~[archunit-1.3.0.jar:1.3.0]
	at com.tngtech.archunit.core.importer.DomainBuilders$JavaMethodBuilder.construct(DomainBuilders.java:358) ~[archunit-1.3.0.jar:1.3.0]
	at com.tngtech.archunit.core.importer.DomainBuilders$JavaMemberBuilder.build(DomainBuilders.java:206) ~[archunit-1.3.0.jar:1.3.0]
	at com.tngtech.archunit.core.importer.DomainBuilders$JavaMemberBuilder.build(DomainBuilders.java:138) ~[archunit-1.3.0.jar:1.3.0]
	at com.tngtech.archunit.core.importer.DomainBuilders$BuilderWithBuildParameter$BuildFinisher.lambda$build$0(DomainBuilders.java:892) ~[archunit-1.3.0.jar:1.3.0]
	at java.base/java.util.stream.ReferencePipeline$3$1.accept(ReferencePipeline.java:214) ~[na:na]
	at java.base/java.util.stream.ReferencePipeline$2$1.accept(ReferencePipeline.java:197) ~[na:na]
	at java.base/java.util.HashMap$KeySpliterator.forEachRemaining(HashMap.java:1741) ~[na:na]
	at java.base/java.util.stream.AbstractPipeline.copyInto(AbstractPipeline.java:570) ~[na:na]
	at java.base/java.util.stream.AbstractPipeline.wrapAndCopyInto(AbstractPipeline.java:560) ~[na:na]
	at java.base/java.util.stream.ReduceOps$ReduceOp.evaluateSequential(ReduceOps.java:921) ~[na:na]
	at java.base/java.util.stream.AbstractPipeline.evaluate(AbstractPipeline.java:265) ~[na:na]
	at java.base/java.util.stream.ReferencePipeline.collect(ReferencePipeline.java:723) ~[na:na]
	at com.tngtech.archunit.core.importer.DomainBuilders$BuilderWithBuildParameter$BuildFinisher.build(DomainBuilders.java:892) ~[archunit-1.3.0.jar:1.3.0]
	at com.tngtech.archunit.core.importer.ClassGraphCreator.createMethods(ClassGraphCreator.java:322) ~[archunit-1.3.0.jar:1.3.0]
	at com.tngtech.archunit.core.domain.JavaClassMembers.create(JavaClassMembers.java:352) ~[archunit-1.3.0.jar:1.3.0]
	at com.tngtech.archunit.core.domain.JavaClass.completeMembers(JavaClass.java:1477) ~[archunit-1.3.0.jar:1.3.0]
	at com.tngtech.archunit.core.domain.DomainObjectCreationContext.completeMembers(DomainObjectCreationContext.java:96) ~[archunit-1.3.0.jar:1.3.0]
	at com.tngtech.archunit.core.importer.ClassGraphCreator.completeClasses(ClassGraphCreator.java:120) ~[archunit-1.3.0.jar:1.3.0]
	at com.tngtech.archunit.core.importer.ClassGraphCreator.complete(ClassGraphCreator.java:108) ~[archunit-1.3.0.jar:1.3.0]
	at com.tngtech.archunit.core.importer.ClassFileProcessor.process(ClassFileProcessor.java:75) ~[archunit-1.3.0.jar:1.3.0]
	at com.tngtech.archunit.core.importer.ClassFileImporter.importLocations(ClassFileImporter.java:325) ~[archunit-1.3.0.jar:1.3.0]
	at com.tngtech.archunit.junit.internal.ClassCache$CacheClassFileImporter.importClasses(ClassCache.java:126) ~[archunit-junit5-engine-1.3.0.jar:1.3.0]
	at com.tngtech.archunit.junit.internal.ClassCache$LazyJavaClasses.initialize(ClassCache.java:118) ~[archunit-junit5-engine-1.3.0.jar:1.3.0]
	at com.tngtech.archunit.junit.internal.ClassCache$LazyJavaClasses.get(ClassCache.java:107) ~[archunit-junit5-engine-1.3.0.jar:1.3.0]
	at com.tngtech.archunit.junit.internal.ClassCache.getClassesToAnalyzeFor(ClassCache.java:84) ~[archunit-junit5-engine-1.3.0.jar:1.3.0]
	at com.tngtech.archunit.junit.internal.ArchUnitTestDescriptor.lambda$createChildren$1(ArchUnitTestDescriptor.java:90) ~[archunit-junit5-engine-1.3.0.jar:1.3.0]
	at com.tngtech.archunit.junit.internal.ArchUnitTestDescriptor$ArchUnitRuleDescriptor.execute(ArchUnitTestDescriptor.java:167) ~[archunit-junit5-engine-1.3.0.jar:1.3.0]
	at com.tngtech.archunit.junit.internal.ArchUnitTestDescriptor$ArchUnitRuleDescriptor.execute(ArchUnitTestDescriptor.java:150) ~[archunit-junit5-engine-1.3.0.jar:1.3.0]
	at org.junit.platform.engine.support.hierarchical.NodeTestTask.lambda$executeRecursively$2(NodeTestTask.java:176) ~[junit-platform-engine-6.0.1.jar:6.0.1]
	at org.junit.platform.engine.support.hierarchical.ThrowableCollector.execute(ThrowableCollector.java:74) ~[junit-platform-engine-6.0.1.jar:6.0.1]
	at org.junit.platform.engine.support.hierarchical.NodeTestTask.lambda$executeRecursively$1(NodeTestTask.java:166) ~[junit-platform-engine-6.0.1.jar:6.0.1]
	at org.junit.platform.engine.support.hierarchical.Node.around(Node.java:138) ~[junit-platform-engine-6.0.1.jar:6.0.1]
	at org.junit.platform.engine.support.hierarchical.NodeTestTask.lambda$executeRecursively$0(NodeTestTask.java:164) ~[junit-platform-engine-6.0.1.jar:6.0.1]
	at org.junit.platform.engine.support.hierarchical.ThrowableCollector.execute(ThrowableCollector.java:74) ~[junit-platform-engine-6.0.1.jar:6.0.1]
	at org.junit.platform.engine.support.hierarchical.NodeTestTask.executeRecursively(NodeTestTask.java:163) ~[junit-platform-engine-6.0.1.jar:6.0.1]
	at org.junit.platform.engine.support.hierarchical.NodeTestTask.execute(NodeTestTask.java:116) ~[junit-platform-engine-6.0.1.jar:6.0.1]
	at java.base/java.util.ArrayList.forEach(ArrayList.java:1612) ~[na:na]
	at org.junit.platform.engine.support.hierarchical.SameThreadHierarchicalTestExecutorService.invokeAll(SameThreadHierarchicalTestExecutorService.java:42) ~[junit-platform-engine-6.0.1.jar:6.0.1]
	at org.junit.platform.engine.support.hierarchical.NodeTestTask.lambda$executeRecursively$2(NodeTestTask.java:180) ~[junit-platform-engine-6.0.1.jar:6.0.1]
	at org.junit.platform.engine.support.hierarchical.ThrowableCollector.execute(ThrowableCollector.java:74) ~[junit-platform-engine-6.0.1.jar:6.0.1]
	at org.junit.platform.engine.support.hierarchical.NodeTestTask.lambda$executeRecursively$1(NodeTestTask.java:166) ~[junit-platform-engine-6.0.1.jar:6.0.1]
	at org.junit.platform.engine.support.hierarchical.Node.around(Node.java:138) ~[junit-platform-engine-6.0.1.jar:6.0.1]
	at org.junit.platform.engine.support.hierarchical.NodeTestTask.lambda$executeRecursively$0(NodeTestTask.java:164) ~[junit-platform-engine-6.0.1.jar:6.0.1]
	at org.junit.platform.engine.support.hierarchical.ThrowableCollector.execute(ThrowableCollector.java:74) ~[junit-platform-engine-6.0.1.jar:6.0.1]
	at org.junit.platform.engine.support.hierarchical.NodeTestTask.executeRecursively(NodeTestTask.java:163) ~[junit-platform-engine-6.0.1.jar:6.0.1]
	at org.junit.platform.engine.support.hierarchical.NodeTestTask.execute(NodeTestTask.java:116) ~[junit-platform-engine-6.0.1.jar:6.0.1]
	at java.base/java.util.ArrayList.forEach(ArrayList.java:1612) ~[na:na]
	at org.junit.platform.engine.support.hierarchical.SameThreadHierarchicalTestExecutorService.invokeAll(SameThreadHierarchicalTestExecutorService.java:42) ~[junit-platform-engine-6.0.1.jar:6.0.1]
	at org.junit.platform.engine.support.hierarchical.NodeTestTask.lambda$executeRecursively$2(NodeTestTask.java:180) ~[junit-platform-engine-6.0.1.jar:6.0.1]
	at org.junit.platform.engine.support.hierarchical.ThrowableCollector.execute(ThrowableCollector.java:74) ~[junit-platform-engine-6.0.1.jar:6.0.1]
	at org.junit.platform.engine.support.hierarchical.NodeTestTask.lambda$executeRecursively$1(NodeTestTask.java:166) ~[junit-platform-engine-6.0.1.jar:6.0.1]
	at org.junit.platform.engine.support.hierarchical.Node.around(Node.java:138) ~[junit-platform-engine-6.0.1.jar:6.0.1]
	at org.junit.platform.engine.support.hierarchical.NodeTestTask.lambda$executeRecursively$0(NodeTestTask.java:164) ~[junit-platform-engine-6.0.1.jar:6.0.1]
	at org.junit.platform.engine.support.hierarchical.ThrowableCollector.execute(ThrowableCollector.java:74) ~[junit-platform-engine-6.0.1.jar:6.0.1]
	at org.junit.platform.engine.support.hierarchical.NodeTestTask.executeRecursively(NodeTestTask.java:163) ~[junit-platform-engine-6.0.1.jar:6.0.1]
	at org.junit.platform.engine.support.hierarchical.NodeTestTask.execute(NodeTestTask.java:116) ~[junit-platform-engine-6.0.1.jar:6.0.1]
	at org.junit.platform.engine.support.hierarchical.SameThreadHierarchicalTestExecutorService.submit(SameThreadHierarchicalTestExecutorService.java:36) ~[junit-platform-engine-6.0.1.jar:6.0.1]
	at org.junit.platform.engine.support.hierarchical.HierarchicalTestExecutor.execute(HierarchicalTestExecutor.java:52) ~[junit-platform-engine-6.0.1.jar:6.0.1]
	at org.junit.platform.engine.support.hierarchical.HierarchicalTestEngine.execute(HierarchicalTestEngine.java:58) ~[junit-platform-engine-6.0.1.jar:6.0.1]
	at org.junit.platform.launcher.core.EngineExecutionOrchestrator.executeEngine(EngineExecutionOrchestrator.java:246) ~[junit-platform-launcher-6.0.1.jar:6.0.1]
	at org.junit.platform.launcher.core.EngineExecutionOrchestrator.failOrExecuteEngine(EngineExecutionOrchestrator.java:218) ~[junit-platform-launcher-6.0.1.jar:6.0.1]
	at org.junit.platform.launcher.core.EngineExecutionOrchestrator.execute(EngineExecutionOrchestrator.java:179) ~[junit-platform-launcher-6.0.1.jar:6.0.1]
	at org.junit.platform.launcher.core.EngineExecutionOrchestrator.execute(EngineExecutionOrchestrator.java:108) ~[junit-platform-launcher-6.0.1.jar:6.0.1]
	at org.junit.platform.launcher.core.EngineExecutionOrchestrator.lambda$execute$0(EngineExecutionOrchestrator.java:66) ~[junit-platform-launcher-6.0.1.jar:6.0.1]
	at org.junit.platform.launcher.core.EngineExecutionOrchestrator.withInterceptedStreams(EngineExecutionOrchestrator.java:157) ~[junit-platform-launcher-6.0.1.jar:6.0.1]
	at org.junit.platform.launcher.core.EngineExecutionOrchestrator.execute(EngineExecutionOrchestrator.java:65) ~[junit-platform-launcher-6.0.1.jar:6.0.1]
	at org.junit.platform.launcher.core.DefaultLauncher.execute(DefaultLauncher.java:125) ~[junit-platform-launcher-6.0.1.jar:6.0.1]
	at org.junit.platform.launcher.core.DefaultLauncher.execute(DefaultLauncher.java:114) ~[junit-platform-launcher-6.0.1.jar:6.0.1]
	at org.junit.platform.launcher.core.DelegatingLauncher.execute(DelegatingLauncher.java:58) ~[junit-platform-launcher-6.0.1.jar:6.0.1]
	at org.junit.platform.launcher.core.InterceptingLauncher.lambda$execute$2(InterceptingLauncher.java:57) ~[junit-platform-launcher-6.0.1.jar:6.0.1]
	at org.junit.platform.launcher.core.ClasspathAlignmentCheckingLauncherInterceptor.intercept(ClasspathAlignmentCheckingLauncherInterceptor.java:25) ~[junit-platform-launcher-6.0.1.jar:6.0.1]
	at org.junit.platform.launcher.core.InterceptingLauncher.execute(InterceptingLauncher.java:56) ~[junit-platform-launcher-6.0.1.jar:6.0.1]
	at org.junit.platform.launcher.core.DelegatingLauncher.execute(DelegatingLauncher.java:58) ~[junit-platform-launcher-6.0.1.jar:6.0.1]
	at java.base/jdk.internal.reflect.DirectMethodHandleAccessor.invoke(DirectMethodHandleAccessor.java:104) ~[na:na]
	at java.base/java.lang.reflect.Method.invoke(Method.java:583) ~[na:na]
	at org.apache.maven.surefire.api.util.ReflectionUtils.invokeMethodWithArray(ReflectionUtils.java:125) ~[surefire-api-3.5.4.jar:3.5.4]
	at org.apache.maven.surefire.junitplatform.LauncherAdapter.executeWithCancellationToken(LauncherAdapter.java:68) ~[surefire-junit-platform-3.5.4.jar:3.5.4]
	at org.apache.maven.surefire.junitplatform.LauncherAdapter.execute(LauncherAdapter.java:54) ~[surefire-junit-platform-3.5.4.jar:3.5.4]
	at org.apache.maven.surefire.junitplatform.JUnitPlatformProvider.execute(JUnitPlatformProvider.java:203) ~[surefire-junit-platform-3.5.4.jar:3.5.4]
	at org.apache.maven.surefire.junitplatform.JUnitPlatformProvider.invokeAllTests(JUnitPlatformProvider.java:168) ~[surefire-junit-platform-3.5.4.jar:3.5.4]
	at org.apache.maven.surefire.junitplatform.JUnitPlatformProvider.invoke(JUnitPlatformProvider.java:136) ~[surefire-junit-platform-3.5.4.jar:3.5.4]
	at org.apache.maven.surefire.booter.ForkedBooter.runSuitesInProcess(ForkedBooter.java:385) ~[surefire-booter-3.5.4.jar:3.5.4]
	at org.apache.maven.surefire.booter.ForkedBooter.execute(ForkedBooter.java:162) ~[surefire-booter-3.5.4.jar:3.5.4]
	at org.apache.maven.surefire.booter.ForkedBooter.run(ForkedBooter.java:507) ~[surefire-booter-3.5.4.jar:3.5.4]
	at org.apache.maven.surefire.booter.ForkedBooter.main(ForkedBooter.java:495) ~[surefire-booter-3.5.4.jar:3.5.4]

2026-10-02T23:36:46.330+01:00  WARN 32244 --- [archunit-hexagonal] [           main] c.t.a.core.importer.ClassFileProcessor   : Error during import from jrt:/java.base/java/util/function/Function.class, falling back to simple import

java.lang.IllegalArgumentException: Unsupported class file major version 71
	at com.tngtech.archunit.thirdparty.org.objectweb.asm.ClassReader.<init>(ClassReader.java:200) ~[archunit-1.3.0.jar:1.3.0]
	at com.tngtech.archunit.thirdparty.org.objectweb.asm.ClassReader.<init>(ClassReader.java:180) ~[archunit-1.3.0.jar:1.3.0]
	at com.tngtech.archunit.thirdparty.org.objectweb.asm.ClassReader.<init>(ClassReader.java:166) ~[archunit-1.3.0.jar:1.3.0]
	at com.tngtech.archunit.thirdparty.org.objectweb.asm.ClassReader.<init>(ClassReader.java:288) ~[archunit-1.3.0.jar:1.3.0]
	at com.tngtech.archunit.core.importer.ClassFileProcessor$UriImporterOfProcessor.tryImport(ClassFileProcessor.java:350) ~[archunit-1.3.0.jar:1.3.0]
	at com.tngtech.archunit.core.importer.resolvers.ClassResolverFromClasspath.tryResolve(ClassResolverFromClasspath.java:51) ~[archunit-1.3.0.jar:1.3.0]
	at com.tngtech.archunit.core.importer.ImportedClasses.resolve(ImportedClasses.java:80) ~[archunit-1.3.0.jar:1.3.0]
	at com.tngtech.archunit.core.importer.ImportedClasses.getOrResolve(ImportedClasses.java:67) ~[archunit-1.3.0.jar:1.3.0]
	at com.tngtech.archunit.core.importer.DomainBuilders$JavaMemberBuilder.get(DomainBuilders.java:179) ~[archunit-1.3.0.jar:1.3.0]
	at com.tngtech.archunit.core.importer.DomainBuilders$JavaCodeUnitBuilder.asJavaClasses(DomainBuilders.java:329) ~[archunit-1.3.0.jar:1.3.0]
	at com.tngtech.archunit.core.importer.DomainBuilders$JavaCodeUnitBuilder.getRawParameterTypes(DomainBuilders.java:303) ~[archunit-1.3.0.jar:1.3.0]
	at com.tngtech.archunit.core.domain.JavaCodeUnit$Parameters.<init>(JavaCodeUnit.java:317) ~[archunit-1.3.0.jar:1.3.0]
	at com.tngtech.archunit.core.domain.JavaCodeUnit.<init>(JavaCodeUnit.java:82) ~[archunit-1.3.0.jar:1.3.0]
	at com.tngtech.archunit.core.domain.JavaMethod.<init>(JavaMethod.java:44) ~[archunit-1.3.0.jar:1.3.0]
	at com.tngtech.archunit.core.domain.DomainObjectCreationContext.createJavaMethod(DomainObjectCreationContext.java:144) ~[archunit-1.3.0.jar:1.3.0]
	at com.tngtech.archunit.core.importer.DomainBuilders$JavaMethodBuilder.construct(DomainBuilders.java:373) ~[archunit-1.3.0.jar:1.3.0]
	at com.tngtech.archunit.core.importer.DomainBuilders$JavaMethodBuilder.construct(DomainBuilders.java:358) ~[archunit-1.3.0.jar:1.3.0]
	at com.tngtech.archunit.core.importer.DomainBuilders$JavaMemberBuilder.build(DomainBuilders.java:206) ~[archunit-1.3.0.jar:1.3.0]
	at com.tngtech.archunit.core.importer.DomainBuilders$JavaMemberBuilder.build(DomainBuilders.java:138) ~[archunit-1.3.0.jar:1.3.0]
	at com.tngtech.archunit.core.importer.DomainBuilders$BuilderWithBuildParameter$BuildFinisher.lambda$build$0(DomainBuilders.java:892) ~[archunit-1.3.0.jar:1.3.0]
	at java.base/java.util.stream.ReferencePipeline$3$1.accept(ReferencePipeline.java:214) ~[na:na]
	at java.base/java.util.stream.ReferencePipeline$2$1.accept(ReferencePipeline.java:197) ~[na:na]
	at java.base/java.util.HashMap$KeySpliterator.forEachRemaining(HashMap.java:1741) ~[na:na]
	at java.base/java.util.stream.AbstractPipeline.copyInto(AbstractPipeline.java:570) ~[na:na]
	at java.base/java.util.stream.AbstractPipeline.wrapAndCopyInto(AbstractPipeline.java:560) ~[na:na]
	at java.base/java.util.stream.ReduceOps$ReduceOp.evaluateSequential(ReduceOps.java:921) ~[na:na]
	at java.base/java.util.stream.AbstractPipeline.evaluate(AbstractPipeline.java:265) ~[na:na]
	at java.base/java.util.stream.ReferencePipeline.collect(ReferencePipeline.java:723) ~[na:na]
	at com.tngtech.archunit.core.importer.DomainBuilders$BuilderWithBuildParameter$BuildFinisher.build(DomainBuilders.java:892) ~[archunit-1.3.0.jar:1.3.0]
	at com.tngtech.archunit.core.importer.ClassGraphCreator.createMethods(ClassGraphCreator.java:322) ~[archunit-1.3.0.jar:1.3.0]
	at com.tngtech.archunit.core.domain.JavaClassMembers.create(JavaClassMembers.java:352) ~[archunit-1.3.0.jar:1.3.0]
	at com.tngtech.archunit.core.domain.JavaClass.completeMembers(JavaClass.java:1477) ~[archunit-1.3.0.jar:1.3.0]
	at com.tngtech.archunit.core.domain.DomainObjectCreationContext.completeMembers(DomainObjectCreationContext.java:96) ~[archunit-1.3.0.jar:1.3.0]
	at com.tngtech.archunit.core.importer.ClassGraphCreator.completeClasses(ClassGraphCreator.java:120) ~[archunit-1.3.0.jar:1.3.0]
	at com.tngtech.archunit.core.importer.ClassGraphCreator.complete(ClassGraphCreator.java:108) ~[archunit-1.3.0.jar:1.3.0]
	at com.tngtech.archunit.core.importer.ClassFileProcessor.process(ClassFileProcessor.java:75) ~[archunit-1.3.0.jar:1.3.0]
	at com.tngtech.archunit.core.importer.ClassFileImporter.importLocations(ClassFileImporter.java:325) ~[archunit-1.3.0.jar:1.3.0]
	at com.tngtech.archunit.junit.internal.ClassCache$CacheClassFileImporter.importClasses(ClassCache.java:126) ~[archunit-junit5-engine-1.3.0.jar:1.3.0]
	at com.tngtech.archunit.junit.internal.ClassCache$LazyJavaClasses.initialize(ClassCache.java:118) ~[archunit-junit5-engine-1.3.0.jar:1.3.0]
	at com.tngtech.archunit.junit.internal.ClassCache$LazyJavaClasses.get(ClassCache.java:107) ~[archunit-junit5-engine-1.3.0.jar:1.3.0]
	at com.tngtech.archunit.junit.internal.ClassCache.getClassesToAnalyzeFor(ClassCache.java:84) ~[archunit-junit5-engine-1.3.0.jar:1.3.0]
	at com.tngtech.archunit.junit.internal.ArchUnitTestDescriptor.lambda$createChildren$1(ArchUnitTestDescriptor.java:90) ~[archunit-junit5-engine-1.3.0.jar:1.3.0]
	at com.tngtech.archunit.junit.internal.ArchUnitTestDescriptor$ArchUnitRuleDescriptor.execute(ArchUnitTestDescriptor.java:167) ~[archunit-junit5-engine-1.3.0.jar:1.3.0]
	at com.tngtech.archunit.junit.internal.ArchUnitTestDescriptor$ArchUnitRuleDescriptor.execute(ArchUnitTestDescriptor.java:150) ~[archunit-junit5-engine-1.3.0.jar:1.3.0]
	at org.junit.platform.engine.support.hierarchical.NodeTestTask.lambda$executeRecursively$2(NodeTestTask.java:176) ~[junit-platform-engine-6.0.1.jar:6.0.1]
	at org.junit.platform.engine.support.hierarchical.ThrowableCollector.execute(ThrowableCollector.java:74) ~[junit-platform-engine-6.0.1.jar:6.0.1]
	at org.junit.platform.engine.support.hierarchical.NodeTestTask.lambda$executeRecursively$1(NodeTestTask.java:166) ~[junit-platform-engine-6.0.1.jar:6.0.1]
	at org.junit.platform.engine.support.hierarchical.Node.around(Node.java:138) ~[junit-platform-engine-6.0.1.jar:6.0.1]
	at org.junit.platform.engine.support.hierarchical.NodeTestTask.lambda$executeRecursively$0(NodeTestTask.java:164) ~[junit-platform-engine-6.0.1.jar:6.0.1]
	at org.junit.platform.engine.support.hierarchical.ThrowableCollector.execute(ThrowableCollector.java:74) ~[junit-platform-engine-6.0.1.jar:6.0.1]
	at org.junit.platform.engine.support.hierarchical.NodeTestTask.executeRecursively(NodeTestTask.java:163) ~[junit-platform-engine-6.0.1.jar:6.0.1]
	at org.junit.platform.engine.support.hierarchical.NodeTestTask.execute(NodeTestTask.java:116) ~[junit-platform-engine-6.0.1.jar:6.0.1]
	at java.base/java.util.ArrayList.forEach(ArrayList.java:1612) ~[na:na]
	at org.junit.platform.engine.support.hierarchical.SameThreadHierarchicalTestExecutorService.invokeAll(SameThreadHierarchicalTestExecutorService.java:42) ~[junit-platform-engine-6.0.1.jar:6.0.1]
	at org.junit.platform.engine.support.hierarchical.NodeTestTask.lambda$executeRecursively$2(NodeTestTask.java:180) ~[junit-platform-engine-6.0.1.jar:6.0.1]
	at org.junit.platform.engine.support.hierarchical.ThrowableCollector.execute(ThrowableCollector.java:74) ~[junit-platform-engine-6.0.1.jar:6.0.1]
	at org.junit.platform.engine.support.hierarchical.NodeTestTask.lambda$executeRecursively$1(NodeTestTask.java:166) ~[junit-platform-engine-6.0.1.jar:6.0.1]
	at org.junit.platform.engine.support.hierarchical.Node.around(Node.java:138) ~[junit-platform-engine-6.0.1.jar:6.0.1]
	at org.junit.platform.engine.support.hierarchical.NodeTestTask.lambda$executeRecursively$0(NodeTestTask.java:164) ~[junit-platform-engine-6.0.1.jar:6.0.1]
	at org.junit.platform.engine.support.hierarchical.ThrowableCollector.execute(ThrowableCollector.java:74) ~[junit-platform-engine-6.0.1.jar:6.0.1]
	at org.junit.platform.engine.support.hierarchical.NodeTestTask.executeRecursively(NodeTestTask.java:163) ~[junit-platform-engine-6.0.1.jar:6.0.1]
	at org.junit.platform.engine.support.hierarchical.NodeTestTask.execute(NodeTestTask.java:116) ~[junit-platform-engine-6.0.1.jar:6.0.1]
	at java.base/java.util.ArrayList.forEach(ArrayList.java:1612) ~[na:na]
	at org.junit.platform.engine.support.hierarchical.SameThreadHierarchicalTestExecutorService.invokeAll(SameThreadHierarchicalTestExecutorService.java:42) ~[junit-platform-engine-6.0.1.jar:6.0.1]
	at org.junit.platform.engine.support.hierarchical.NodeTestTask.lambda$executeRecursively$2(NodeTestTask.java:180) ~[junit-platform-engine-6.0.1.jar:6.0.1]
	at org.junit.platform.engine.support.hierarchical.ThrowableCollector.execute(ThrowableCollector.java:74) ~[junit-platform-engine-6.0.1.jar:6.0.1]
	at org.junit.platform.engine.support.hierarchical.NodeTestTask.lambda$executeRecursively$1(NodeTestTask.java:166) ~[junit-platform-engine-6.0.1.jar:6.0.1]
	at org.junit.platform.engine.support.hierarchical.Node.around(Node.java:138) ~[junit-platform-engine-6.0.1.jar:6.0.1]
	at org.junit.platform.engine.support.hierarchical.NodeTestTask.lambda$executeRecursively$0(NodeTestTask.java:164) ~[junit-platform-engine-6.0.1.jar:6.0.1]
	at org.junit.platform.engine.support.hierarchical.ThrowableCollector.execute(ThrowableCollector.java:74) ~[junit-platform-engine-6.0.1.jar:6.0.1]
	at org.junit.platform.engine.support.hierarchical.NodeTestTask.executeRecursively(NodeTestTask.java:163) ~[junit-platform-engine-6.0.1.jar:6.0.1]
	at org.junit.platform.engine.support.hierarchical.NodeTestTask.execute(NodeTestTask.java:116) ~[junit-platform-engine-6.0.1.jar:6.0.1]
	at org.junit.platform.engine.support.hierarchical.SameThreadHierarchicalTestExecutorService.submit(SameThreadHierarchicalTestExecutorService.java:36) ~[junit-platform-engine-6.0.1.jar:6.0.1]
	at org.junit.platform.engine.support.hierarchical.HierarchicalTestExecutor.execute(HierarchicalTestExecutor.java:52) ~[junit-platform-engine-6.0.1.jar:6.0.1]
	at org.junit.platform.engine.support.hierarchical.HierarchicalTestEngine.execute(HierarchicalTestEngine.java:58) ~[junit-platform-engine-6.0.1.jar:6.0.1]
	at org.junit.platform.launcher.core.EngineExecutionOrchestrator.executeEngine(EngineExecutionOrchestrator.java:246) ~[junit-platform-launcher-6.0.1.jar:6.0.1]
	at org.junit.platform.launcher.core.EngineExecutionOrchestrator.failOrExecuteEngine(EngineExecutionOrchestrator.java:218) ~[junit-platform-launcher-6.0.1.jar:6.0.1]
	at org.junit.platform.launcher.core.EngineExecutionOrchestrator.execute(EngineExecutionOrchestrator.java:179) ~[junit-platform-launcher-6.0.1.jar:6.0.1]
	at org.junit.platform.launcher.core.EngineExecutionOrchestrator.execute(EngineExecutionOrchestrator.java:108) ~[junit-platform-launcher-6.0.1.jar:6.0.1]
	at org.junit.platform.launcher.core.EngineExecutionOrchestrator.lambda$execute$0(EngineExecutionOrchestrator.java:66) ~[junit-platform-launcher-6.0.1.jar:6.0.1]
	at org.junit.platform.launcher.core.EngineExecutionOrchestrator.withInterceptedStreams(EngineExecutionOrchestrator.java:157) ~[junit-platform-launcher-6.0.1.jar:6.0.1]
	at org.junit.platform.launcher.core.EngineExecutionOrchestrator.execute(EngineExecutionOrchestrator.java:65) ~[junit-platform-launcher-6.0.1.jar:6.0.1]
	at org.junit.platform.launcher.core.DefaultLauncher.execute(DefaultLauncher.java:125) ~[junit-platform-launcher-6.0.1.jar:6.0.1]
	at org.junit.platform.launcher.core.DefaultLauncher.execute(DefaultLauncher.java:114) ~[junit-platform-launcher-6.0.1.jar:6.0.1]
	at org.junit.platform.launcher.core.DelegatingLauncher.execute(DelegatingLauncher.java:58) ~[junit-platform-launcher-6.0.1.jar:6.0.1]
	at org.junit.platform.launcher.core.InterceptingLauncher.lambda$execute$2(InterceptingLauncher.java:57) ~[junit-platform-launcher-6.0.1.jar:6.0.1]
	at org.junit.platform.launcher.core.ClasspathAlignmentCheckingLauncherInterceptor.intercept(ClasspathAlignmentCheckingLauncherInterceptor.java:25) ~[junit-platform-launcher-6.0.1.jar:6.0.1]
	at org.junit.platform.launcher.core.InterceptingLauncher.execute(InterceptingLauncher.java:56) ~[junit-platform-launcher-6.0.1.jar:6.0.1]
	at org.junit.platform.launcher.core.DelegatingLauncher.execute(DelegatingLauncher.java:58) ~[junit-platform-launcher-6.0.1.jar:6.0.1]
	at java.base/jdk.internal.reflect.DirectMethodHandleAccessor.invoke(DirectMethodHandleAccessor.java:104) ~[na:na]
	at java.base/java.lang.reflect.Method.invoke(Method.java:583) ~[na:na]
	at org.apache.maven.surefire.api.util.ReflectionUtils.invokeMethodWithArray(ReflectionUtils.java:125) ~[surefire-api-3.5.4.jar:3.5.4]
	at org.apache.maven.surefire.junitplatform.LauncherAdapter.executeWithCancellationToken(LauncherAdapter.java:68) ~[surefire-junit-platform-3.5.4.jar:3.5.4]
	at org.apache.maven.surefire.junitplatform.LauncherAdapter.execute(LauncherAdapter.java:54) ~[surefire-junit-platform-3.5.4.jar:3.5.4]
	at org.apache.maven.surefire.junitplatform.JUnitPlatformProvider.execute(JUnitPlatformProvider.java:203) ~[surefire-junit-platform-3.5.4.jar:3.5.4]
	at org.apache.maven.surefire.junitplatform.JUnitPlatformProvider.invokeAllTests(JUnitPlatformProvider.java:168) ~[surefire-junit-platform-3.5.4.jar:3.5.4]
	at org.apache.maven.surefire.junitplatform.JUnitPlatformProvider.invoke(JUnitPlatformProvider.java:136) ~[surefire-junit-platform-3.5.4.jar:3.5.4]
	at org.apache.maven.surefire.booter.ForkedBooter.runSuitesInProcess(ForkedBooter.java:385) ~[surefire-booter-3.5.4.jar:3.5.4]
	at org.apache.maven.surefire.booter.ForkedBooter.execute(ForkedBooter.java:162) ~[surefire-booter-3.5.4.jar:3.5.4]
	at org.apache.maven.surefire.booter.ForkedBooter.run(ForkedBooter.java:507) ~[surefire-booter-3.5.4.jar:3.5.4]
	at org.apache.maven.surefire.booter.ForkedBooter.main(ForkedBooter.java:495) ~[surefire-booter-3.5.4.jar:3.5.4]

2026-10-02T23:36:46.349+01:00  WARN 32244 --- [archunit-hexagonal] [           main] c.t.a.core.importer.ClassFileProcessor   : Error during import from jrt:/java.base/java/net/URI.class, falling back to simple import

java.lang.IllegalArgumentException: Unsupported class file major version 71
	at com.tngtech.archunit.thirdparty.org.objectweb.asm.ClassReader.<init>(ClassReader.java:200) ~[archunit-1.3.0.jar:1.3.0]
	at com.tngtech.archunit.thirdparty.org.objectweb.asm.ClassReader.<init>(ClassReader.java:180) ~[archunit-1.3.0.jar:1.3.0]
	at com.tngtech.archunit.thirdparty.org.objectweb.asm.ClassReader.<init>(ClassReader.java:166) ~[archunit-1.3.0.jar:1.3.0]
	at com.tngtech.archunit.thirdparty.org.objectweb.asm.ClassReader.<init>(ClassReader.java:288) ~[archunit-1.3.0.jar:1.3.0]
	at com.tngtech.archunit.core.importer.ClassFileProcessor$UriImporterOfProcessor.tryImport(ClassFileProcessor.java:350) ~[archunit-1.3.0.jar:1.3.0]
	at com.tngtech.archunit.core.importer.resolvers.ClassResolverFromClasspath.tryResolve(ClassResolverFromClasspath.java:51) ~[archunit-1.3.0.jar:1.3.0]
	at com.tngtech.archunit.core.importer.ImportedClasses.resolve(ImportedClasses.java:80) ~[archunit-1.3.0.jar:1.3.0]
	at com.tngtech.archunit.core.importer.ImportedClasses.getOrResolve(ImportedClasses.java:67) ~[archunit-1.3.0.jar:1.3.0]
	at com.tngtech.archunit.core.importer.DomainBuilders$JavaMemberBuilder.get(DomainBuilders.java:179) ~[archunit-1.3.0.jar:1.3.0]
	at com.tngtech.archunit.core.importer.DomainBuilders$JavaCodeUnitBuilder.asJavaClasses(DomainBuilders.java:329) ~[archunit-1.3.0.jar:1.3.0]
	at com.tngtech.archunit.core.importer.DomainBuilders$JavaCodeUnitBuilder.getRawParameterTypes(DomainBuilders.java:303) ~[archunit-1.3.0.jar:1.3.0]
	at com.tngtech.archunit.core.domain.JavaCodeUnit$Parameters.<init>(JavaCodeUnit.java:317) ~[archunit-1.3.0.jar:1.3.0]
	at com.tngtech.archunit.core.domain.JavaCodeUnit.<init>(JavaCodeUnit.java:82) ~[archunit-1.3.0.jar:1.3.0]
	at com.tngtech.archunit.core.domain.JavaMethod.<init>(JavaMethod.java:44) ~[archunit-1.3.0.jar:1.3.0]
	at com.tngtech.archunit.core.domain.DomainObjectCreationContext.createJavaMethod(DomainObjectCreationContext.java:144) ~[archunit-1.3.0.jar:1.3.0]
	at com.tngtech.archunit.core.importer.DomainBuilders$JavaMethodBuilder.construct(DomainBuilders.java:373) ~[archunit-1.3.0.jar:1.3.0]
	at com.tngtech.archunit.core.importer.DomainBuilders$JavaMethodBuilder.construct(DomainBuilders.java:358) ~[archunit-1.3.0.jar:1.3.0]
	at com.tngtech.archunit.core.importer.DomainBuilders$JavaMemberBuilder.build(DomainBuilders.java:206) ~[archunit-1.3.0.jar:1.3.0]
	at com.tngtech.archunit.core.importer.DomainBuilders$JavaMemberBuilder.build(DomainBuilders.java:138) ~[archunit-1.3.0.jar:1.3.0]
	at com.tngtech.archunit.core.importer.DomainBuilders$BuilderWithBuildParameter$BuildFinisher.lambda$build$0(DomainBuilders.java:892) ~[archunit-1.3.0.jar:1.3.0]
	at java.base/java.util.stream.ReferencePipeline$3$1.accept(ReferencePipeline.java:214) ~[na:na]
	at java.base/java.util.stream.ReferencePipeline$2$1.accept(ReferencePipeline.java:197) ~[na:na]
	at java.base/java.util.HashMap$KeySpliterator.forEachRemaining(HashMap.java:1741) ~[na:na]
	at java.base/java.util.stream.AbstractPipeline.copyInto(AbstractPipeline.java:570) ~[na:na]
	at java.base/java.util.stream.AbstractPipeline.wrapAndCopyInto(AbstractPipeline.java:560) ~[na:na]
	at java.base/java.util.stream.ReduceOps$ReduceOp.evaluateSequential(ReduceOps.java:921) ~[na:na]
	at java.base/java.util.stream.AbstractPipeline.evaluate(AbstractPipeline.java:265) ~[na:na]
	at java.base/java.util.stream.ReferencePipeline.collect(ReferencePipeline.java:723) ~[na:na]
	at com.tngtech.archunit.core.importer.DomainBuilders$BuilderWithBuildParameter$BuildFinisher.build(DomainBuilders.java:892) ~[archunit-1.3.0.jar:1.3.0]
	at com.tngtech.archunit.core.importer.ClassGraphCreator.createMethods(ClassGraphCreator.java:322) ~[archunit-1.3.0.jar:1.3.0]
	at com.tngtech.archunit.core.domain.JavaClassMembers.create(JavaClassMembers.java:352) ~[archunit-1.3.0.jar:1.3.0]
	at com.tngtech.archunit.core.domain.JavaClass.completeMembers(JavaClass.java:1477) ~[archunit-1.3.0.jar:1.3.0]
	at com.tngtech.archunit.core.domain.DomainObjectCreationContext.completeMembers(DomainObjectCreationContext.java:96) ~[archunit-1.3.0.jar:1.3.0]
	at com.tngtech.archunit.core.importer.ClassGraphCreator.completeClasses(ClassGraphCreator.java:120) ~[archunit-1.3.0.jar:1.3.0]
	at com.tngtech.archunit.core.importer.ClassGraphCreator.complete(ClassGraphCreator.java:108) ~[archunit-1.3.0.jar:1.3.0]
	at com.tngtech.archunit.core.importer.ClassFileProcessor.process(ClassFileProcessor.java:75) ~[archunit-1.3.0.jar:1.3.0]
	at com.tngtech.archunit.core.importer.ClassFileImporter.importLocations(ClassFileImporter.java:325) ~[archunit-1.3.0.jar:1.3.0]
	at com.tngtech.archunit.junit.internal.ClassCache$CacheClassFileImporter.importClasses(ClassCache.java:126) ~[archunit-junit5-engine-1.3.0.jar:1.3.0]
	at com.tngtech.archunit.junit.internal.ClassCache$LazyJavaClasses.initialize(ClassCache.java:118) ~[archunit-junit5-engine-1.3.0.jar:1.3.0]
	at com.tngtech.archunit.junit.internal.ClassCache$LazyJavaClasses.get(ClassCache.java:107) ~[archunit-junit5-engine-1.3.0.jar:1.3.0]
	at com.tngtech.archunit.junit.internal.ClassCache.getClassesToAnalyzeFor(ClassCache.java:84) ~[archunit-junit5-engine-1.3.0.jar:1.3.0]
	at com.tngtech.archunit.junit.internal.ArchUnitTestDescriptor.lambda$createChildren$1(ArchUnitTestDescriptor.java:90) ~[archunit-junit5-engine-1.3.0.jar:1.3.0]
	at com.tngtech.archunit.junit.internal.ArchUnitTestDescriptor$ArchUnitRuleDescriptor.execute(ArchUnitTestDescriptor.java:167) ~[archunit-junit5-engine-1.3.0.jar:1.3.0]
	at com.tngtech.archunit.junit.internal.ArchUnitTestDescriptor$ArchUnitRuleDescriptor.execute(ArchUnitTestDescriptor.java:150) ~[archunit-junit5-engine-1.3.0.jar:1.3.0]
	at org.junit.platform.engine.support.hierarchical.NodeTestTask.lambda$executeRecursively$2(NodeTestTask.java:176) ~[junit-platform-engine-6.0.1.jar:6.0.1]
	at org.junit.platform.engine.support.hierarchical.ThrowableCollector.execute(ThrowableCollector.java:74) ~[junit-platform-engine-6.0.1.jar:6.0.1]
	at org.junit.platform.engine.support.hierarchical.NodeTestTask.lambda$executeRecursively$1(NodeTestTask.java:166) ~[junit-platform-engine-6.0.1.jar:6.0.1]
	at org.junit.platform.engine.support.hierarchical.Node.around(Node.java:138) ~[junit-platform-engine-6.0.1.jar:6.0.1]
	at org.junit.platform.engine.support.hierarchical.NodeTestTask.lambda$executeRecursively$0(NodeTestTask.java:164) ~[junit-platform-engine-6.0.1.jar:6.0.1]
	at org.junit.platform.engine.support.hierarchical.ThrowableCollector.execute(ThrowableCollector.java:74) ~[junit-platform-engine-6.0.1.jar:6.0.1]
	at org.junit.platform.engine.support.hierarchical.NodeTestTask.executeRecursively(NodeTestTask.java:163) ~[junit-platform-engine-6.0.1.jar:6.0.1]
	at org.junit.platform.engine.support.hierarchical.NodeTestTask.execute(NodeTestTask.java:116) ~[junit-platform-engine-6.0.1.jar:6.0.1]
	at java.base/java.util.ArrayList.forEach(ArrayList.java:1612) ~[na:na]
	at org.junit.platform.engine.support.hierarchical.SameThreadHierarchicalTestExecutorService.invokeAll(SameThreadHierarchicalTestExecutorService.java:42) ~[junit-platform-engine-6.0.1.jar:6.0.1]
	at org.junit.platform.engine.support.hierarchical.NodeTestTask.lambda$executeRecursively$2(NodeTestTask.java:180) ~[junit-platform-engine-6.0.1.jar:6.0.1]
	at org.junit.platform.engine.support.hierarchical.ThrowableCollector.execute(ThrowableCollector.java:74) ~[junit-platform-engine-6.0.1.jar:6.0.1]
	at org.junit.platform.engine.support.hierarchical.NodeTestTask.lambda$executeRecursively$1(NodeTestTask.java:166) ~[junit-platform-engine-6.0.1.jar:6.0.1]
	at org.junit.platform.engine.support.hierarchical.Node.around(Node.java:138) ~[junit-platform-engine-6.0.1.jar:6.0.1]
	at org.junit.platform.engine.support.hierarchical.NodeTestTask.lambda$executeRecursively$0(NodeTestTask.java:164) ~[junit-platform-engine-6.0.1.jar:6.0.1]
	at org.junit.platform.engine.support.hierarchical.ThrowableCollector.execute(ThrowableCollector.java:74) ~[junit-platform-engine-6.0.1.jar:6.0.1]
	at org.junit.platform.engine.support.hierarchical.NodeTestTask.executeRecursively(NodeTestTask.java:163) ~[junit-platform-engine-6.0.1.jar:6.0.1]
	at org.junit.platform.engine.support.hierarchical.NodeTestTask.execute(NodeTestTask.java:116) ~[junit-platform-engine-6.0.1.jar:6.0.1]
	at java.base/java.util.ArrayList.forEach(ArrayList.java:1612) ~[na:na]
	at org.junit.platform.engine.support.hierarchical.SameThreadHierarchicalTestExecutorService.invokeAll(SameThreadHierarchicalTestExecutorService.java:42) ~[junit-platform-engine-6.0.1.jar:6.0.1]
	at org.junit.platform.engine.support.hierarchical.NodeTestTask.lambda$executeRecursively$2(NodeTestTask.java:180) ~[junit-platform-engine-6.0.1.jar:6.0.1]
	at org.junit.platform.engine.support.hierarchical.ThrowableCollector.execute(ThrowableCollector.java:74) ~[junit-platform-engine-6.0.1.jar:6.0.1]
	at org.junit.platform.engine.support.hierarchical.NodeTestTask.lambda$executeRecursively$1(NodeTestTask.java:166) ~[junit-platform-engine-6.0.1.jar:6.0.1]
	at org.junit.platform.engine.support.hierarchical.Node.around(Node.java:138) ~[junit-platform-engine-6.0.1.jar:6.0.1]
	at org.junit.platform.engine.support.hierarchical.NodeTestTask.lambda$executeRecursively$0(NodeTestTask.java:164) ~[junit-platform-engine-6.0.1.jar:6.0.1]
	at org.junit.platform.engine.support.hierarchical.ThrowableCollector.execute(ThrowableCollector.java:74) ~[junit-platform-engine-6.0.1.jar:6.0.1]
	at org.junit.platform.engine.support.hierarchical.NodeTestTask.executeRecursively(NodeTestTask.java:163) ~[junit-platform-engine-6.0.1.jar:6.0.1]
	at org.junit.platform.engine.support.hierarchical.NodeTestTask.execute(NodeTestTask.java:116) ~[junit-platform-engine-6.0.1.jar:6.0.1]
	at org.junit.platform.engine.support.hierarchical.SameThreadHierarchicalTestExecutorService.submit(SameThreadHierarchicalTestExecutorService.java:36) ~[junit-platform-engine-6.0.1.jar:6.0.1]
	at org.junit.platform.engine.support.hierarchical.HierarchicalTestExecutor.execute(HierarchicalTestExecutor.java:52) ~[junit-platform-engine-6.0.1.jar:6.0.1]
	at org.junit.platform.engine.support.hierarchical.HierarchicalTestEngine.execute(HierarchicalTestEngine.java:58) ~[junit-platform-engine-6.0.1.jar:6.0.1]
	at org.junit.platform.launcher.core.EngineExecutionOrchestrator.executeEngine(EngineExecutionOrchestrator.java:246) ~[junit-platform-launcher-6.0.1.jar:6.0.1]
	at org.junit.platform.launcher.core.EngineExecutionOrchestrator.failOrExecuteEngine(EngineExecutionOrchestrator.java:218) ~[junit-platform-launcher-6.0.1.jar:6.0.1]
	at org.junit.platform.launcher.core.EngineExecutionOrchestrator.execute(EngineExecutionOrchestrator.java:179) ~[junit-platform-launcher-6.0.1.jar:6.0.1]
	at org.junit.platform.launcher.core.EngineExecutionOrchestrator.execute(EngineExecutionOrchestrator.java:108) ~[junit-platform-launcher-6.0.1.jar:6.0.1]
	at org.junit.platform.launcher.core.EngineExecutionOrchestrator.lambda$execute$0(EngineExecutionOrchestrator.java:66) ~[junit-platform-launcher-6.0.1.jar:6.0.1]
	at org.junit.platform.launcher.core.EngineExecutionOrchestrator.withInterceptedStreams(EngineExecutionOrchestrator.java:157) ~[junit-platform-launcher-6.0.1.jar:6.0.1]
	at org.junit.platform.launcher.core.EngineExecutionOrchestrator.execute(EngineExecutionOrchestrator.java:65) ~[junit-platform-launcher-6.0.1.jar:6.0.1]
	at org.junit.platform.launcher.core.DefaultLauncher.execute(DefaultLauncher.java:125) ~[junit-platform-launcher-6.0.1.jar:6.0.1]
	at org.junit.platform.launcher.core.DefaultLauncher.execute(DefaultLauncher.java:114) ~[junit-platform-launcher-6.0.1.jar:6.0.1]
	at org.junit.platform.launcher.core.DelegatingLauncher.execute(DelegatingLauncher.java:58) ~[junit-platform-launcher-6.0.1.jar:6.0.1]
	at org.junit.platform.launcher.core.InterceptingLauncher.lambda$execute$2(InterceptingLauncher.java:57) ~[junit-platform-launcher-6.0.1.jar:6.0.1]
	at org.junit.platform.launcher.core.ClasspathAlignmentCheckingLauncherInterceptor.intercept(ClasspathAlignmentCheckingLauncherInterceptor.java:25) ~[junit-platform-launcher-6.0.1.jar:6.0.1]
	at org.junit.platform.launcher.core.InterceptingLauncher.execute(InterceptingLauncher.java:56) ~[junit-platform-launcher-6.0.1.jar:6.0.1]
	at org.junit.platform.launcher.core.DelegatingLauncher.execute(DelegatingLauncher.java:58) ~[junit-platform-launcher-6.0.1.jar:6.0.1]
	at java.base/jdk.internal.reflect.DirectMethodHandleAccessor.invoke(DirectMethodHandleAccessor.java:104) ~[na:na]
	at java.base/java.lang.reflect.Method.invoke(Method.java:583) ~[na:na]
	at org.apache.maven.surefire.api.util.ReflectionUtils.invokeMethodWithArray(ReflectionUtils.java:125) ~[surefire-api-3.5.4.jar:3.5.4]
	at org.apache.maven.surefire.junitplatform.LauncherAdapter.executeWithCancellationToken(LauncherAdapter.java:68) ~[surefire-junit-platform-3.5.4.jar:3.5.4]
	at org.apache.maven.surefire.junitplatform.LauncherAdapter.execute(LauncherAdapter.java:54) ~[surefire-junit-platform-3.5.4.jar:3.5.4]
	at org.apache.maven.surefire.junitplatform.JUnitPlatformProvider.execute(JUnitPlatformProvider.java:203) ~[surefire-junit-platform-3.5.4.jar:3.5.4]
	at org.apache.maven.surefire.junitplatform.JUnitPlatformProvider.invokeAllTests(JUnitPlatformProvider.java:168) ~[surefire-junit-platform-3.5.4.jar:3.5.4]
	at org.apache.maven.surefire.junitplatform.JUnitPlatformProvider.invoke(JUnitPlatformProvider.java:136) ~[surefire-junit-platform-3.5.4.jar:3.5.4]
	at org.apache.maven.surefire.booter.ForkedBooter.runSuitesInProcess(ForkedBooter.java:385) ~[surefire-booter-3.5.4.jar:3.5.4]
	at org.apache.maven.surefire.booter.ForkedBooter.execute(ForkedBooter.java:162) ~[surefire-booter-3.5.4.jar:3.5.4]
	at org.apache.maven.surefire.booter.ForkedBooter.run(ForkedBooter.java:507) ~[surefire-booter-3.5.4.jar:3.5.4]
	at org.apache.maven.surefire.booter.ForkedBooter.main(ForkedBooter.java:495) ~[surefire-booter-3.5.4.jar:3.5.4]

2026-10-02T23:36:46.355+01:00  WARN 32244 --- [archunit-hexagonal] [           main] c.t.a.core.importer.ClassFileProcessor   : Error during import from jrt:/java.base/java/lang/reflect/Type.class, falling back to simple import

java.lang.IllegalArgumentException: Unsupported class file major version 71
	at com.tngtech.archunit.thirdparty.org.objectweb.asm.ClassReader.<init>(ClassReader.java:200) ~[archunit-1.3.0.jar:1.3.0]
	at com.tngtech.archunit.thirdparty.org.objectweb.asm.ClassReader.<init>(ClassReader.java:180) ~[archunit-1.3.0.jar:1.3.0]
	at com.tngtech.archunit.thirdparty.org.objectweb.asm.ClassReader.<init>(ClassReader.java:166) ~[archunit-1.3.0.jar:1.3.0]
	at com.tngtech.archunit.thirdparty.org.objectweb.asm.ClassReader.<init>(ClassReader.java:288) ~[archunit-1.3.0.jar:1.3.0]
	at com.tngtech.archunit.core.importer.ClassFileProcessor$UriImporterOfProcessor.tryImport(ClassFileProcessor.java:350) ~[archunit-1.3.0.jar:1.3.0]
	at com.tngtech.archunit.core.importer.resolvers.ClassResolverFromClasspath.tryResolve(ClassResolverFromClasspath.java:51) ~[archunit-1.3.0.jar:1.3.0]
	at com.tngtech.archunit.core.importer.ImportedClasses.resolve(ImportedClasses.java:80) ~[archunit-1.3.0.jar:1.3.0]
	at com.tngtech.archunit.core.importer.ImportedClasses.getOrResolve(ImportedClasses.java:67) ~[archunit-1.3.0.jar:1.3.0]
	at com.tngtech.archunit.core.importer.DomainBuilders$JavaMemberBuilder.get(DomainBuilders.java:179) ~[archunit-1.3.0.jar:1.3.0]
	at com.tngtech.archunit.core.importer.DomainBuilders$JavaCodeUnitBuilder.getRawReturnType(DomainBuilders.java:289) ~[archunit-1.3.0.jar:1.3.0]
	at com.tngtech.archunit.core.domain.JavaCodeUnit$ReturnType.<init>(JavaCodeUnit.java:367) ~[archunit-1.3.0.jar:1.3.0]
	at com.tngtech.archunit.core.domain.JavaCodeUnit.<init>(JavaCodeUnit.java:81) ~[archunit-1.3.0.jar:1.3.0]
	at com.tngtech.archunit.core.domain.JavaMethod.<init>(JavaMethod.java:44) ~[archunit-1.3.0.jar:1.3.0]
	at com.tngtech.archunit.core.domain.DomainObjectCreationContext.createJavaMethod(DomainObjectCreationContext.java:144) ~[archunit-1.3.0.jar:1.3.0]
	at com.tngtech.archunit.core.importer.DomainBuilders$JavaMethodBuilder.construct(DomainBuilders.java:373) ~[archunit-1.3.0.jar:1.3.0]
	at com.tngtech.archunit.core.importer.DomainBuilders$JavaMethodBuilder.construct(DomainBuilders.java:358) ~[archunit-1.3.0.jar:1.3.0]
	at com.tngtech.archunit.core.importer.DomainBuilders$JavaMemberBuilder.build(DomainBuilders.java:206) ~[archunit-1.3.0.jar:1.3.0]
	at com.tngtech.archunit.core.importer.DomainBuilders$JavaMemberBuilder.build(DomainBuilders.java:138) ~[archunit-1.3.0.jar:1.3.0]
	at com.tngtech.archunit.core.importer.DomainBuilders$BuilderWithBuildParameter$BuildFinisher.lambda$build$0(DomainBuilders.java:892) ~[archunit-1.3.0.jar:1.3.0]
	at java.base/java.util.stream.ReferencePipeline$3$1.accept(ReferencePipeline.java:214) ~[na:na]
	at java.base/java.util.stream.ReferencePipeline$2$1.accept(ReferencePipeline.java:197) ~[na:na]
	at java.base/java.util.HashMap$KeySpliterator.forEachRemaining(HashMap.java:1741) ~[na:na]
	at java.base/java.util.stream.AbstractPipeline.copyInto(AbstractPipeline.java:570) ~[na:na]
	at java.base/java.util.stream.AbstractPipeline.wrapAndCopyInto(AbstractPipeline.java:560) ~[na:na]
	at java.base/java.util.stream.ReduceOps$ReduceOp.evaluateSequential(ReduceOps.java:921) ~[na:na]
	at java.base/java.util.stream.AbstractPipeline.evaluate(AbstractPipeline.java:265) ~[na:na]
	at java.base/java.util.stream.ReferencePipeline.collect(ReferencePipeline.java:723) ~[na:na]
	at com.tngtech.archunit.core.importer.DomainBuilders$BuilderWithBuildParameter$BuildFinisher.build(DomainBuilders.java:892) ~[archunit-1.3.0.jar:1.3.0]
	at com.tngtech.archunit.core.importer.ClassGraphCreator.createMethods(ClassGraphCreator.java:322) ~[archunit-1.3.0.jar:1.3.0]
	at com.tngtech.archunit.core.domain.JavaClassMembers.create(JavaClassMembers.java:352) ~[archunit-1.3.0.jar:1.3.0]
	at com.tngtech.archunit.core.domain.JavaClass.completeMembers(JavaClass.java:1477) ~[archunit-1.3.0.jar:1.3.0]
	at com.tngtech.archunit.core.domain.DomainObjectCreationContext.completeMembers(DomainObjectCreationContext.java:96) ~[archunit-1.3.0.jar:1.3.0]
	at com.tngtech.archunit.core.importer.ClassGraphCreator.completeClasses(ClassGraphCreator.java:120) ~[archunit-1.3.0.jar:1.3.0]
	at com.tngtech.archunit.core.importer.ClassGraphCreator.complete(ClassGraphCreator.java:108) ~[archunit-1.3.0.jar:1.3.0]
	at com.tngtech.archunit.core.importer.ClassFileProcessor.process(ClassFileProcessor.java:75) ~[archunit-1.3.0.jar:1.3.0]
	at com.tngtech.archunit.core.importer.ClassFileImporter.importLocations(ClassFileImporter.java:325) ~[archunit-1.3.0.jar:1.3.0]
	at com.tngtech.archunit.junit.internal.ClassCache$CacheClassFileImporter.importClasses(ClassCache.java:126) ~[archunit-junit5-engine-1.3.0.jar:1.3.0]
	at com.tngtech.archunit.junit.internal.ClassCache$LazyJavaClasses.initialize(ClassCache.java:118) ~[archunit-junit5-engine-1.3.0.jar:1.3.0]
	at com.tngtech.archunit.junit.internal.ClassCache$LazyJavaClasses.get(ClassCache.java:107) ~[archunit-junit5-engine-1.3.0.jar:1.3.0]
	at com.tngtech.archunit.junit.internal.ClassCache.getClassesToAnalyzeFor(ClassCache.java:84) ~[archunit-junit5-engine-1.3.0.jar:1.3.0]
	at com.tngtech.archunit.junit.internal.ArchUnitTestDescriptor.lambda$createChildren$1(ArchUnitTestDescriptor.java:90) ~[archunit-junit5-engine-1.3.0.jar:1.3.0]
	at com.tngtech.archunit.junit.internal.ArchUnitTestDescriptor$ArchUnitRuleDescriptor.execute(ArchUnitTestDescriptor.java:167) ~[archunit-junit5-engine-1.3.0.jar:1.3.0]
	at com.tngtech.archunit.junit.internal.ArchUnitTestDescriptor$ArchUnitRuleDescriptor.execute(ArchUnitTestDescriptor.java:150) ~[archunit-junit5-engine-1.3.0.jar:1.3.0]
	at org.junit.platform.engine.support.hierarchical.NodeTestTask.lambda$executeRecursively$2(NodeTestTask.java:176) ~[junit-platform-engine-6.0.1.jar:6.0.1]
	at org.junit.platform.engine.support.hierarchical.ThrowableCollector.execute(ThrowableCollector.java:74) ~[junit-platform-engine-6.0.1.jar:6.0.1]
	at org.junit.platform.engine.support.hierarchical.NodeTestTask.lambda$executeRecursively$1(NodeTestTask.java:166) ~[junit-platform-engine-6.0.1.jar:6.0.1]
	at org.junit.platform.engine.support.hierarchical.Node.around(Node.java:138) ~[junit-platform-engine-6.0.1.jar:6.0.1]
	at org.junit.platform.engine.support.hierarchical.NodeTestTask.lambda$executeRecursively$0(NodeTestTask.java:164) ~[junit-platform-engine-6.0.1.jar:6.0.1]
	at org.junit.platform.engine.support.hierarchical.ThrowableCollector.execute(ThrowableCollector.java:74) ~[junit-platform-engine-6.0.1.jar:6.0.1]
	at org.junit.platform.engine.support.hierarchical.NodeTestTask.executeRecursively(NodeTestTask.java:163) ~[junit-platform-engine-6.0.1.jar:6.0.1]
	at org.junit.platform.engine.support.hierarchical.NodeTestTask.execute(NodeTestTask.java:116) ~[junit-platform-engine-6.0.1.jar:6.0.1]
	at java.base/java.util.ArrayList.forEach(ArrayList.java:1612) ~[na:na]
	at org.junit.platform.engine.support.hierarchical.SameThreadHierarchicalTestExecutorService.invokeAll(SameThreadHierarchicalTestExecutorService.java:42) ~[junit-platform-engine-6.0.1.jar:6.0.1]
	at org.junit.platform.engine.support.hierarchical.NodeTestTask.lambda$executeRecursively$2(NodeTestTask.java:180) ~[junit-platform-engine-6.0.1.jar:6.0.1]
	at org.junit.platform.engine.support.hierarchical.ThrowableCollector.execute(ThrowableCollector.java:74) ~[junit-platform-engine-6.0.1.jar:6.0.1]
	at org.junit.platform.engine.support.hierarchical.NodeTestTask.lambda$executeRecursively$1(NodeTestTask.java:166) ~[junit-platform-engine-6.0.1.jar:6.0.1]
	at org.junit.platform.engine.support.hierarchical.Node.around(Node.java:138) ~[junit-platform-engine-6.0.1.jar:6.0.1]
	at org.junit.platform.engine.support.hierarchical.NodeTestTask.lambda$executeRecursively$0(NodeTestTask.java:164) ~[junit-platform-engine-6.0.1.jar:6.0.1]
	at org.junit.platform.engine.support.hierarchical.ThrowableCollector.execute(ThrowableCollector.java:74) ~[junit-platform-engine-6.0.1.jar:6.0.1]
	at org.junit.platform.engine.support.hierarchical.NodeTestTask.executeRecursively(NodeTestTask.java:163) ~[junit-platform-engine-6.0.1.jar:6.0.1]
	at org.junit.platform.engine.support.hierarchical.NodeTestTask.execute(NodeTestTask.java:116) ~[junit-platform-engine-6.0.1.jar:6.0.1]
	at java.base/java.util.ArrayList.forEach(ArrayList.java:1612) ~[na:na]
	at org.junit.platform.engine.support.hierarchical.SameThreadHierarchicalTestExecutorService.invokeAll(SameThreadHierarchicalTestExecutorService.java:42) ~[junit-platform-engine-6.0.1.jar:6.0.1]
	at org.junit.platform.engine.support.hierarchical.NodeTestTask.lambda$executeRecursively$2(NodeTestTask.java:180) ~[junit-platform-engine-6.0.1.jar:6.0.1]
	at org.junit.platform.engine.support.hierarchical.ThrowableCollector.execute(ThrowableCollector.java:74) ~[junit-platform-engine-6.0.1.jar:6.0.1]
	at org.junit.platform.engine.support.hierarchical.NodeTestTask.lambda$executeRecursively$1(NodeTestTask.java:166) ~[junit-platform-engine-6.0.1.jar:6.0.1]
	at org.junit.platform.engine.support.hierarchical.Node.around(Node.java:138) ~[junit-platform-engine-6.0.1.jar:6.0.1]
	at org.junit.platform.engine.support.hierarchical.NodeTestTask.lambda$executeRecursively$0(NodeTestTask.java:164) ~[junit-platform-engine-6.0.1.jar:6.0.1]
	at org.junit.platform.engine.support.hierarchical.ThrowableCollector.execute(ThrowableCollector.java:74) ~[junit-platform-engine-6.0.1.jar:6.0.1]
	at org.junit.platform.engine.support.hierarchical.NodeTestTask.executeRecursively(NodeTestTask.java:163) ~[junit-platform-engine-6.0.1.jar:6.0.1]
	at org.junit.platform.engine.support.hierarchical.NodeTestTask.execute(NodeTestTask.java:116) ~[junit-platform-engine-6.0.1.jar:6.0.1]
	at org.junit.platform.engine.support.hierarchical.SameThreadHierarchicalTestExecutorService.submit(SameThreadHierarchicalTestExecutorService.java:36) ~[junit-platform-engine-6.0.1.jar:6.0.1]
	at org.junit.platform.engine.support.hierarchical.HierarchicalTestExecutor.execute(HierarchicalTestExecutor.java:52) ~[junit-platform-engine-6.0.1.jar:6.0.1]
	at org.junit.platform.engine.support.hierarchical.HierarchicalTestEngine.execute(HierarchicalTestEngine.java:58) ~[junit-platform-engine-6.0.1.jar:6.0.1]
	at org.junit.platform.launcher.core.EngineExecutionOrchestrator.executeEngine(EngineExecutionOrchestrator.java:246) ~[junit-platform-launcher-6.0.1.jar:6.0.1]
	at org.junit.platform.launcher.core.EngineExecutionOrchestrator.failOrExecuteEngine(EngineExecutionOrchestrator.java:218) ~[junit-platform-launcher-6.0.1.jar:6.0.1]
	at org.junit.platform.launcher.core.EngineExecutionOrchestrator.execute(EngineExecutionOrchestrator.java:179) ~[junit-platform-launcher-6.0.1.jar:6.0.1]
	at org.junit.platform.launcher.core.EngineExecutionOrchestrator.execute(EngineExecutionOrchestrator.java:108) ~[junit-platform-launcher-6.0.1.jar:6.0.1]
	at org.junit.platform.launcher.core.EngineExecutionOrchestrator.lambda$execute$0(EngineExecutionOrchestrator.java:66) ~[junit-platform-launcher-6.0.1.jar:6.0.1]
	at org.junit.platform.launcher.core.EngineExecutionOrchestrator.withInterceptedStreams(EngineExecutionOrchestrator.java:157) ~[junit-platform-launcher-6.0.1.jar:6.0.1]
	at org.junit.platform.launcher.core.EngineExecutionOrchestrator.execute(EngineExecutionOrchestrator.java:65) ~[junit-platform-launcher-6.0.1.jar:6.0.1]
	at org.junit.platform.launcher.core.DefaultLauncher.execute(DefaultLauncher.java:125) ~[junit-platform-launcher-6.0.1.jar:6.0.1]
	at org.junit.platform.launcher.core.DefaultLauncher.execute(DefaultLauncher.java:114) ~[junit-platform-launcher-6.0.1.jar:6.0.1]
	at org.junit.platform.launcher.core.DelegatingLauncher.execute(DelegatingLauncher.java:58) ~[junit-platform-launcher-6.0.1.jar:6.0.1]
	at org.junit.platform.launcher.core.InterceptingLauncher.lambda$execute$2(InterceptingLauncher.java:57) ~[junit-platform-launcher-6.0.1.jar:6.0.1]
	at org.junit.platform.launcher.core.ClasspathAlignmentCheckingLauncherInterceptor.intercept(ClasspathAlignmentCheckingLauncherInterceptor.java:25) ~[junit-platform-launcher-6.0.1.jar:6.0.1]
	at org.junit.platform.launcher.core.InterceptingLauncher.execute(InterceptingLauncher.java:56) ~[junit-platform-launcher-6.0.1.jar:6.0.1]
	at org.junit.platform.launcher.core.DelegatingLauncher.execute(DelegatingLauncher.java:58) ~[junit-platform-launcher-6.0.1.jar:6.0.1]
	at java.base/jdk.internal.reflect.DirectMethodHandleAccessor.invoke(DirectMethodHandleAccessor.java:104) ~[na:na]
	at java.base/java.lang.reflect.Method.invoke(Method.java:583) ~[na:na]
	at org.apache.maven.surefire.api.util.ReflectionUtils.invokeMethodWithArray(ReflectionUtils.java:125) ~[surefire-api-3.5.4.jar:3.5.4]
	at org.apache.maven.surefire.junitplatform.LauncherAdapter.executeWithCancellationToken(LauncherAdapter.java:68) ~[surefire-junit-platform-3.5.4.jar:3.5.4]
	at org.apache.maven.surefire.junitplatform.LauncherAdapter.execute(LauncherAdapter.java:54) ~[surefire-junit-platform-3.5.4.jar:3.5.4]
	at org.apache.maven.surefire.junitplatform.JUnitPlatformProvider.execute(JUnitPlatformProvider.java:203) ~[surefire-junit-platform-3.5.4.jar:3.5.4]
	at org.apache.maven.surefire.junitplatform.JUnitPlatformProvider.invokeAllTests(JUnitPlatformProvider.java:168) ~[surefire-junit-platform-3.5.4.jar:3.5.4]
	at org.apache.maven.surefire.junitplatform.JUnitPlatformProvider.invoke(JUnitPlatformProvider.java:136) ~[surefire-junit-platform-3.5.4.jar:3.5.4]
	at org.apache.maven.surefire.booter.ForkedBooter.runSuitesInProcess(ForkedBooter.java:385) ~[surefire-booter-3.5.4.jar:3.5.4]
	at org.apache.maven.surefire.booter.ForkedBooter.execute(ForkedBooter.java:162) ~[surefire-booter-3.5.4.jar:3.5.4]
	at org.apache.maven.surefire.booter.ForkedBooter.run(ForkedBooter.java:507) ~[surefire-booter-3.5.4.jar:3.5.4]
	at org.apache.maven.surefire.booter.ForkedBooter.main(ForkedBooter.java:495) ~[surefire-booter-3.5.4.jar:3.5.4]

[INFO] Tests run: 4, Failures: 0, Errors: 0, Skipped: 0, Time elapsed: 1.963 s -- in com.webcodein.workshop.architecture.hexagonal.ArchitectureTest
[INFO] 
[INFO] Results:
[INFO] 
[INFO] Tests run: 5, Failures: 0, Errors: 0, Skipped: 0
[INFO] 
[INFO] 
[INFO] --- jar:3.4.2:jar (default-jar) @ archunit-hexagonal ---
[INFO] Building jar: C:\Users\salaheddine.tobok\IdeaProjects\learn.webcodein.com\workshop\architecture\archunit-hexagonal-architecture-spring-boot\target\archunit-hexagonal-1.0.0-SNAPSHOT.jar
[INFO] 
[INFO] --- spring-boot:4.0.0:repackage (repackage) @ archunit-hexagonal ---
[INFO] Replacing main artifact C:\Users\salaheddine.tobok\IdeaProjects\learn.webcodein.com\workshop\architecture\archunit-hexagonal-architecture-spring-boot\target\archunit-hexagonal-1.0.0-SNAPSHOT.jar with repackaged archive, adding nested dependencies in BOOT-INF/.
[INFO] The original artifact has been renamed to C:\Users\salaheddine.tobok\IdeaProjects\learn.webcodein.com\workshop\architecture\archunit-hexagonal-architecture-spring-boot\target\archunit-hexagonal-1.0.0-SNAPSHOT.jar.original
[INFO] ------------------------------------------------------------------------
[INFO] BUILD SUCCESS
[INFO] ------------------------------------------------------------------------
[INFO] Total time:  19.754 s
[INFO] Finished at: 2026-10-02T23:36:47+01:00
[INFO] ------------------------------------------------------------------------
